alert_id,transaction_id,sender_account,receiver_account,transaction_amount,final_risk_score,risk_level,alert_type,alert_generated_at,recommended_action,alert_status
ALT000001,T000022,A0296,A0353,172030,94.75,HIGH,Critical Fraud Alert,2025-01-01 09:01:00,Block Transaction,Open
ALT000002,T000023,A0475,A0004,114731,92.34,HIGH,Critical Fraud Alert,2025-01-01 09:02:00,Block Transaction,Under Review
ALT000003,T000032,A0069,A0057,307440,76.0,HIGH,Medium Risk Alert,2025-01-01 09:03:00,Monitor,Resolved
ALT000004,T000117,A0171,A0104,133706,80.0,HIGH,High Risk Alert,2025-01-01 09:04:00,Manual Review,Open
ALT000005,T000181,A0269,A0021,171974,80.75,HIGH,High Risk Alert,2025-01-01 09:05:00,Manual Review,Open
ALT000006,T000223,A0081,A0483,123174,90.25,HIGH,Critical Fraud Alert,2025-01-01 09:06:00,Block Transaction,Under Review
ALT000007,T000249,A0282,A0238,75688,83.49,HIGH,High Risk Alert,2025-01-01 09:07:00,Manual Review,Under Review
ALT000008,T000254,A0256,A0006,440888,75.0,HIGH,Medium Risk Alert,2025-01-01 09:08:00,Monitor,Open
ALT000009,T000261,A0231,A0299,96585,92.72,HIGH,Critical Fraud Alert,2025-01-01 09:09:00,Block Transaction,Under Review
ALT000010,T000267,A0493,A0188,175188,78.25,HIGH,Medium Risk Alert,2025-01-01 09:10:00,Monitor,Under Review
ALT000011,T000293,A0161,A0347,173008,93.75,HIGH,Critical Fraud Alert,2025-01-01 09:11:00,Block Transaction,Open
ALT000012,T000315,A0477,A0315,310866,84.5,HIGH,High Risk Alert,2025-01-01 09:12:00,Manual Review,Open
ALT000013,T000354,A0262,A0079,185425,89.16,HIGH,High Risk Alert,2025-01-01 09:13:00,Manual Review,Open
ALT000014,T000365,A0406,A0050,440959,76.75,HIGH,Medium Risk Alert,2025-01-01 09:14:00,Monitor,Resolved
ALT000015,T000371,A0153,A0265,287317,76.5,HIGH,Medium Risk Alert,2025-01-01 09:15:00,Monitor,Open
ALT000016,T000446,A0060,A0145,350562,75.75,HIGH,Medium Risk Alert,2025-01-01 09:16:00,Monitor,Resolved
ALT000017,T000471,A0413,A0024,99241,79.34,HIGH,Medium Risk Alert,2025-01-01 09:17:00,Monitor,Open
ALT000018,T000473,A0351,A0433,77370,80.43,HIGH,High Risk Alert,2025-01-01 09:18:00,Manual Review,Resolved
ALT000019,T000482,A0083,A0394,119551,91.75,HIGH,Critical Fraud Alert,2025-01-01 09:19:00,Block Transaction,Under Review
ALT000020,T000489,A0458,A0375,303483,76.75,HIGH,Medium Risk Alert,2025-01-01 09:20:00,Monitor,Under Review
ALT000021,T000500,A0114,A0108,78469,79.81,HIGH,Medium Risk Alert,2025-01-01 09:21:00,Monitor,Open
ALT000022,T000612,A0051,A0491,90616,93.25,HIGH,Critical Fraud Alert,2025-01-01 09:22:00,Block Transaction,Open
ALT000023,T000690,A0380,A0011,197198,90.75,HIGH,Critical Fraud Alert,2025-01-01 09:23:00,Block Transaction,Open
ALT000024,T000714,A0272,A0024,52937,76.51,HIGH,Medium Risk Alert,2025-01-01 09:24:00,Monitor,Under Review
ALT000025,T000748,A0181,A0394,156194,87.72,HIGH,High Risk Alert,2025-01-01 09:25:00,Manual Review,Open
ALT000026,T000758,A0378,A0341,225015,76.0,HIGH,Medium Risk Alert,2025-01-01 09:26:00,Monitor,Open
ALT000027,T000797,A0133,A0483,72820,75.89,HIGH,Medium Risk Alert,2025-01-01 09:27:00,Monitor,Resolved
ALT000028,T000848,A0023,A0344,161653,92.5,HIGH,Critical Fraud Alert,2025-01-01 09:28:00,Block Transaction,Under Review
ALT000029,T000865,A0066,A0457,83462,81.08,HIGH,High Risk Alert,2025-01-01 09:29:00,Manual Review,Open
ALT000030,T000896,A0203,A0109,194215,91.5,HIGH,Critical Fraud Alert,2025-01-01 09:30:00,Block Transaction,Open
ALT000031,T000946,A0430,A0024,151403,90.25,HIGH,Critical Fraud Alert,2025-01-01 09:31:00,Block Transaction,Open
ALT000032,T000962,A0105,A0344,79343,77.6,HIGH,Medium Risk Alert,2025-01-01 09:32:00,Monitor,Resolved
ALT000033,T000965,A0140,A0271,263542,77.5,HIGH,Medium Risk Alert,2025-01-01 09:33:00,Monitor,Open
ALT000034,T000980,A0111,A0465,90556,93.0,HIGH,Critical Fraud Alert,2025-01-01 09:34:00,Block Transaction,Open
ALT000035,T000982,A0333,A0465,69319,78.71,HIGH,Medium Risk Alert,2025-01-01 09:35:00,Monitor,Open
ALT000036,T001041,A0333,A0024,86942,82.44,HIGH,High Risk Alert,2025-01-01 09:36:00,Manual Review,Open
ALT000037,T001118,A0342,A0108,185594,89.5,HIGH,High Risk Alert,2025-01-01 09:37:00,Manual Review,Under Review
ALT000038,T001124,A0034,A0079,131916,89.0,HIGH,High Risk Alert,2025-01-01 09:38:00,Manual Review,Resolved
ALT000039,T001149,A0199,A0238,65814,91.0,HIGH,Critical Fraud Alert,2025-01-01 09:39:00,Block Transaction,Under Review
ALT000040,T001201,A0007,A0011,67425,91.75,HIGH,Critical Fraud Alert,2025-01-01 09:40:00,Block Transaction,Under Review
ALT000041,T001222,A0340,A0141,179768,76.75,HIGH,Medium Risk Alert,2025-01-01 09:41:00,Monitor,Open
ALT000042,T001228,A0400,A0237,95804,86.7,HIGH,High Risk Alert,2025-01-01 09:42:00,Manual Review,Open
ALT000043,T001274,A0258,A0394,119579,91.5,HIGH,Critical Fraud Alert,2025-01-01 09:43:00,Block Transaction,Open
ALT000044,T001276,A0315,A0395,219122,76.0,HIGH,Medium Risk Alert,2025-01-01 09:44:00,Monitor,Open
ALT000045,T001316,A0283,A0344,167386,90.0,HIGH,Critical Fraud Alert,2025-01-01 09:45:00,Block Transaction,Under Review
ALT000046,T001317,A0223,A0238,124647,94.25,HIGH,Critical Fraud Alert,2025-01-01 09:46:00,Block Transaction,Resolved
ALT000047,T001366,A0006,A0126,227845,77.0,HIGH,Medium Risk Alert,2025-01-01 09:47:00,Monitor,Under Review
ALT000048,T001367,A0466,A0481,303634,78.75,HIGH,Medium Risk Alert,2025-01-01 09:48:00,Monitor,Under Review
ALT000049,T001374,A0191,A0443,91556,88.62,HIGH,High Risk Alert,2025-01-01 09:49:00,Manual Review,Under Review
ALT000050,T001376,A0438,A0353,108639,89.04,HIGH,High Risk Alert,2025-01-01 09:50:00,Manual Review,Open
ALT000051,T001390,A0438,A0220,59743,82.03,HIGH,High Risk Alert,2025-01-01 09:51:00,Manual Review,Open
ALT000052,T001428,A0151,A0483,191101,90.0,HIGH,Critical Fraud Alert,2025-01-01 09:52:00,Block Transaction,Open
ALT000053,T001433,A0164,A0234,174013,84.47,HIGH,High Risk Alert,2025-01-01 09:53:00,Manual Review,Under Review
ALT000054,T001484,A0112,A0238,162344,89.5,HIGH,High Risk Alert,2025-01-01 09:54:00,Manual Review,Resolved
ALT000055,T001517,A0499,A0191,405545,75.25,HIGH,Medium Risk Alert,2025-01-01 09:55:00,Monitor,Under Review
ALT000056,T001549,A0386,A0353,173081,86.39,HIGH,High Risk Alert,2025-01-01 09:56:00,Manual Review,Open
ALT000057,T001596,A0058,A0443,143776,90.5,HIGH,Critical Fraud Alert,2025-01-01 09:57:00,Block Transaction,Under Review
ALT000058,T001597,A0385,A0465,106858,94.0,HIGH,Critical Fraud Alert,2025-01-01 09:58:00,Block Transaction,Under Review
ALT000059,T001604,A0086,A0443,114678,94.0,HIGH,Critical Fraud Alert,2025-01-01 09:59:00,Block Transaction,Open
ALT000060,T001673,A0366,A0238,142045,84.02,HIGH,High Risk Alert,2025-01-01 10:00:00,Manual Review,Open
ALT000061,T001695,A0338,A0177,198371,94.75,HIGH,Critical Fraud Alert,2025-01-01 10:01:00,Block Transaction,Resolved
ALT000062,T001785,A0316,A0088,171484,94.25,HIGH,Critical Fraud Alert,2025-01-01 10:02:00,Block Transaction,Open
ALT000063,T001841,A0134,A0347,162373,91.0,HIGH,Critical Fraud Alert,2025-01-01 10:03:00,Block Transaction,Under Review
ALT000064,T001856,A0395,A0056,96112,91.07,HIGH,Critical Fraud Alert,2025-01-01 10:04:00,Block Transaction,Open
ALT000065,T001879,A0460,A0344,54734,75.37,HIGH,Medium Risk Alert,2025-01-01 10:05:00,Monitor,Open
ALT000066,T001959,A0094,A0220,199694,90.0,HIGH,Critical Fraud Alert,2025-01-01 10:06:00,Block Transaction,Open
ALT000067,T001977,A0183,A0353,181630,89.0,HIGH,High Risk Alert,2025-01-01 10:07:00,Manual Review,Under Review
ALT000068,T002010,A0149,A0394,72893,84.09,HIGH,High Risk Alert,2025-01-01 10:08:00,Manual Review,Open
ALT000069,T002017,A0486,A0257,86691,78.41,HIGH,Medium Risk Alert,2025-01-01 10:09:00,Monitor,Under Review
ALT000070,T002032,A0421,A0205,153800,80.75,HIGH,High Risk Alert,2025-01-01 10:10:00,Manual Review,Open
ALT000071,T002148,A0284,A0004,97868,94.0,HIGH,Critical Fraud Alert,2025-01-01 10:11:00,Block Transaction,Open
ALT000072,T002183,A0078,A0109,103626,77.2,HIGH,Medium Risk Alert,2025-01-01 10:12:00,Monitor,Under Review
ALT000073,T002201,A0410,A0457,101566,88.57,HIGH,High Risk Alert,2025-01-01 10:13:00,Manual Review,Open
ALT000074,T002222,A0293,A0056,60357,79.66,HIGH,Medium Risk Alert,2025-01-01 10:14:00,Monitor,Open
ALT000075,T002289,A0258,A0365,203147,75.25,HIGH,Medium Risk Alert,2025-01-01 10:15:00,Monitor,Under Review
ALT000076,T002316,A0405,A0065,165971,89.75,HIGH,High Risk Alert,2025-01-01 10:16:00,Manual Review,Open
ALT000077,T002317,A0075,A0308,128084,93.5,HIGH,Critical Fraud Alert,2025-01-01 10:17:00,Block Transaction,Open
ALT000078,T002360,A0331,A0483,180578,90.5,HIGH,Critical Fraud Alert,2025-01-01 10:18:00,Block Transaction,Resolved
ALT000079,T002409,A0039,A0254,138283,89.5,HIGH,High Risk Alert,2025-01-01 10:19:00,Manual Review,Open
ALT000080,T002422,A0479,A0433,125078,89.25,HIGH,High Risk Alert,2025-01-01 10:20:00,Manual Review,Resolved
ALT000081,T002466,A0457,A0254,183698,76.91,HIGH,Medium Risk Alert,2025-01-01 10:21:00,Monitor,Open
ALT000082,T002511,A0130,A0108,112464,92.22,HIGH,Critical Fraud Alert,2025-01-01 10:22:00,Block Transaction,Resolved
ALT000083,T002516,A0396,A0088,169087,92.75,HIGH,Critical Fraud Alert,2025-01-01 10:23:00,Block Transaction,Open
ALT000084,T002521,A0169,A0433,59691,86.56,HIGH,High Risk Alert,2025-01-01 10:24:00,Manual Review,Open
ALT000085,T002618,A0066,A0024,72811,78.16,HIGH,Medium Risk Alert,2025-01-01 10:25:00,Monitor,Under Review
ALT000086,T002672,A0290,A0491,81028,89.16,HIGH,High Risk Alert,2025-01-01 10:26:00,Manual Review,Open
ALT000087,T002685,A0125,A0056,138137,91.75,HIGH,Critical Fraud Alert,2025-01-01 10:27:00,Block Transaction,Under Review
ALT000088,T002702,A0380,A0237,187107,91.25,HIGH,Critical Fraud Alert,2025-01-01 10:28:00,Block Transaction,Open
ALT000089,T002707,A0346,A0257,58725,88.75,HIGH,High Risk Alert,2025-01-01 10:29:00,Manual Review,Open
ALT000090,T002711,A0060,A0433,110700,94.5,HIGH,Critical Fraud Alert,2025-01-01 10:30:00,Block Transaction,Open
ALT000091,T002725,A0424,A0394,54471,82.47,HIGH,High Risk Alert,2025-01-01 10:31:00,Manual Review,Under Review
ALT000092,T002795,A0249,A0056,149802,94.5,HIGH,Critical Fraud Alert,2025-01-01 10:32:00,Block Transaction,Open
ALT000093,T002813,A0448,A0308,99482,92.0,HIGH,Critical Fraud Alert,2025-01-01 10:33:00,Block Transaction,Open
ALT000094,T002826,A0271,A0234,151082,92.0,HIGH,Critical Fraud Alert,2025-01-01 10:34:00,Block Transaction,Open
ALT000095,T002832,A0007,A0237,72163,92.5,HIGH,Critical Fraud Alert,2025-01-01 10:35:00,Block Transaction,Resolved
ALT000096,T002842,A0251,A0319,352236,78.0,HIGH,Medium Risk Alert,2025-01-01 10:36:00,Monitor,Under Review
ALT000097,T002845,A0154,A0094,263185,78.0,HIGH,Medium Risk Alert,2025-01-01 10:37:00,Monitor,Under Review
ALT000098,T002909,A0070,A0299,176521,92.75,HIGH,Critical Fraud Alert,2025-01-01 10:38:00,Block Transaction,Open
ALT000099,T002913,A0430,A0443,156485,91.5,HIGH,Critical Fraud Alert,2025-01-01 10:39:00,Block Transaction,Under Review
ALT000100,T003021,A0144,A0257,87343,84.64,HIGH,High Risk Alert,2025-01-01 10:40:00,Manual Review,Under Review
ALT000101,T003062,A0482,A0445,202675,77.5,HIGH,Medium Risk Alert,2025-01-01 10:41:00,Monitor,Under Review
ALT000102,T003143,A0478,A0254,168743,94.75,HIGH,Critical Fraud Alert,2025-01-01 10:42:00,Block Transaction,Open
ALT000103,T003173,A0317,A0443,179389,89.25,HIGH,High Risk Alert,2025-01-01 10:43:00,Manual Review,Open
ALT000104,T003184,A0081,A0108,98423,89.55,HIGH,High Risk Alert,2025-01-01 10:44:00,Manual Review,Under Review
ALT000105,T003185,A0052,A0024,175101,83.38,HIGH,High Risk Alert,2025-01-01 10:45:00,Manual Review,Under Review
ALT000106,T003235,A0368,A0079,134885,87.2,HIGH,High Risk Alert,2025-01-01 10:46:00,Manual Review,Resolved
ALT000107,T003295,A0373,A0088,85407,92.64,HIGH,Critical Fraud Alert,2025-01-01 10:47:00,Block Transaction,Open
ALT000108,T003349,A0132,A0433,112118,80.26,HIGH,High Risk Alert,2025-01-01 10:48:00,Manual Review,Under Review
ALT000109,T003410,A0116,A0353,151316,87.7,HIGH,High Risk Alert,2025-01-01 10:49:00,Manual Review,Open
ALT000110,T003437,A0094,A0237,175371,93.75,HIGH,Critical Fraud Alert,2025-01-01 10:50:00,Block Transaction,Open
ALT000111,T003511,A0319,A0098,212449,77.0,HIGH,Medium Risk Alert,2025-01-01 10:51:00,Monitor,Resolved
ALT000112,T003538,A0300,A0321,205346,75.0,HIGH,Medium Risk Alert,2025-01-01 10:52:00,Monitor,Under Review
ALT000113,T003543,A0255,A0249,172328,75.74,HIGH,Medium Risk Alert,2025-01-01 10:53:00,Monitor,Open
ALT000114,T003562,A0286,A0394,180571,92.75,HIGH,Critical Fraud Alert,2025-01-01 10:54:00,Block Transaction,Open
ALT000115,T003595,A0132,A0080,494406,80.25,HIGH,High Risk Alert,2025-01-01 10:55:00,Manual Review,Under Review
ALT000116,T003612,A0006,A0347,146933,84.18,HIGH,High Risk Alert,2025-01-01 10:56:00,Manual Review,Under Review
ALT000117,T003661,A0437,A0011,124565,91.5,HIGH,Critical Fraud Alert,2025-01-01 10:57:00,Block Transaction,Under Review
ALT000118,T003669,A0434,A0056,129760,92.0,HIGH,Critical Fraud Alert,2025-01-01 10:58:00,Block Transaction,Open
ALT000119,T003727,A0434,A0394,170478,91.5,HIGH,Critical Fraud Alert,2025-01-01 10:59:00,Block Transaction,Under Review
ALT000120,T003730,A0478,A0285,111987,84.12,HIGH,High Risk Alert,2025-01-01 11:00:00,Manual Review,Resolved
ALT000121,T003741,A0002,A0491,91830,89.0,HIGH,High Risk Alert,2025-01-01 11:01:00,Manual Review,Under Review
ALT000122,T003754,A0376,A0097,218717,76.75,HIGH,Medium Risk Alert,2025-01-01 11:02:00,Monitor,Open
ALT000123,T003765,A0079,A0024,192594,75.39,HIGH,Medium Risk Alert,2025-01-01 11:03:00,Monitor,Open
ALT000124,T003828,A0332,A0200,249569,75.5,HIGH,Medium Risk Alert,2025-01-01 11:04:00,Monitor,Under Review
ALT000125,T003831,A0366,A0130,318272,80.75,HIGH,High Risk Alert,2025-01-01 11:05:00,Manual Review,Open
ALT000126,T003842,A0275,A0254,187342,91.0,HIGH,Critical Fraud Alert,2025-01-01 11:06:00,Block Transaction,Under Review
ALT000127,T003875,A0207,A0443,166531,91.25,HIGH,Critical Fraud Alert,2025-01-01 11:07:00,Block Transaction,Open
ALT000128,T003980,A0351,A0238,131696,90.0,HIGH,Critical Fraud Alert,2025-01-01 11:08:00,Block Transaction,Open
ALT000129,T003984,A0315,A0007,229721,77.75,HIGH,Medium Risk Alert,2025-01-01 11:09:00,Monitor,Resolved
ALT000130,T004015,A0398,A0108,123236,90.25,HIGH,Critical Fraud Alert,2025-01-01 11:10:00,Block Transaction,Open
ALT000131,T004024,A0047,A0335,170524,75.25,HIGH,Medium Risk Alert,2025-01-01 11:11:00,Monitor,Under Review
ALT000132,T004041,A0133,A0299,182096,91.5,HIGH,Critical Fraud Alert,2025-01-01 11:12:00,Block Transaction,Open
ALT000133,T004043,A0128,A0047,267994,77.5,HIGH,Medium Risk Alert,2025-01-01 11:13:00,Monitor,Under Review
ALT000134,T004054,A0233,A0220,124414,90.0,HIGH,Critical Fraud Alert,2025-01-01 11:14:00,Block Transaction,Under Review
ALT000135,T004115,A0205,A0299,53654,75.27,HIGH,Medium Risk Alert,2025-01-01 11:15:00,Monitor,Under Review
ALT000136,T004205,A0143,A0353,63373,86.29,HIGH,High Risk Alert,2025-01-01 11:16:00,Manual Review,Under Review
ALT000137,T004218,A0054,A0011,61613,84.87,HIGH,High Risk Alert,2025-01-01 11:17:00,Manual Review,Open
ALT000138,T004233,A0289,A0308,150389,93.68,HIGH,Critical Fraud Alert,2025-01-01 11:18:00,Block Transaction,Resolved
ALT000139,T004264,A0288,A0299,116757,91.0,HIGH,Critical Fraud Alert,2025-01-01 11:19:00,Block Transaction,Under Review
ALT000140,T004266,A0054,A0012,380061,79.25,HIGH,Medium Risk Alert,2025-01-01 11:20:00,Monitor,Open
ALT000141,T004324,A0114,A0257,65027,76.9,HIGH,Medium Risk Alert,2025-01-01 11:21:00,Monitor,Open
ALT000142,T004327,A0214,A0075,245592,79.25,HIGH,Medium Risk Alert,2025-01-01 11:22:00,Monitor,Open
ALT000143,T004328,A0328,A0457,191346,75.56,HIGH,Medium Risk Alert,2025-01-01 11:23:00,Monitor,Resolved
ALT000144,T004333,A0313,A0024,170888,90.5,HIGH,Critical Fraud Alert,2025-01-01 11:24:00,Block Transaction,Open
ALT000145,T004334,A0350,A0356,166165,75.0,HIGH,Medium Risk Alert,2025-01-01 11:25:00,Monitor,Open
ALT000146,T004372,A0357,A0088,180398,93.25,HIGH,Critical Fraud Alert,2025-01-01 11:26:00,Block Transaction,Under Review
ALT000147,T004417,A0418,A0147,354804,81.75,HIGH,High Risk Alert,2025-01-01 11:27:00,Manual Review,Open
ALT000148,T004423,A0160,A0200,343682,77.25,HIGH,Medium Risk Alert,2025-01-01 11:28:00,Monitor,Open
ALT000149,T004426,A0354,A0004,93760,89.25,HIGH,High Risk Alert,2025-01-01 11:29:00,Manual Review,Open
ALT000150,T004433,A0387,A0308,179521,94.75,HIGH,Critical Fraud Alert,2025-01-01 11:30:00,Block Transaction,Under Review
ALT000151,T004489,A0263,A0491,156226,90.0,HIGH,Critical Fraud Alert,2025-01-01 11:31:00,Block Transaction,Under Review
ALT000152,T004597,A0169,A0004,97326,89.25,HIGH,High Risk Alert,2025-01-01 11:32:00,Manual Review,Open
ALT000153,T004679,A0146,A0108,134079,92.25,HIGH,Critical Fraud Alert,2025-01-01 11:33:00,Block Transaction,Open
ALT000154,T004680,A0055,A0237,112960,90.56,HIGH,Critical Fraud Alert,2025-01-01 11:34:00,Block Transaction,Open
ALT000155,T004726,A0045,A0491,146404,89.03,HIGH,High Risk Alert,2025-01-01 11:35:00,Manual Review,Under Review
ALT000156,T004728,A0185,A0257,135511,92.25,HIGH,Critical Fraud Alert,2025-01-01 11:36:00,Block Transaction,Resolved
ALT000157,T004821,A0228,A0238,163267,89.75,HIGH,High Risk Alert,2025-01-01 11:37:00,Manual Review,Open
ALT000158,T004875,A0077,A0177,157138,90.25,HIGH,Critical Fraud Alert,2025-01-01 11:38:00,Block Transaction,Open
ALT000159,T004933,A0078,A0347,83682,79.3,HIGH,Medium Risk Alert,2025-01-01 11:39:00,Monitor,Open
ALT000160,T004992,A0296,A0177,129332,85.39,HIGH,High Risk Alert,2025-01-01 11:40:00,Manual Review,Resolved
ALT000161,T005009,A0162,A0326,291384,77.25,HIGH,Medium Risk Alert,2025-01-01 11:41:00,Monitor,Open
ALT000162,T005010,A0404,A0238,189399,91.0,HIGH,Critical Fraud Alert,2025-01-01 11:42:00,Block Transaction,Open
ALT000163,T005025,A0335,A0240,293067,75.5,HIGH,Medium Risk Alert,2025-01-01 11:43:00,Monitor,Under Review
ALT000164,T005027,A0235,A0177,89991,91.25,HIGH,Critical Fraud Alert,2025-01-01 11:44:00,Block Transaction,Resolved
ALT000165,T005050,A0486,A0238,117227,82.22,HIGH,High Risk Alert,2025-01-01 11:45:00,Manual Review,Open
ALT000166,T005060,A0156,A0108,57961,83.16,HIGH,High Risk Alert,2025-01-01 11:46:00,Manual Review,Open
ALT000167,T005094,A0279,A0079,198182,89.75,HIGH,High Risk Alert,2025-01-01 11:47:00,Manual Review,Open
ALT000168,T005149,A0334,A0237,161466,92.0,HIGH,Critical Fraud Alert,2025-01-01 11:48:00,Block Transaction,Open
ALT000169,T005183,A0264,A0394,57219,89.44,HIGH,High Risk Alert,2025-01-01 11:49:00,Manual Review,Open
ALT000170,T005210,A0329,A0104,308189,77.0,HIGH,Medium Risk Alert,2025-01-01 11:50:00,Monitor,Under Review
ALT000171,T005244,A0104,A0145,454270,77.75,HIGH,Medium Risk Alert,2025-01-01 11:51:00,Monitor,Open
ALT000172,T005245,A0127,A0238,107663,92.25,HIGH,Critical Fraud Alert,2025-01-01 11:52:00,Block Transaction,Open
ALT000173,T005372,A0213,A0240,423121,79.75,HIGH,Medium Risk Alert,2025-01-01 11:53:00,Monitor,Under Review
ALT000174,T005377,A0185,A0238,52913,81.04,HIGH,High Risk Alert,2025-01-01 11:54:00,Manual Review,Resolved
ALT000175,T005432,A0153,A0344,191147,89.5,HIGH,High Risk Alert,2025-01-01 11:55:00,Manual Review,Open
ALT000176,T005475,A0134,A0079,130585,92.5,HIGH,Critical Fraud Alert,2025-01-01 11:56:00,Block Transaction,Under Review
ALT000177,T005499,A0489,A0088,74663,91.5,HIGH,Critical Fraud Alert,2025-01-01 11:57:00,Block Transaction,Open
ALT000178,T005513,A0134,A0457,73038,89.8,HIGH,High Risk Alert,2025-01-01 11:58:00,Manual Review,Open
ALT000179,T005519,A0129,A0056,89447,80.81,HIGH,High Risk Alert,2025-01-01 11:59:00,Manual Review,Open
ALT000180,T005573,A0229,A0491,102212,82.91,HIGH,High Risk Alert,2025-01-01 12:00:00,Manual Review,Under Review
ALT000181,T005605,A0239,A0021,290181,79.5,HIGH,Medium Risk Alert,2025-01-01 12:01:00,Monitor,Under Review
ALT000182,T005608,A0168,A0465,130449,91.75,HIGH,Critical Fraud Alert,2025-01-01 12:02:00,Block Transaction,Under Review
ALT000183,T005680,A0148,A0079,124118,82.02,HIGH,High Risk Alert,2025-01-01 12:03:00,Manual Review,Open
ALT000184,T005715,A0273,A0220,72479,79.43,HIGH,Medium Risk Alert,2025-01-01 12:04:00,Monitor,Under Review
ALT000185,T005759,A0403,A0156,183269,77.5,HIGH,Medium Risk Alert,2025-01-01 12:05:00,Monitor,Open
ALT000186,T005763,A0064,A0458,176339,76.5,HIGH,Medium Risk Alert,2025-01-01 12:06:00,Monitor,Resolved
ALT000187,T005786,A0294,A0254,95682,78.04,HIGH,Medium Risk Alert,2025-01-01 12:07:00,Monitor,Resolved
ALT000188,T005866,A0310,A0394,93437,79.76,HIGH,Medium Risk Alert,2025-01-01 12:08:00,Monitor,Open
ALT000189,T005932,A0274,A0465,185170,90.66,HIGH,Critical Fraud Alert,2025-01-01 12:09:00,Block Transaction,Open
ALT000190,T005939,A0008,A0056,115851,89.0,HIGH,High Risk Alert,2025-01-01 12:10:00,Manual Review,Open
ALT000191,T005944,A0365,A0177,60137,81.05,HIGH,High Risk Alert,2025-01-01 12:11:00,Manual Review,Open
ALT000192,T006004,A0053,A0394,196069,94.5,HIGH,Critical Fraud Alert,2025-01-01 12:12:00,Block Transaction,Under Review
ALT000193,T006017,A0083,A0353,191816,91.5,HIGH,Critical Fraud Alert,2025-01-01 12:13:00,Block Transaction,Open
ALT000194,T006104,A0426,A0234,155972,92.25,HIGH,Critical Fraud Alert,2025-01-01 12:14:00,Block Transaction,Open
ALT000195,T006154,A0356,A0056,152881,91.0,HIGH,Critical Fraud Alert,2025-01-01 12:15:00,Block Transaction,Under Review
ALT000196,T006163,A0269,A0114,423100,77.75,HIGH,Medium Risk Alert,2025-01-01 12:16:00,Monitor,Open
ALT000197,T006189,A0440,A0024,117081,81.73,HIGH,High Risk Alert,2025-01-01 12:17:00,Manual Review,Resolved
ALT000198,T006211,A0458,A0433,128140,83.62,HIGH,High Risk Alert,2025-01-01 12:18:00,Manual Review,Open
ALT000199,T006273,A0186,A0257,65310,79.5,HIGH,Medium Risk Alert,2025-01-01 12:19:00,Monitor,Resolved
ALT000200,T006291,A0420,A0443,171855,90.5,HIGH,Critical Fraud Alert,2025-01-01 12:20:00,Block Transaction,Open
ALT000201,T006329,A0466,A0056,121210,86.27,HIGH,High Risk Alert,2025-01-01 12:21:00,Manual Review,Open
ALT000202,T006355,A0352,A0099,370747,77.0,HIGH,Medium Risk Alert,2025-01-01 12:22:00,Monitor,Resolved
ALT000203,T006370,A0386,A0394,153656,84.47,HIGH,High Risk Alert,2025-01-01 12:23:00,Manual Review,Open
ALT000204,T006389,A0201,A0079,151549,89.75,HIGH,High Risk Alert,2025-01-01 12:24:00,Manual Review,Under Review
ALT000205,T006391,A0367,A0405,388025,77.0,HIGH,Medium Risk Alert,2025-01-01 12:25:00,Monitor,Resolved
ALT000206,T006425,A0095,A0353,105536,89.75,HIGH,High Risk Alert,2025-01-01 12:26:00,Manual Review,Open
ALT000207,T006451,A0448,A0238,156088,93.0,HIGH,Critical Fraud Alert,2025-01-01 12:27:00,Block Transaction,Open
ALT000208,T006489,A0096,A0238,157781,92.5,HIGH,Critical Fraud Alert,2025-01-01 12:28:00,Block Transaction,Under Review
ALT000209,T006507,A0458,A0130,389158,78.0,HIGH,Medium Risk Alert,2025-01-01 12:29:00,Monitor,Open
ALT000210,T006553,A0248,A0024,184130,89.82,HIGH,High Risk Alert,2025-01-01 12:30:00,Manual Review,Resolved
ALT000211,T006593,A0214,A0483,195350,90.5,HIGH,Critical Fraud Alert,2025-01-01 12:31:00,Block Transaction,Under Review
ALT000212,T006608,A0262,A0079,151493,89.03,HIGH,High Risk Alert,2025-01-01 12:32:00,Manual Review,Open
ALT000213,T006714,A0334,A0254,185785,91.5,HIGH,Critical Fraud Alert,2025-01-01 12:33:00,Block Transaction,Open
ALT000214,T006754,A0209,A0299,391265,91.5,HIGH,Critical Fraud Alert,2025-01-01 12:34:00,Block Transaction,Under Review
ALT000215,T006781,A0500,A0065,115430,86.29,HIGH,High Risk Alert,2025-01-01 12:35:00,Manual Review,Open
ALT000216,T006805,A0218,A0177,83953,92.0,HIGH,Critical Fraud Alert,2025-01-01 12:36:00,Block Transaction,Under Review
ALT000217,T006811,A0413,A0328,152283,86.11,HIGH,High Risk Alert,2025-01-01 12:37:00,Manual Review,Open
ALT000218,T006831,A0341,A0056,179365,89.25,HIGH,High Risk Alert,2025-01-01 12:38:00,Manual Review,Open
ALT000219,T006845,A0464,A0353,62469,86.03,HIGH,High Risk Alert,2025-01-01 12:39:00,Manual Review,Open
ALT000220,T006971,A0273,A0237,193028,90.75,HIGH,Critical Fraud Alert,2025-01-01 12:40:00,Block Transaction,Under Review
ALT000221,T007042,A0250,A0108,54427,93.5,HIGH,Critical Fraud Alert,2025-01-01 12:41:00,Block Transaction,Under Review
ALT000222,T007043,A0426,A0433,135824,91.5,HIGH,Critical Fraud Alert,2025-01-01 12:42:00,Block Transaction,Under Review
ALT000223,T007060,A0480,A0238,158204,89.25,HIGH,High Risk Alert,2025-01-01 12:43:00,Manual Review,Under Review
ALT000224,T007081,A0160,A0177,55703,78.38,HIGH,Medium Risk Alert,2025-01-01 12:44:00,Monitor,Open
ALT000225,T007116,A0493,A0483,180486,92.25,HIGH,Critical Fraud Alert,2025-01-01 12:45:00,Block Transaction,Under Review
ALT000226,T007171,A0410,A0491,191673,93.25,HIGH,Critical Fraud Alert,2025-01-01 12:46:00,Block Transaction,Open
ALT000227,T007238,A0468,A0147,384489,79.25,HIGH,Medium Risk Alert,2025-01-01 12:47:00,Monitor,Resolved
ALT000228,T007242,A0496,A0308,166633,92.5,HIGH,Critical Fraud Alert,2025-01-01 12:48:00,Block Transaction,Open
ALT000229,T007262,A0008,A0021,393302,79.5,HIGH,Medium Risk Alert,2025-01-01 12:49:00,Monitor,Resolved
ALT000230,T007322,A0309,A0024,142961,90.5,HIGH,Critical Fraud Alert,2025-01-01 12:50:00,Block Transaction,Open
ALT000231,T007323,A0064,A0032,420053,75.75,HIGH,Medium Risk Alert,2025-01-01 12:51:00,Monitor,Under Review
ALT000232,T007340,A0208,A0011,141457,86.91,HIGH,High Risk Alert,2025-01-01 12:52:00,Manual Review,Open
ALT000233,T007372,A0188,A0483,173883,92.5,HIGH,Critical Fraud Alert,2025-01-01 12:53:00,Block Transaction,Open
ALT000234,T007387,A0017,A0257,91380,78.09,HIGH,Medium Risk Alert,2025-01-01 12:54:00,Monitor,Under Review
ALT000235,T007425,A0374,A0089,239829,76.25,HIGH,Medium Risk Alert,2025-01-01 12:55:00,Monitor,Under Review
ALT000236,T007474,A0158,A0004,66070,75.65,HIGH,Medium Risk Alert,2025-01-01 12:56:00,Monitor,Open
ALT000237,T007522,A0096,A0065,110123,87.78,HIGH,High Risk Alert,2025-01-01 12:57:00,Manual Review,Open
ALT000238,T007586,A0467,A0237,105678,94.75,HIGH,Critical Fraud Alert,2025-01-01 12:58:00,Block Transaction,Under Review
ALT000239,T007595,A0416,A0252,228874,83.75,HIGH,High Risk Alert,2025-01-01 12:59:00,Manual Review,Under Review
ALT000240,T007639,A0059,A0079,176500,91.0,HIGH,Critical Fraud Alert,2025-01-01 13:00:00,Block Transaction,Under Review
ALT000241,T007670,A0137,A0237,106929,89.75,HIGH,High Risk Alert,2025-01-01 13:01:00,Manual Review,Open
ALT000242,T007686,A0169,A0257,150977,90.0,HIGH,Critical Fraud Alert,2025-01-01 13:02:00,Block Transaction,Resolved
ALT000243,T007763,A0448,A0433,66027,86.73,HIGH,High Risk Alert,2025-01-01 13:03:00,Manual Review,Under Review
ALT000244,T007783,A0304,A0158,463388,75.75,HIGH,Medium Risk Alert,2025-01-01 13:04:00,Monitor,Under Review
ALT000245,T007790,A0251,A0234,184749,94.25,HIGH,Critical Fraud Alert,2025-01-01 13:05:00,Block Transaction,Under Review
ALT000246,T007794,A0107,A0353,109510,91.04,HIGH,Critical Fraud Alert,2025-01-01 13:06:00,Block Transaction,Resolved
ALT000247,T007830,A0105,A0104,469053,77.0,HIGH,Medium Risk Alert,2025-01-01 13:07:00,Monitor,Resolved
ALT000248,T007869,A0055,A0483,114653,89.92,HIGH,High Risk Alert,2025-01-01 13:08:00,Manual Review,Under Review
ALT000249,T008003,A0263,A0237,149951,93.73,HIGH,Critical Fraud Alert,2025-01-01 13:09:00,Block Transaction,Open
ALT000250,T008140,A0227,A0344,120550,89.5,HIGH,High Risk Alert,2025-01-01 13:10:00,Manual Review,Open
ALT000251,T008173,A0262,A0249,356911,82.5,HIGH,High Risk Alert,2025-01-01 13:11:00,Manual Review,Under Review
ALT000252,T008190,A0440,A0108,153562,88.1,HIGH,High Risk Alert,2025-01-01 13:12:00,Manual Review,Under Review
ALT000253,T008193,A0436,A0088,162191,92.0,HIGH,Critical Fraud Alert,2025-01-01 13:13:00,Block Transaction,Under Review
ALT000254,T008212,A0243,A0234,64347,93.75,HIGH,Critical Fraud Alert,2025-01-01 13:14:00,Block Transaction,Open
ALT000255,T008237,A0001,A0433,52432,89.0,HIGH,High Risk Alert,2025-01-01 13:15:00,Manual Review,Open
ALT000256,T008263,A0446,A0472,193129,76.5,HIGH,Medium Risk Alert,2025-01-01 13:16:00,Monitor,Under Review
ALT000257,T008310,A0425,A0308,279687,90.5,HIGH,Critical Fraud Alert,2025-01-01 13:17:00,Block Transaction,Open
ALT000258,T008316,A0009,A0050,184892,81.5,HIGH,High Risk Alert,2025-01-01 13:18:00,Manual Review,Under Review
ALT000259,T008340,A0039,A0024,93638,85.84,HIGH,High Risk Alert,2025-01-01 13:19:00,Manual Review,Open
ALT000260,T008385,A0212,A0344,76106,88.04,HIGH,High Risk Alert,2025-01-01 13:20:00,Manual Review,Open
ALT000261,T008426,A0222,A0257,105101,81.76,HIGH,High Risk Alert,2025-01-01 13:21:00,Manual Review,Resolved
ALT000262,T008443,A0494,A0394,54236,86.52,HIGH,High Risk Alert,2025-01-01 13:22:00,Manual Review,Open
ALT000263,T008446,A0092,A0024,182626,90.0,HIGH,Critical Fraud Alert,2025-01-01 13:23:00,Block Transaction,Open
ALT000264,T008486,A0023,A0177,170775,89.75,HIGH,High Risk Alert,2025-01-01 13:24:00,Manual Review,Open
ALT000265,T008535,A0371,A0056,149637,91.63,HIGH,Critical Fraud Alert,2025-01-01 13:25:00,Block Transaction,Under Review
ALT000266,T008537,A0349,A0278,455070,85.5,HIGH,High Risk Alert,2025-01-01 13:26:00,Manual Review,Under Review
ALT000267,T008539,A0313,A0394,151523,89.5,HIGH,High Risk Alert,2025-01-01 13:27:00,Manual Review,Resolved
ALT000268,T008577,A0093,A0465,171733,89.25,HIGH,High Risk Alert,2025-01-01 13:28:00,Manual Review,Under Review
ALT000269,T008611,A0071,A0004,164859,92.5,HIGH,Critical Fraud Alert,2025-01-01 13:29:00,Block Transaction,Under Review
ALT000270,T008648,A0402,A0080,395939,78.5,HIGH,Medium Risk Alert,2025-01-01 13:30:00,Monitor,Under Review
ALT000271,T008738,A0388,A0238,134866,90.75,HIGH,Critical Fraud Alert,2025-01-01 13:31:00,Block Transaction,Resolved
ALT000272,T008763,A0116,A0353,488988,92.5,HIGH,Critical Fraud Alert,2025-01-01 13:32:00,Block Transaction,Under Review
ALT000273,T008800,A0454,A0257,96110,94.0,HIGH,Critical Fraud Alert,2025-01-01 13:33:00,Block Transaction,Under Review
ALT000274,T008808,A0410,A0079,107007,93.25,HIGH,Critical Fraud Alert,2025-01-01 13:34:00,Block Transaction,Under Review
ALT000275,T008897,A0448,A0134,265297,75.25,HIGH,Medium Risk Alert,2025-01-01 13:35:00,Monitor,Open
ALT000276,T008975,A0017,A0328,163038,88.5,HIGH,High Risk Alert,2025-01-01 13:36:00,Manual Review,Under Review
ALT000277,T009000,A0339,A0024,131504,91.25,HIGH,Critical Fraud Alert,2025-01-01 13:37:00,Block Transaction,Open
ALT000278,T009001,A0302,A0234,147145,90.0,HIGH,Critical Fraud Alert,2025-01-01 13:38:00,Block Transaction,Under Review
ALT000279,T009005,A0132,A0065,118658,83.69,HIGH,High Risk Alert,2025-01-01 13:39:00,Manual Review,Open
ALT000280,T009017,A0248,A0056,94942,76.14,HIGH,Medium Risk Alert,2025-01-01 13:40:00,Monitor,Open
ALT000281,T009030,A0345,A0050,373657,79.5,HIGH,Medium Risk Alert,2025-01-01 13:41:00,Monitor,Open
ALT000282,T009052,A0320,A0024,127831,91.0,HIGH,Critical Fraud Alert,2025-01-01 13:42:00,Block Transaction,Open
ALT000283,T009129,A0087,A0011,119662,87.86,HIGH,High Risk Alert,2025-01-01 13:43:00,Manual Review,Resolved
ALT000284,T009137,A0210,A0004,146961,92.0,HIGH,Critical Fraud Alert,2025-01-01 13:44:00,Block Transaction,Under Review
ALT000285,T009144,A0087,A0220,58284,79.25,HIGH,Medium Risk Alert,2025-01-01 13:45:00,Monitor,Under Review
ALT000286,T009164,A0414,A0445,401163,78.5,HIGH,Medium Risk Alert,2025-01-01 13:46:00,Monitor,Under Review
ALT000287,T009181,A0212,A0282,174806,80.5,HIGH,High Risk Alert,2025-01-01 13:47:00,Manual Review,Open
ALT000288,T009186,A0025,A0257,430963,91.5,HIGH,Critical Fraud Alert,2025-01-01 13:48:00,Block Transaction,Under Review
ALT000289,T009194,A0045,A0234,195624,90.0,HIGH,Critical Fraud Alert,2025-01-01 13:49:00,Block Transaction,Under Review
ALT000290,T009332,A0392,A0151,237805,75.25,HIGH,Medium Risk Alert,2025-01-01 13:50:00,Monitor,Open
ALT000291,T009339,A0151,A0394,126256,90.07,HIGH,Critical Fraud Alert,2025-01-01 13:51:00,Block Transaction,Under Review
ALT000292,T009416,A0052,A0433,311867,90.5,HIGH,Critical Fraud Alert,2025-01-01 13:52:00,Block Transaction,Under Review
ALT000293,T009420,A0267,A0108,153492,89.25,HIGH,High Risk Alert,2025-01-01 13:53:00,Manual Review,Under Review
ALT000294,T009432,A0496,A0257,61274,86.18,HIGH,High Risk Alert,2025-01-01 13:54:00,Manual Review,Under Review
ALT000295,T009465,A0249,A0238,64510,77.85,HIGH,Medium Risk Alert,2025-01-01 13:55:00,Monitor,Resolved
ALT000296,T009546,A0070,A0220,126234,83.05,HIGH,High Risk Alert,2025-01-01 13:56:00,Manual Review,Open
ALT000297,T009574,A0490,A0278,242289,85.0,HIGH,High Risk Alert,2025-01-01 13:57:00,Manual Review,Open
ALT000298,T009603,A0487,A0241,488116,77.0,HIGH,Medium Risk Alert,2025-01-01 13:58:00,Monitor,Under Review
ALT000299,T009668,A0206,A0483,156746,90.69,HIGH,Critical Fraud Alert,2025-01-01 13:59:00,Block Transaction,Open
ALT000300,T009687,A0326,A0056,76596,81.77,HIGH,High Risk Alert,2025-01-01 14:00:00,Manual Review,Open
ALT000301,T009738,A0277,A0243,382548,76.25,HIGH,Medium Risk Alert,2025-01-01 14:01:00,Monitor,Under Review
ALT000302,T009795,A0393,A0071,249202,76.0,HIGH,Medium Risk Alert,2025-01-01 14:02:00,Monitor,Open
ALT000303,T009821,A0425,A0088,161784,84.9,HIGH,High Risk Alert,2025-01-01 14:03:00,Manual Review,Under Review
ALT000304,T009835,A0006,A0465,164889,83.5,HIGH,High Risk Alert,2025-01-01 14:04:00,Manual Review,Under Review
ALT000305,T009853,A0274,A0347,172360,87.61,HIGH,High Risk Alert,2025-01-01 14:05:00,Manual Review,Resolved
ALT000306,T009858,A0279,A0115,276996,79.0,HIGH,Medium Risk Alert,2025-01-01 14:06:00,Monitor,Under Review
ALT000307,T009874,A0386,A0445,460377,79.75,HIGH,Medium Risk Alert,2025-01-01 14:07:00,Monitor,Under Review
ALT000308,T009928,A0099,A0106,198644,76.75,HIGH,Medium Risk Alert,2025-01-01 14:08:00,Monitor,Open
ALT000309,T009952,A0028,A0220,193070,93.0,HIGH,Critical Fraud Alert,2025-01-01 14:09:00,Block Transaction,Open
ALT000310,T009957,A0039,A0078,414174,76.5,HIGH,Medium Risk Alert,2025-01-01 14:10:00,Monitor,Open
ALT000311,T010016,A0327,A0108,193141,93.5,HIGH,Critical Fraud Alert,2025-01-01 14:11:00,Block Transaction,Resolved
ALT000312,T010022,A0039,A0491,116962,91.16,HIGH,Critical Fraud Alert,2025-01-01 14:12:00,Block Transaction,Resolved
ALT000313,T010044,A0211,A0065,97420,88.43,HIGH,High Risk Alert,2025-01-01 14:13:00,Manual Review,Under Review
ALT000314,T010058,A0447,A0491,59977,89.75,HIGH,High Risk Alert,2025-01-01 14:14:00,Manual Review,Open
ALT000315,T010084,A0312,A0257,103728,86.45,HIGH,High Risk Alert,2025-01-01 14:15:00,Manual Review,Open
ALT000316,T010114,A0478,A0024,106865,84.09,HIGH,High Risk Alert,2025-01-01 14:16:00,Manual Review,Open
ALT000317,T010124,A0324,A0065,58813,79.33,HIGH,Medium Risk Alert,2025-01-01 14:17:00,Monitor,Under Review
ALT000318,T010130,A0066,A0308,84974,82.07,HIGH,High Risk Alert,2025-01-01 14:18:00,Manual Review,Open
ALT000319,T010138,A0267,A0299,198208,91.25,HIGH,Critical Fraud Alert,2025-01-01 14:19:00,Block Transaction,Open
ALT000320,T010161,A0385,A0447,354350,83.75,HIGH,High Risk Alert,2025-01-01 14:20:00,Manual Review,Open
ALT000321,T010166,A0125,A0108,148363,90.25,HIGH,Critical Fraud Alert,2025-01-01 14:21:00,Block Transaction,Resolved
ALT000322,T010178,A0048,A0347,91965,84.5,HIGH,High Risk Alert,2025-01-01 14:22:00,Manual Review,Open
ALT000323,T010184,A0277,A0177,177447,94.5,HIGH,Critical Fraud Alert,2025-01-01 14:23:00,Block Transaction,Resolved
ALT000324,T010186,A0473,A0483,99866,94.5,HIGH,Critical Fraud Alert,2025-01-01 14:24:00,Block Transaction,Open
ALT000325,T010215,A0379,A0443,179138,92.75,HIGH,Critical Fraud Alert,2025-01-01 14:25:00,Block Transaction,Open
ALT000326,T010240,A0370,A0211,411315,76.0,HIGH,Medium Risk Alert,2025-01-01 14:26:00,Monitor,Resolved
ALT000327,T010264,A0445,A0177,80702,79.49,HIGH,Medium Risk Alert,2025-01-01 14:27:00,Monitor,Open
ALT000328,T010305,A0440,A0484,493177,75.75,HIGH,Medium Risk Alert,2025-01-01 14:28:00,Monitor,Open
ALT000329,T010371,A0376,A0088,192719,92.75,HIGH,Critical Fraud Alert,2025-01-01 14:29:00,Block Transaction,Under Review
ALT000330,T010404,A0028,A0285,212254,88.75,HIGH,High Risk Alert,2025-01-01 14:30:00,Manual Review,Under Review
ALT000331,T010419,A0395,A0065,117323,94.5,HIGH,Critical Fraud Alert,2025-01-01 14:31:00,Block Transaction,Open
ALT000332,T010420,A0082,A0319,383598,75.25,HIGH,Medium Risk Alert,2025-01-01 14:32:00,Monitor,Under Review
ALT000333,T010526,A0071,A0234,193736,91.0,HIGH,Critical Fraud Alert,2025-01-01 14:33:00,Block Transaction,Resolved
ALT000334,T010531,A0130,A0220,94647,85.83,HIGH,High Risk Alert,2025-01-01 14:34:00,Manual Review,Open
ALT000335,T010567,A0282,A0024,198412,92.5,HIGH,Critical Fraud Alert,2025-01-01 14:35:00,Block Transaction,Open
ALT000336,T010573,A0106,A0435,111858,79.25,HIGH,Medium Risk Alert,2025-01-01 14:36:00,Monitor,Open
ALT000337,T010621,A0462,A0004,94543,80.11,HIGH,High Risk Alert,2025-01-01 14:37:00,Manual Review,Under Review
ALT000338,T010699,A0018,A0079,63017,78.36,HIGH,Medium Risk Alert,2025-01-01 14:38:00,Monitor,Under Review
ALT000339,T010851,A0267,A0394,143257,92.5,HIGH,Critical Fraud Alert,2025-01-01 14:39:00,Block Transaction,Under Review
ALT000340,T010896,A0263,A0254,62674,78.38,HIGH,Medium Risk Alert,2025-01-01 14:40:00,Monitor,Open
ALT000341,T010906,A0415,A0394,171350,92.75,HIGH,Critical Fraud Alert,2025-01-01 14:41:00,Block Transaction,Under Review
ALT000342,T010936,A0395,A0394,171571,88.75,HIGH,High Risk Alert,2025-01-01 14:42:00,Manual Review,Open
ALT000343,T010937,A0245,A0234,138091,91.25,HIGH,Critical Fraud Alert,2025-01-01 14:43:00,Block Transaction,Under Review
ALT000344,T010968,A0131,A0004,110827,84.69,HIGH,High Risk Alert,2025-01-01 14:44:00,Manual Review,Resolved
ALT000345,T010989,A0115,A0080,154724,80.0,HIGH,High Risk Alert,2025-01-01 14:45:00,Manual Review,Open
ALT000346,T011017,A0302,A0056,446843,90.75,HIGH,Critical Fraud Alert,2025-01-01 14:46:00,Block Transaction,Open
ALT000347,T011102,A0392,A0447,126715,78.79,HIGH,Medium Risk Alert,2025-01-01 14:47:00,Monitor,Open
ALT000348,T011115,A0248,A0344,194606,90.88,HIGH,Critical Fraud Alert,2025-01-01 14:48:00,Block Transaction,Open
ALT000349,T011235,A0092,A0109,67561,89.75,HIGH,High Risk Alert,2025-01-01 14:49:00,Manual Review,Resolved
ALT000350,T011240,A0105,A0234,57771,75.72,HIGH,Medium Risk Alert,2025-01-01 14:50:00,Monitor,Open
ALT000351,T011254,A0490,A0108,87044,84.31,HIGH,High Risk Alert,2025-01-01 14:51:00,Manual Review,Open
ALT000352,T011315,A0454,A0394,170040,93.5,HIGH,Critical Fraud Alert,2025-01-01 14:52:00,Block Transaction,Resolved
ALT000353,T011320,A0311,A0108,92528,82.33,HIGH,High Risk Alert,2025-01-01 14:53:00,Manual Review,Under Review
ALT000354,T011346,A0260,A0483,197200,91.75,HIGH,Critical Fraud Alert,2025-01-01 14:54:00,Block Transaction,Open
ALT000355,T011349,A0282,A0457,69525,82.75,HIGH,High Risk Alert,2025-01-01 14:55:00,Manual Review,Resolved
ALT000356,T011421,A0406,A0394,188930,92.25,HIGH,Critical Fraud Alert,2025-01-01 14:56:00,Block Transaction,Under Review
ALT000357,T011424,A0249,A0109,167408,91.5,HIGH,Critical Fraud Alert,2025-01-01 14:57:00,Block Transaction,Open
ALT000358,T011434,A0168,A0299,138785,90.5,HIGH,Critical Fraud Alert,2025-01-01 14:58:00,Block Transaction,Open
ALT000359,T011437,A0104,A0108,165550,93.75,HIGH,Critical Fraud Alert,2025-01-01 14:59:00,Block Transaction,Open
ALT000360,T011453,A0032,A0220,102892,79.46,HIGH,Medium Risk Alert,2025-01-01 15:00:00,Monitor,Open
ALT000361,T011491,A0217,A0262,359880,75.0,HIGH,Medium Risk Alert,2025-01-01 15:01:00,Monitor,Open
ALT000362,T011511,A0423,A0269,170423,75.25,HIGH,Medium Risk Alert,2025-01-01 15:02:00,Monitor,Open
ALT000363,T011548,A0073,A0360,406969,78.0,HIGH,Medium Risk Alert,2025-01-01 15:03:00,Monitor,Under Review
ALT000364,T011558,A0142,A0079,58085,76.53,HIGH,Medium Risk Alert,2025-01-01 15:04:00,Monitor,Resolved
ALT000365,T011587,A0414,A0394,110960,85.9,HIGH,High Risk Alert,2025-01-01 15:05:00,Manual Review,Resolved
ALT000366,T011665,A0290,A0465,178907,89.0,HIGH,High Risk Alert,2025-01-01 15:06:00,Manual Review,Open
ALT000367,T011681,A0232,A0007,475532,78.5,HIGH,Medium Risk Alert,2025-01-01 15:07:00,Monitor,Under Review
ALT000368,T011712,A0445,A0200,208177,79.0,HIGH,Medium Risk Alert,2025-01-01 15:08:00,Monitor,Resolved
ALT000369,T011761,A0321,A0257,92387,91.25,HIGH,Critical Fraud Alert,2025-01-01 15:09:00,Block Transaction,Open
ALT000370,T011762,A0409,A0079,138869,88.75,HIGH,High Risk Alert,2025-01-01 15:10:00,Manual Review,Open
ALT000371,T011839,A0499,A0108,50301,83.78,HIGH,High Risk Alert,2025-01-01 15:11:00,Manual Review,Open
ALT000372,T011843,A0459,A0087,407082,75.5,HIGH,Medium Risk Alert,2025-01-01 15:12:00,Monitor,Open
ALT000373,T011860,A0243,A0491,81744,94.0,HIGH,Critical Fraud Alert,2025-01-01 15:13:00,Block Transaction,Open
ALT000374,T011892,A0183,A0011,134453,92.0,HIGH,Critical Fraud Alert,2025-01-01 15:14:00,Block Transaction,Open
ALT000375,T011895,A0460,A0079,87451,78.68,HIGH,Medium Risk Alert,2025-01-01 15:15:00,Monitor,Open
ALT000376,T011997,A0411,A0319,489066,76.75,HIGH,Medium Risk Alert,2025-01-01 15:16:00,Monitor,Open
ALT000377,T012004,A0052,A0257,132496,78.45,HIGH,Medium Risk Alert,2025-01-01 15:17:00,Monitor,Open
ALT000378,T012017,A0330,A0177,69581,93.25,HIGH,Critical Fraud Alert,2025-01-01 15:18:00,Block Transaction,Open
ALT000379,T012044,A0398,A0108,244187,89.0,HIGH,High Risk Alert,2025-01-01 15:19:00,Manual Review,Open
ALT000380,T012056,A0265,A0236,124929,79.75,HIGH,Medium Risk Alert,2025-01-01 15:20:00,Monitor,Open
ALT000381,T012083,A0290,A0106,349422,82.5,HIGH,High Risk Alert,2025-01-01 15:21:00,Manual Review,Open
ALT000382,T012084,A0441,A0465,101460,91.0,HIGH,Critical Fraud Alert,2025-01-01 15:22:00,Block Transaction,Open
ALT000383,T012089,A0016,A0227,477022,77.5,HIGH,Medium Risk Alert,2025-01-01 15:23:00,Monitor,Open
ALT000384,T012097,A0102,A0481,248049,77.75,HIGH,Medium Risk Alert,2025-01-01 15:24:00,Monitor,Open
ALT000385,T012282,A0158,A0177,198962,90.75,HIGH,Critical Fraud Alert,2025-01-01 15:25:00,Block Transaction,Open
ALT000386,T012302,A0370,A0380,198257,75.0,HIGH,Medium Risk Alert,2025-01-01 15:26:00,Monitor,Open
ALT000387,T012312,A0361,A0024,94423,89.75,HIGH,High Risk Alert,2025-01-01 15:27:00,Manual Review,Under Review
ALT000388,T012322,A0248,A0483,169859,90.53,HIGH,Critical Fraud Alert,2025-01-01 15:28:00,Block Transaction,Under Review
ALT000389,T012326,A0099,A0055,257413,78.75,HIGH,Medium Risk Alert,2025-01-01 15:29:00,Monitor,Under Review
ALT000390,T012343,A0162,A0238,80148,85.09,HIGH,High Risk Alert,2025-01-01 15:30:00,Manual Review,Resolved
ALT000391,T012387,A0155,A0220,189577,90.0,HIGH,Critical Fraud Alert,2025-01-01 15:31:00,Block Transaction,Under Review
ALT000392,T012431,A0319,A0238,55682,89.5,HIGH,High Risk Alert,2025-01-01 15:32:00,Manual Review,Open
ALT000393,T012531,A0467,A0177,132999,94.75,HIGH,Critical Fraud Alert,2025-01-01 15:33:00,Block Transaction,Under Review
ALT000394,T012550,A0410,A0024,71381,81.74,HIGH,High Risk Alert,2025-01-01 15:34:00,Manual Review,Resolved
ALT000395,T012625,A0258,A0269,113584,80.5,HIGH,High Risk Alert,2025-01-01 15:35:00,Manual Review,Open
ALT000396,T012638,A0255,A0056,484142,91.75,HIGH,Critical Fraud Alert,2025-01-01 15:36:00,Block Transaction,Under Review
ALT000397,T012663,A0030,A0299,109857,90.45,HIGH,Critical Fraud Alert,2025-01-01 15:37:00,Block Transaction,Open
ALT000398,T012716,A0390,A0287,463425,75.5,HIGH,Medium Risk Alert,2025-01-01 15:38:00,Monitor,Open
ALT000399,T012742,A0217,A0243,220458,78.25,HIGH,Medium Risk Alert,2025-01-01 15:39:00,Monitor,Open
ALT000400,T012772,A0222,A0238,167036,93.5,HIGH,Critical Fraud Alert,2025-01-01 15:40:00,Block Transaction,Resolved
ALT000401,T012866,A0367,A0004,131772,84.97,HIGH,High Risk Alert,2025-01-01 15:41:00,Manual Review,Open
ALT000402,T012869,A0186,A0024,137945,90.29,HIGH,Critical Fraud Alert,2025-01-01 15:42:00,Block Transaction,Open
ALT000403,T012928,A0426,A0237,165944,93.25,HIGH,Critical Fraud Alert,2025-01-01 15:43:00,Block Transaction,Open
ALT000404,T012948,A0217,A0347,55289,80.2,HIGH,High Risk Alert,2025-01-01 15:44:00,Manual Review,Under Review
ALT000405,T012973,A0280,A0238,135974,90.5,HIGH,Critical Fraud Alert,2025-01-01 15:45:00,Block Transaction,Open
ALT000406,T013004,A0284,A0465,132859,89.25,HIGH,High Risk Alert,2025-01-01 15:46:00,Manual Review,Under Review
ALT000407,T013041,A0376,A0285,158000,89.0,HIGH,High Risk Alert,2025-01-01 15:47:00,Manual Review,Open
ALT000408,T013050,A0127,A0491,119354,90.25,HIGH,Critical Fraud Alert,2025-01-01 15:48:00,Block Transaction,Open
ALT000409,T013134,A0258,A0177,75402,82.15,HIGH,High Risk Alert,2025-01-01 15:49:00,Manual Review,Open
ALT000410,T013151,A0424,A0328,143371,93.75,HIGH,Critical Fraud Alert,2025-01-01 15:50:00,Block Transaction,Open
ALT000411,T013215,A0478,A0285,95113,84.04,HIGH,High Risk Alert,2025-01-01 15:51:00,Manual Review,Under Review
ALT000412,T013220,A0210,A0065,104293,82.75,HIGH,High Risk Alert,2025-01-01 15:52:00,Manual Review,Open
ALT000413,T013233,A0110,A0065,171081,89.0,HIGH,High Risk Alert,2025-01-01 15:53:00,Manual Review,Under Review
ALT000414,T013271,A0426,A0257,135404,94.25,HIGH,Critical Fraud Alert,2025-01-01 15:54:00,Block Transaction,Under Review
ALT000415,T013396,A0055,A0285,133116,94.25,HIGH,Critical Fraud Alert,2025-01-01 15:55:00,Block Transaction,Open
ALT000416,T013405,A0266,A0447,389605,82.25,HIGH,High Risk Alert,2025-01-01 15:56:00,Manual Review,Open
ALT000417,T013415,A0162,A0067,340518,76.0,HIGH,Medium Risk Alert,2025-01-01 15:57:00,Monitor,Open
ALT000418,T013453,A0198,A0394,126593,88.75,HIGH,High Risk Alert,2025-01-01 15:58:00,Manual Review,Open
ALT000419,T013491,A0181,A0056,90993,83.42,HIGH,High Risk Alert,2025-01-01 15:59:00,Manual Review,Open
ALT000420,T013502,A0119,A0443,110658,82.73,HIGH,High Risk Alert,2025-01-01 16:00:00,Manual Review,Open
ALT000421,T013536,A0498,A0344,133197,89.0,HIGH,High Risk Alert,2025-01-01 16:01:00,Manual Review,Under Review
ALT000422,T013587,A0120,A0447,359051,81.5,HIGH,High Risk Alert,2025-01-01 16:02:00,Manual Review,Under Review
ALT000423,T013605,A0229,A0024,103842,83.63,HIGH,High Risk Alert,2025-01-01 16:03:00,Manual Review,Under Review
ALT000424,T013644,A0345,A0234,65639,75.92,HIGH,Medium Risk Alert,2025-01-01 16:04:00,Monitor,Open
ALT000425,T013665,A0092,A0344,63128,91.0,HIGH,Critical Fraud Alert,2025-01-01 16:05:00,Block Transaction,Under Review
ALT000426,T013674,A0059,A0465,194177,93.25,HIGH,Critical Fraud Alert,2025-01-01 16:06:00,Block Transaction,Open
ALT000427,T013691,A0271,A0177,73875,87.57,HIGH,High Risk Alert,2025-01-01 16:07:00,Manual Review,Under Review
ALT000428,T013706,A0161,A0483,172736,92.5,HIGH,Critical Fraud Alert,2025-01-01 16:08:00,Block Transaction,Open
ALT000429,T013709,A0232,A0443,154634,92.77,HIGH,Critical Fraud Alert,2025-01-01 16:09:00,Block Transaction,Open
ALT000430,T013730,A0043,A0088,160640,92.5,HIGH,Critical Fraud Alert,2025-01-01 16:10:00,Block Transaction,Resolved
ALT000431,T013738,A0127,A0079,55575,79.34,HIGH,Medium Risk Alert,2025-01-01 16:11:00,Monitor,Open
ALT000432,T013779,A0475,A0177,139938,89.75,HIGH,High Risk Alert,2025-01-01 16:12:00,Manual Review,Open
ALT000433,T013791,A0343,A0257,177672,89.5,HIGH,High Risk Alert,2025-01-01 16:13:00,Manual Review,Open
ALT000434,T013848,A0228,A0011,198002,89.75,HIGH,High Risk Alert,2025-01-01 16:14:00,Manual Review,Resolved
ALT000435,T013878,A0249,A0433,69094,84.33,HIGH,High Risk Alert,2025-01-01 16:15:00,Manual Review,Open
ALT000436,T013935,A0401,A0373,166262,81.25,HIGH,High Risk Alert,2025-01-01 16:16:00,Manual Review,Under Review
ALT000437,T013982,A0219,A0177,138695,89.25,HIGH,High Risk Alert,2025-01-01 16:17:00,Manual Review,Under Review
ALT000438,T013989,A0416,A0308,88232,93.5,HIGH,Critical Fraud Alert,2025-01-01 16:18:00,Block Transaction,Open
ALT000439,T014046,A0331,A0238,162540,93.75,HIGH,Critical Fraud Alert,2025-01-01 16:19:00,Block Transaction,Open
ALT000440,T014095,A0051,A0238,108717,91.75,HIGH,Critical Fraud Alert,2025-01-01 16:20:00,Block Transaction,Resolved
ALT000441,T014131,A0236,A0254,89869,82.87,HIGH,High Risk Alert,2025-01-01 16:21:00,Manual Review,Open
ALT000442,T014134,A0112,A0344,122605,91.54,HIGH,Critical Fraud Alert,2025-01-01 16:22:00,Block Transaction,Open
ALT000443,T014194,A0021,A0353,116512,94.75,HIGH,Critical Fraud Alert,2025-01-01 16:23:00,Block Transaction,Open
ALT000444,T014233,A0014,A0308,86811,90.5,HIGH,Critical Fraud Alert,2025-01-01 16:24:00,Block Transaction,Under Review
ALT000445,T014272,A0148,A0394,53854,75.35,HIGH,Medium Risk Alert,2025-01-01 16:25:00,Monitor,Open
ALT000446,T014371,A0158,A0122,151857,76.59,HIGH,Medium Risk Alert,2025-01-01 16:26:00,Monitor,Under Review
ALT000447,T014432,A0479,A0220,183526,89.25,HIGH,High Risk Alert,2025-01-01 16:27:00,Manual Review,Open
ALT000448,T014465,A0072,A0109,183042,88.75,HIGH,High Risk Alert,2025-01-01 16:28:00,Manual Review,Open
ALT000449,T014576,A0008,A0353,108977,87.95,HIGH,High Risk Alert,2025-01-01 16:29:00,Manual Review,Open
ALT000450,T014588,A0496,A0254,71455,88.0,HIGH,High Risk Alert,2025-01-01 16:30:00,Manual Review,Open
ALT000451,T014593,A0078,A0273,342490,75.75,HIGH,Medium Risk Alert,2025-01-01 16:31:00,Monitor,Under Review
ALT000452,T014605,A0029,A0237,135353,82.85,HIGH,High Risk Alert,2025-01-01 16:32:00,Manual Review,Open
ALT000453,T014618,A0325,A0278,346064,81.75,HIGH,High Risk Alert,2025-01-01 16:33:00,Manual Review,Open
ALT000454,T014637,A0315,A0220,100348,84.5,HIGH,High Risk Alert,2025-01-01 16:34:00,Manual Review,Under Review
ALT000455,T014704,A0129,A0127,439257,75.0,HIGH,Medium Risk Alert,2025-01-01 16:35:00,Monitor,Resolved
ALT000456,T014707,A0302,A0373,262245,80.75,HIGH,High Risk Alert,2025-01-01 16:36:00,Manual Review,Open
ALT000457,T014718,A0488,A0375,490587,77.5,HIGH,Medium Risk Alert,2025-01-01 16:37:00,Monitor,Open
ALT000458,T014758,A0146,A0238,62218,83.04,HIGH,High Risk Alert,2025-01-01 16:38:00,Manual Review,Under Review
ALT000459,T014764,A0355,A0394,198222,93.75,HIGH,Critical Fraud Alert,2025-01-01 16:39:00,Block Transaction,Open
ALT000460,T014806,A0159,A0257,85392,90.01,HIGH,Critical Fraud Alert,2025-01-01 16:40:00,Block Transaction,Under Review
ALT000461,T014900,A0225,A0257,143815,93.5,HIGH,Critical Fraud Alert,2025-01-01 16:41:00,Block Transaction,Open
ALT000462,T014910,A0181,A0426,473512,77.25,HIGH,Medium Risk Alert,2025-01-01 16:42:00,Monitor,Open
ALT000463,T014976,A0019,A0237,118310,81.99,HIGH,High Risk Alert,2025-01-01 16:43:00,Manual Review,Resolved
ALT000464,T014998,A0158,A0262,328577,76.5,HIGH,Medium Risk Alert,2025-01-01 16:44:00,Monitor,Open
ALT000465,T015023,A0476,A0457,164686,85.66,HIGH,High Risk Alert,2025-01-01 16:45:00,Manual Review,Open
ALT000466,T015034,A0376,A0360,395009,78.75,HIGH,Medium Risk Alert,2025-01-01 16:46:00,Monitor,Open
ALT000467,T015069,A0107,A0079,172507,94.0,HIGH,Critical Fraud Alert,2025-01-01 16:47:00,Block Transaction,Open
ALT000468,T015090,A0174,A0347,119902,91.0,HIGH,Critical Fraud Alert,2025-01-01 16:48:00,Block Transaction,Open
ALT000469,T015133,A0369,A0234,114191,93.0,HIGH,Critical Fraud Alert,2025-01-01 16:49:00,Block Transaction,Open
ALT000470,T015143,A0248,A0024,119735,80.5,HIGH,High Risk Alert,2025-01-01 16:50:00,Manual Review,Open
ALT000471,T015161,A0031,A0088,125291,85.33,HIGH,High Risk Alert,2025-01-01 16:51:00,Manual Review,Open
ALT000472,T015240,A0131,A0234,156370,93.5,HIGH,Critical Fraud Alert,2025-01-01 16:52:00,Block Transaction,Under Review
ALT000473,T015270,A0164,A0024,163778,79.29,HIGH,Medium Risk Alert,2025-01-01 16:53:00,Monitor,Under Review
ALT000474,T015382,A0411,A0454,180771,80.75,HIGH,High Risk Alert,2025-01-01 16:54:00,Manual Review,Open
ALT000475,T015415,A0012,A0177,107670,88.61,HIGH,High Risk Alert,2025-01-01 16:55:00,Manual Review,Under Review
ALT000476,T015480,A0478,A0023,318312,81.5,HIGH,High Risk Alert,2025-01-01 16:56:00,Manual Review,Under Review
ALT000477,T015573,A0495,A0433,51708,84.27,HIGH,High Risk Alert,2025-01-01 16:57:00,Manual Review,Resolved
ALT000478,T015594,A0280,A0257,133468,89.0,HIGH,High Risk Alert,2025-01-01 16:58:00,Manual Review,Open
ALT000479,T015630,A0128,A0465,128408,88.17,HIGH,High Risk Alert,2025-01-01 16:59:00,Manual Review,Open
ALT000480,T015714,A0279,A0383,449794,76.75,HIGH,Medium Risk Alert,2025-01-01 17:00:00,Monitor,Under Review
ALT000481,T015781,A0199,A0220,76275,91.5,HIGH,Critical Fraud Alert,2025-01-01 17:01:00,Block Transaction,Under Review
ALT000482,T015787,A0224,A0394,91833,87.25,HIGH,High Risk Alert,2025-01-01 17:02:00,Manual Review,Open
ALT000483,T015816,A0086,A0220,182675,90.5,HIGH,Critical Fraud Alert,2025-01-01 17:03:00,Block Transaction,Resolved
ALT000484,T015838,A0462,A0335,302268,77.25,HIGH,Medium Risk Alert,2025-01-01 17:04:00,Monitor,Under Review
ALT000485,T015895,A0500,A0353,127158,86.52,HIGH,High Risk Alert,2025-01-01 17:05:00,Manual Review,Open
ALT000486,T015920,A0363,A0465,111502,88.54,HIGH,High Risk Alert,2025-01-01 17:06:00,Manual Review,Open
ALT000487,T015947,A0195,A0417,285410,75.0,HIGH,Medium Risk Alert,2025-01-01 17:07:00,Monitor,Under Review
ALT000488,T015971,A0072,A0114,142801,77.75,HIGH,Medium Risk Alert,2025-01-01 17:08:00,Monitor,Open
ALT000489,T015995,A0313,A0483,173887,93.5,HIGH,Critical Fraud Alert,2025-01-01 17:09:00,Block Transaction,Resolved
ALT000490,T016001,A0490,A0278,108084,82.93,HIGH,High Risk Alert,2025-01-01 17:10:00,Manual Review,Under Review
ALT000491,T016006,A0498,A0433,119224,91.59,HIGH,Critical Fraud Alert,2025-01-01 17:11:00,Block Transaction,Open
ALT000492,T016018,A0142,A0491,95788,85.85,HIGH,High Risk Alert,2025-01-01 17:12:00,Manual Review,Under Review
ALT000493,T016103,A0227,A0257,105486,90.75,HIGH,Critical Fraud Alert,2025-01-01 17:13:00,Block Transaction,Open
ALT000494,T016206,A0316,A0394,141473,90.5,HIGH,Critical Fraud Alert,2025-01-01 17:14:00,Block Transaction,Under Review
ALT000495,T016209,A0417,A0435,116138,79.25,HIGH,Medium Risk Alert,2025-01-01 17:15:00,Monitor,Open
ALT000496,T016238,A0453,A0075,449610,76.0,HIGH,Medium Risk Alert,2025-01-01 17:16:00,Monitor,Under Review
ALT000497,T016242,A0442,A0353,171099,94.25,HIGH,Critical Fraud Alert,2025-01-01 17:17:00,Block Transaction,Open
ALT000498,T016278,A0032,A0234,123712,85.53,HIGH,High Risk Alert,2025-01-01 17:18:00,Manual Review,Open
ALT000499,T016426,A0168,A0483,93294,90.5,HIGH,Critical Fraud Alert,2025-01-01 17:19:00,Block Transaction,Resolved
ALT000500,T016449,A0386,A0238,143303,81.06,HIGH,High Risk Alert,2025-01-01 17:20:00,Manual Review,Open
ALT000501,T016451,A0345,A0353,86237,77.89,HIGH,Medium Risk Alert,2025-01-01 17:21:00,Monitor,Open
ALT000502,T016463,A0133,A0309,185517,77.25,HIGH,Medium Risk Alert,2025-01-01 17:22:00,Monitor,Resolved
ALT000503,T016543,A0247,A0394,195463,93.5,HIGH,Critical Fraud Alert,2025-01-01 17:23:00,Block Transaction,Resolved
ALT000504,T016554,A0158,A0109,106419,83.13,HIGH,High Risk Alert,2025-01-01 17:24:00,Manual Review,Under Review
ALT000505,T016615,A0372,A0206,144570,75.5,HIGH,Medium Risk Alert,2025-01-01 17:25:00,Monitor,Under Review
ALT000506,T016667,A0073,A0287,350717,76.0,HIGH,Medium Risk Alert,2025-01-01 17:26:00,Monitor,Open
ALT000507,T016706,A0217,A0056,191953,92.5,HIGH,Critical Fraud Alert,2025-01-01 17:27:00,Block Transaction,Under Review
ALT000508,T016717,A0320,A0056,191348,91.0,HIGH,Critical Fraud Alert,2025-01-01 17:28:00,Block Transaction,Open
ALT000509,T016723,A0229,A0308,75555,77.6,HIGH,Medium Risk Alert,2025-01-01 17:29:00,Monitor,Under Review
ALT000510,T016748,A0480,A0491,56335,85.9,HIGH,High Risk Alert,2025-01-01 17:30:00,Manual Review,Under Review
ALT000511,T016782,A0482,A0108,153253,85.72,HIGH,High Risk Alert,2025-01-01 17:31:00,Manual Review,Open
ALT000512,T016896,A0270,A0285,79826,87.99,HIGH,High Risk Alert,2025-01-01 17:32:00,Manual Review,Open
ALT000513,T016992,A0178,A0108,98175,88.14,HIGH,High Risk Alert,2025-01-01 17:33:00,Manual Review,Under Review
ALT000514,T017001,A0193,A0184,305282,75.75,HIGH,Medium Risk Alert,2025-01-01 17:34:00,Monitor,Resolved
ALT000515,T017065,A0233,A0114,221774,79.0,HIGH,Medium Risk Alert,2025-01-01 17:35:00,Monitor,Open
ALT000516,T017076,A0076,A0108,142633,90.75,HIGH,Critical Fraud Alert,2025-01-01 17:36:00,Block Transaction,Resolved
ALT000517,T017089,A0262,A0299,218203,89.75,HIGH,High Risk Alert,2025-01-01 17:37:00,Manual Review,Open
ALT000518,T017108,A0143,A0079,179190,93.0,HIGH,Critical Fraud Alert,2025-01-01 17:38:00,Block Transaction,Open
ALT000519,T017114,A0381,A0237,104052,91.25,HIGH,Critical Fraud Alert,2025-01-01 17:39:00,Block Transaction,Open
ALT000520,T017116,A0096,A0024,77818,80.23,HIGH,High Risk Alert,2025-01-01 17:40:00,Manual Review,Open
ALT000521,T017150,A0500,A0108,164212,89.98,HIGH,High Risk Alert,2025-01-01 17:41:00,Manual Review,Under Review
ALT000522,T017174,A0016,A0165,310303,75.0,HIGH,Medium Risk Alert,2025-01-01 17:42:00,Monitor,Open
ALT000523,T017272,A0187,A0394,102041,94.75,HIGH,Critical Fraud Alert,2025-01-01 17:43:00,Block Transaction,Open
ALT000524,T017313,A0438,A0115,402284,77.75,HIGH,Medium Risk Alert,2025-01-01 17:44:00,Monitor,Open
ALT000525,T017357,A0061,A0238,152203,94.25,HIGH,Critical Fraud Alert,2025-01-01 17:45:00,Block Transaction,Open
ALT000526,T017401,A0109,A0347,178220,75.25,HIGH,Medium Risk Alert,2025-01-01 17:46:00,Monitor,Resolved
ALT000527,T017404,A0414,A0394,130134,86.73,HIGH,High Risk Alert,2025-01-01 17:47:00,Manual Review,Resolved
ALT000528,T017425,A0026,A0465,168893,86.51,HIGH,High Risk Alert,2025-01-01 17:48:00,Manual Review,Resolved
ALT000529,T017474,A0242,A0285,128694,94.75,HIGH,Critical Fraud Alert,2025-01-01 17:49:00,Block Transaction,Resolved
ALT000530,T017482,A0417,A0265,121786,79.0,HIGH,Medium Risk Alert,2025-01-01 17:50:00,Monitor,Open
ALT000531,T017506,A0048,A0257,173022,89.5,HIGH,High Risk Alert,2025-01-01 17:51:00,Manual Review,Open
ALT000532,T017525,A0339,A0463,297511,75.75,HIGH,Medium Risk Alert,2025-01-01 17:52:00,Monitor,Under Review
ALT000533,T017567,A0167,A0265,371861,79.0,HIGH,Medium Risk Alert,2025-01-01 17:53:00,Monitor,Under Review
ALT000534,T017576,A0048,A0348,276573,77.0,HIGH,Medium Risk Alert,2025-01-01 17:54:00,Monitor,Open
ALT000535,T017622,A0077,A0433,188939,89.0,HIGH,High Risk Alert,2025-01-01 17:55:00,Manual Review,Open
ALT000536,T017690,A0253,A0021,309831,76.25,HIGH,Medium Risk Alert,2025-01-01 17:56:00,Monitor,Open
ALT000537,T017810,A0377,A0234,75508,85.5,HIGH,High Risk Alert,2025-01-01 17:57:00,Manual Review,Open
ALT000538,T017859,A0192,A0257,61740,89.5,HIGH,High Risk Alert,2025-01-01 17:58:00,Manual Review,Under Review
ALT000539,T017860,A0201,A0234,165144,91.5,HIGH,Critical Fraud Alert,2025-01-01 17:59:00,Block Transaction,Resolved
ALT000540,T017971,A0046,A0299,97539,89.25,HIGH,High Risk Alert,2025-01-01 18:00:00,Manual Review,Open
ALT000541,T017986,A0419,A0299,189638,90.0,HIGH,Critical Fraud Alert,2025-01-01 18:01:00,Block Transaction,Under Review
ALT000542,T018027,A0133,A0056,192400,92.25,HIGH,Critical Fraud Alert,2025-01-01 18:02:00,Block Transaction,Under Review
ALT000543,T018033,A0320,A0443,103505,91.5,HIGH,Critical Fraud Alert,2025-01-01 18:03:00,Block Transaction,Resolved
ALT000544,T018077,A0256,A0265,145400,76.25,HIGH,Medium Risk Alert,2025-01-01 18:04:00,Monitor,Open
ALT000545,T018140,A0184,A0288,151916,79.75,HIGH,Medium Risk Alert,2025-01-01 18:05:00,Monitor,Open
ALT000546,T018141,A0449,A0079,174289,94.0,HIGH,Critical Fraud Alert,2025-01-01 18:06:00,Block Transaction,Open
ALT000547,T018147,A0420,A0257,116573,94.25,HIGH,Critical Fraud Alert,2025-01-01 18:07:00,Block Transaction,Resolved
ALT000548,T018273,A0402,A0011,119118,91.01,HIGH,Critical Fraud Alert,2025-01-01 18:08:00,Block Transaction,Under Review
ALT000549,T018277,A0417,A0373,235926,79.0,HIGH,Medium Risk Alert,2025-01-01 18:09:00,Monitor,Under Review
ALT000550,T018281,A0498,A0457,107136,86.7,HIGH,High Risk Alert,2025-01-01 18:10:00,Manual Review,Open
ALT000551,T018305,A0349,A0108,73601,77.29,HIGH,Medium Risk Alert,2025-01-01 18:11:00,Monitor,Under Review
ALT000552,T018312,A0250,A0088,61436,94.0,HIGH,Critical Fraud Alert,2025-01-01 18:12:00,Block Transaction,Open
ALT000553,T018316,A0469,A0465,139984,90.0,HIGH,Critical Fraud Alert,2025-01-01 18:13:00,Block Transaction,Under Review
ALT000554,T018345,A0047,A0238,192768,93.5,HIGH,Critical Fraud Alert,2025-01-01 18:14:00,Block Transaction,Under Review
ALT000555,T018353,A0463,A0056,109486,92.5,HIGH,Critical Fraud Alert,2025-01-01 18:15:00,Block Transaction,Open
ALT000556,T018383,A0290,A0433,96424,92.84,HIGH,Critical Fraud Alert,2025-01-01 18:16:00,Block Transaction,Under Review
ALT000557,T018425,A0460,A0308,190449,94.5,HIGH,Critical Fraud Alert,2025-01-01 18:17:00,Block Transaction,Open
ALT000558,T018439,A0276,A0308,162278,89.54,HIGH,High Risk Alert,2025-01-01 18:18:00,Manual Review,Open
ALT000559,T018443,A0021,A0079,112703,90.5,HIGH,Critical Fraud Alert,2025-01-01 18:19:00,Block Transaction,Resolved
ALT000560,T018478,A0499,A0004,89102,90.5,HIGH,Critical Fraud Alert,2025-01-01 18:20:00,Block Transaction,Under Review
ALT000561,T018494,A0263,A0435,215399,78.75,HIGH,Medium Risk Alert,2025-01-01 18:21:00,Monitor,Under Review
ALT000562,T018531,A0027,A0465,62359,78.03,HIGH,Medium Risk Alert,2025-01-01 18:22:00,Monitor,Under Review
ALT000563,T018547,A0500,A0220,180695,91.5,HIGH,Critical Fraud Alert,2025-01-01 18:23:00,Block Transaction,Under Review
ALT000564,T018564,A0432,A0108,133115,93.5,HIGH,Critical Fraud Alert,2025-01-01 18:24:00,Block Transaction,Open
ALT000565,T018596,A0348,A0052,109058,75.75,HIGH,Medium Risk Alert,2025-01-01 18:25:00,Monitor,Under Review
ALT000566,T018635,A0314,A0158,213881,75.25,HIGH,Medium Risk Alert,2025-01-01 18:26:00,Monitor,Open
ALT000567,T018690,A0128,A0353,76465,79.05,HIGH,Medium Risk Alert,2025-01-01 18:27:00,Monitor,Open
ALT000568,T018729,A0421,A0109,123162,93.75,HIGH,Critical Fraud Alert,2025-01-01 18:28:00,Block Transaction,Resolved
ALT000569,T018738,A0267,A0269,344659,75.75,HIGH,Medium Risk Alert,2025-01-01 18:29:00,Monitor,Open
ALT000570,T018777,A0439,A0237,176365,92.25,HIGH,Critical Fraud Alert,2025-01-01 18:30:00,Block Transaction,Resolved
ALT000571,T018816,A0304,A0238,172729,90.0,HIGH,Critical Fraud Alert,2025-01-01 18:31:00,Block Transaction,Resolved
ALT000572,T018849,A0422,A0433,179532,93.75,HIGH,Critical Fraud Alert,2025-01-01 18:32:00,Block Transaction,Under Review
ALT000573,T018876,A0456,A0433,149315,89.5,HIGH,High Risk Alert,2025-01-01 18:33:00,Manual Review,Under Review
ALT000574,T018898,A0175,A0079,138685,79.79,HIGH,Medium Risk Alert,2025-01-01 18:34:00,Monitor,Under Review
ALT000575,T018910,A0046,A0108,192333,91.75,HIGH,Critical Fraud Alert,2025-01-01 18:35:00,Block Transaction,Open
ALT000576,T018921,A0367,A0344,179627,87.84,HIGH,High Risk Alert,2025-01-01 18:36:00,Manual Review,Open
ALT000577,T018969,A0247,A0065,181828,94.5,HIGH,Critical Fraud Alert,2025-01-01 18:37:00,Block Transaction,Open
ALT000578,T019008,A0200,A0394,71070,90.0,HIGH,Critical Fraud Alert,2025-01-01 18:38:00,Block Transaction,Open
ALT000579,T019130,A0227,A0011,162605,92.5,HIGH,Critical Fraud Alert,2025-01-01 18:39:00,Block Transaction,Open
ALT000580,T019170,A0272,A0257,96003,83.73,HIGH,High Risk Alert,2025-01-01 18:40:00,Manual Review,Open
ALT000581,T019179,A0074,A0088,170849,91.0,HIGH,Critical Fraud Alert,2025-01-01 18:41:00,Block Transaction,Open
ALT000582,T019193,A0396,A0353,134655,92.25,HIGH,Critical Fraud Alert,2025-01-01 18:42:00,Block Transaction,Resolved
ALT000583,T019215,A0402,A0177,113748,90.01,HIGH,Critical Fraud Alert,2025-01-01 18:43:00,Block Transaction,Resolved
ALT000584,T019269,A0256,A0249,231958,78.5,HIGH,Medium Risk Alert,2025-01-01 18:44:00,Monitor,Under Review
ALT000585,T019283,A0468,A0347,80091,79.16,HIGH,Medium Risk Alert,2025-01-01 18:45:00,Monitor,Open
ALT000586,T019286,A0274,A0257,291551,90.0,HIGH,Critical Fraud Alert,2025-01-01 18:46:00,Block Transaction,Open
ALT000587,T019299,A0317,A0108,90586,94.5,HIGH,Critical Fraud Alert,2025-01-01 18:47:00,Block Transaction,Open
ALT000588,T019335,A0076,A0257,68063,83.76,HIGH,High Risk Alert,2025-01-01 18:48:00,Manual Review,Open
ALT000589,T019368,A0370,A0238,199064,92.0,HIGH,Critical Fraud Alert,2025-01-01 18:49:00,Block Transaction,Under Review
ALT000590,T019376,A0307,A0220,145731,90.25,HIGH,Critical Fraud Alert,2025-01-01 18:50:00,Block Transaction,Open
ALT000591,T019467,A0283,A0394,89109,89.25,HIGH,High Risk Alert,2025-01-01 18:51:00,Manual Review,Under Review
ALT000592,T019570,A0168,A0285,69333,89.09,HIGH,High Risk Alert,2025-01-01 18:52:00,Manual Review,Open
ALT000593,T019594,A0492,A0491,92661,86.21,HIGH,High Risk Alert,2025-01-01 18:53:00,Manual Review,Resolved
ALT000594,T019600,A0059,A0056,53414,80.97,HIGH,High Risk Alert,2025-01-01 18:54:00,Manual Review,Open
ALT000595,T019613,A0306,A0168,311287,75.25,HIGH,Medium Risk Alert,2025-01-01 18:55:00,Monitor,Open
ALT000596,T019616,A0427,A0443,94750,76.78,HIGH,Medium Risk Alert,2025-01-01 18:56:00,Monitor,Open
ALT000597,T019617,A0232,A0257,80898,78.08,HIGH,Medium Risk Alert,2025-01-01 18:57:00,Monitor,Open
ALT000598,T019653,A0077,A0241,232693,77.0,HIGH,Medium Risk Alert,2025-01-01 18:58:00,Monitor,Under Review
ALT000599,T019673,A0149,A0457,139197,90.0,HIGH,Critical Fraud Alert,2025-01-01 18:59:00,Block Transaction,Under Review
ALT000600,T019692,A0404,A0328,420715,93.0,HIGH,Critical Fraud Alert,2025-01-01 19:00:00,Block Transaction,Under Review
ALT000601,T019693,A0173,A0108,130398,94.0,HIGH,Critical Fraud Alert,2025-01-01 19:01:00,Block Transaction,Resolved
ALT000602,T019706,A0183,A0308,119868,89.25,HIGH,High Risk Alert,2025-01-01 19:02:00,Manual Review,Under Review
ALT000603,T019738,A0361,A0458,107051,79.0,HIGH,Medium Risk Alert,2025-01-01 19:03:00,Monitor,Under Review
ALT000604,T019780,A0143,A0080,139039,76.75,HIGH,Medium Risk Alert,2025-01-01 19:04:00,Monitor,Resolved
ALT000605,T019799,A0208,A0288,480208,80.0,HIGH,High Risk Alert,2025-01-01 19:05:00,Manual Review,Open
ALT000606,T019834,A0180,A0257,134972,92.25,HIGH,Critical Fraud Alert,2025-01-01 19:06:00,Block Transaction,Under Review
ALT000607,T019837,A0349,A0004,174295,89.87,HIGH,High Risk Alert,2025-01-01 19:07:00,Manual Review,Open
ALT000608,T019870,A0266,A0108,50279,81.8,HIGH,High Risk Alert,2025-01-01 19:08:00,Manual Review,Open
ALT000609,T019914,A0162,A0328,130720,90.0,HIGH,Critical Fraud Alert,2025-01-01 19:09:00,Block Transaction,Open
ALT000610,T019922,A0122,A0011,93066,94.0,HIGH,Critical Fraud Alert,2025-01-01 19:10:00,Block Transaction,Under Review
ALT000611,T019984,A0201,A0491,114181,91.75,HIGH,Critical Fraud Alert,2025-01-01 19:11:00,Block Transaction,Under Review
ALT000612,T020044,A0345,A0238,135910,86.45,HIGH,High Risk Alert,2025-01-01 19:12:00,Manual Review,Under Review
ALT000613,T020067,A0190,A0108,166671,92.75,HIGH,Critical Fraud Alert,2025-01-01 19:13:00,Block Transaction,Under Review
ALT000614,T020154,A0112,A0004,153910,89.75,HIGH,High Risk Alert,2025-01-01 19:14:00,Manual Review,Open
ALT000615,T020228,A0464,A0011,164465,90.5,HIGH,Critical Fraud Alert,2025-01-01 19:15:00,Block Transaction,Open
ALT000616,T020238,A0439,A0285,189612,89.5,HIGH,High Risk Alert,2025-01-01 19:16:00,Manual Review,Open
ALT000617,T020246,A0027,A0433,123235,91.5,HIGH,Critical Fraud Alert,2025-01-01 19:17:00,Block Transaction,Open
ALT000618,T020308,A0148,A0012,322456,80.25,HIGH,High Risk Alert,2025-01-01 19:18:00,Manual Review,Under Review
ALT000619,T020353,A0233,A0024,95724,93.5,HIGH,Critical Fraud Alert,2025-01-01 19:19:00,Block Transaction,Open
ALT000620,T020377,A0107,A0109,164388,90.0,HIGH,Critical Fraud Alert,2025-01-01 19:20:00,Block Transaction,Open
ALT000621,T020456,A0021,A0454,253582,79.5,HIGH,Medium Risk Alert,2025-01-01 19:21:00,Monitor,Open
ALT000622,T020523,A0215,A0278,457888,82.75,HIGH,High Risk Alert,2025-01-01 19:22:00,Manual Review,Resolved
ALT000623,T020527,A0239,A0457,86815,90.0,HIGH,Critical Fraud Alert,2025-01-01 19:23:00,Block Transaction,Resolved
ALT000624,T020549,A0403,A0353,117273,89.5,HIGH,High Risk Alert,2025-01-01 19:24:00,Manual Review,Resolved
ALT000625,T020592,A0345,A0394,89365,77.8,HIGH,Medium Risk Alert,2025-01-01 19:25:00,Monitor,Under Review
ALT000626,T020594,A0231,A0254,109293,94.0,HIGH,Critical Fraud Alert,2025-01-01 19:26:00,Block Transaction,Open
ALT000627,T020646,A0216,A0056,185941,93.25,HIGH,Critical Fraud Alert,2025-01-01 19:27:00,Block Transaction,Under Review
ALT000628,T020698,A0057,A0079,69784,90.25,HIGH,Critical Fraud Alert,2025-01-01 19:28:00,Block Transaction,Open
ALT000629,T020703,A0468,A0227,189622,77.25,HIGH,Medium Risk Alert,2025-01-01 19:29:00,Monitor,Open
ALT000630,T020723,A0260,A0278,390133,86.25,HIGH,High Risk Alert,2025-01-01 19:30:00,Manual Review,Under Review
ALT000631,T020802,A0414,A0237,94996,78.54,HIGH,Medium Risk Alert,2025-01-01 19:31:00,Monitor,Open
ALT000632,T020822,A0289,A0433,185494,91.5,HIGH,Critical Fraud Alert,2025-01-01 19:32:00,Block Transaction,Under Review
ALT000633,T020836,A0439,A0328,159536,91.0,HIGH,Critical Fraud Alert,2025-01-01 19:33:00,Block Transaction,Open
ALT000634,T020863,A0236,A0238,83767,85.01,HIGH,High Risk Alert,2025-01-01 19:34:00,Manual Review,Under Review
ALT000635,T020896,A0453,A0056,66113,80.05,HIGH,High Risk Alert,2025-01-01 19:35:00,Manual Review,Under Review
ALT000636,T020897,A0291,A0234,118312,93.25,HIGH,Critical Fraud Alert,2025-01-01 19:36:00,Block Transaction,Under Review
ALT000637,T020909,A0451,A0433,94719,88.07,HIGH,High Risk Alert,2025-01-01 19:37:00,Manual Review,Under Review
ALT000638,T021053,A0085,A0254,121170,85.98,HIGH,High Risk Alert,2025-01-01 19:38:00,Manual Review,Resolved
ALT000639,T021064,A0005,A0109,166234,91.5,HIGH,Critical Fraud Alert,2025-01-01 19:39:00,Block Transaction,Under Review
ALT000640,T021100,A0078,A0433,88099,79.08,HIGH,Medium Risk Alert,2025-01-01 19:40:00,Monitor,Open
ALT000641,T021106,A0452,A0024,64819,90.5,HIGH,Critical Fraud Alert,2025-01-01 19:41:00,Block Transaction,Open
ALT000642,T021109,A0485,A0177,155640,92.25,HIGH,Critical Fraud Alert,2025-01-01 19:42:00,Block Transaction,Open
ALT000643,T021145,A0498,A0299,194531,89.25,HIGH,High Risk Alert,2025-01-01 19:43:00,Manual Review,Open
ALT000644,T021164,A0421,A0056,96664,90.75,HIGH,Critical Fraud Alert,2025-01-01 19:44:00,Block Transaction,Under Review
ALT000645,T021191,A0294,A0177,160610,86.46,HIGH,High Risk Alert,2025-01-01 19:45:00,Manual Review,Under Review
ALT000646,T021220,A0270,A0394,174301,89.0,HIGH,High Risk Alert,2025-01-01 19:46:00,Manual Review,Resolved
ALT000647,T021288,A0337,A0481,167455,81.25,HIGH,High Risk Alert,2025-01-01 19:47:00,Manual Review,Under Review
ALT000648,T021338,A0138,A0394,76240,81.07,HIGH,High Risk Alert,2025-01-01 19:48:00,Manual Review,Open
ALT000649,T021515,A0440,A0004,150729,87.19,HIGH,High Risk Alert,2025-01-01 19:49:00,Manual Review,Under Review
ALT000650,T021550,A0284,A0238,189047,89.25,HIGH,High Risk Alert,2025-01-01 19:50:00,Manual Review,Open
ALT000651,T021563,A0474,A0238,125354,81.6,HIGH,High Risk Alert,2025-01-01 19:51:00,Manual Review,Open
ALT000652,T021596,A0419,A0383,244793,75.5,HIGH,Medium Risk Alert,2025-01-01 19:52:00,Monitor,Open
ALT000653,T021604,A0043,A0011,75884,85.23,HIGH,High Risk Alert,2025-01-01 19:53:00,Manual Review,Open
ALT000654,T021680,A0294,A0050,347204,78.5,HIGH,Medium Risk Alert,2025-01-01 19:54:00,Monitor,Open
ALT000655,T021683,A0228,A0457,102886,88.09,HIGH,High Risk Alert,2025-01-01 19:55:00,Manual Review,Open
ALT000656,T021694,A0025,A0024,52789,78.4,HIGH,Medium Risk Alert,2025-01-01 19:56:00,Monitor,Open
ALT000657,T021696,A0251,A0328,144980,89.5,HIGH,High Risk Alert,2025-01-01 19:57:00,Manual Review,Open
ALT000658,T021740,A0426,A0491,183360,91.5,HIGH,Critical Fraud Alert,2025-01-01 19:58:00,Block Transaction,Under Review
ALT000659,T021743,A0452,A0024,76151,89.0,HIGH,High Risk Alert,2025-01-01 19:59:00,Manual Review,Open
ALT000660,T021773,A0208,A0257,153880,86.18,HIGH,High Risk Alert,2025-01-01 20:00:00,Manual Review,Open
ALT000661,T021800,A0008,A0394,168666,89.0,HIGH,High Risk Alert,2025-01-01 20:01:00,Manual Review,Open
ALT000662,T021828,A0149,A0328,197360,91.0,HIGH,Critical Fraud Alert,2025-01-01 20:02:00,Block Transaction,Open
ALT000663,T021840,A0117,A0241,142091,76.25,HIGH,Medium Risk Alert,2025-01-01 20:03:00,Monitor,Under Review
ALT000664,T021883,A0222,A0443,140842,89.63,HIGH,High Risk Alert,2025-01-01 20:04:00,Manual Review,Open
ALT000665,T021920,A0278,A0220,345115,92.75,HIGH,Critical Fraud Alert,2025-01-01 20:05:00,Block Transaction,Under Review
ALT000666,T021939,A0158,A0237,146715,89.36,HIGH,High Risk Alert,2025-01-01 20:06:00,Manual Review,Open
ALT000667,T021956,A0149,A0465,82800,83.54,HIGH,High Risk Alert,2025-01-01 20:07:00,Manual Review,Under Review
ALT000668,T021980,A0230,A0056,108663,89.5,HIGH,High Risk Alert,2025-01-01 20:08:00,Manual Review,Under Review
ALT000669,T021984,A0360,A0095,455952,82.5,HIGH,High Risk Alert,2025-01-01 20:09:00,Manual Review,Open
ALT000670,T021988,A0290,A0433,131340,89.0,HIGH,High Risk Alert,2025-01-01 20:10:00,Manual Review,Under Review
ALT000671,T022011,A0436,A0238,185976,91.0,HIGH,Critical Fraud Alert,2025-01-01 20:11:00,Block Transaction,Under Review
ALT000672,T022034,A0156,A0465,65330,82.55,HIGH,High Risk Alert,2025-01-01 20:12:00,Manual Review,Open
ALT000673,T022074,A0269,A0483,117294,90.94,HIGH,Critical Fraud Alert,2025-01-01 20:13:00,Block Transaction,Under Review
ALT000674,T022111,A0426,A0236,224401,77.0,HIGH,Medium Risk Alert,2025-01-01 20:14:00,Monitor,Under Review
ALT000675,T022180,A0240,A0257,81449,89.0,HIGH,High Risk Alert,2025-01-01 20:15:00,Manual Review,Open
ALT000676,T022187,A0371,A0433,187181,94.75,HIGH,Critical Fraud Alert,2025-01-01 20:16:00,Block Transaction,Under Review
ALT000677,T022213,A0491,A0004,193147,76.02,HIGH,Medium Risk Alert,2025-01-01 20:17:00,Monitor,Open
ALT000678,T022220,A0244,A0299,152245,90.75,HIGH,Critical Fraud Alert,2025-01-01 20:18:00,Block Transaction,Open
ALT000679,T022245,A0198,A0177,163773,93.25,HIGH,Critical Fraud Alert,2025-01-01 20:19:00,Block Transaction,Under Review
ALT000680,T022246,A0351,A0257,100211,89.24,HIGH,High Risk Alert,2025-01-01 20:20:00,Manual Review,Open
ALT000681,T022274,A0132,A0079,87568,80.0,HIGH,High Risk Alert,2025-01-01 20:21:00,Manual Review,Open
ALT000682,T022285,A0468,A0309,476148,78.75,HIGH,Medium Risk Alert,2025-01-01 20:22:00,Monitor,Open
ALT000683,T022547,A0186,A0021,390007,77.0,HIGH,Medium Risk Alert,2025-01-01 20:23:00,Monitor,Open
ALT000684,T022582,A0169,A0328,195036,94.25,HIGH,Critical Fraud Alert,2025-01-01 20:24:00,Block Transaction,Open
ALT000685,T022586,A0480,A0191,257740,75.5,HIGH,Medium Risk Alert,2025-01-01 20:25:00,Monitor,Resolved
ALT000686,T022626,A0239,A0109,81446,93.0,HIGH,Critical Fraud Alert,2025-01-01 20:26:00,Block Transaction,Under Review
ALT000687,T022641,A0210,A0056,106528,81.86,HIGH,High Risk Alert,2025-01-01 20:27:00,Manual Review,Under Review
ALT000688,T022645,A0208,A0238,173709,91.76,HIGH,Critical Fraud Alert,2025-01-01 20:28:00,Block Transaction,Open
ALT000689,T022648,A0121,A0257,293292,94.0,HIGH,Critical Fraud Alert,2025-01-01 20:29:00,Block Transaction,Open
ALT000690,T022670,A0095,A0108,169833,92.0,HIGH,Critical Fraud Alert,2025-01-01 20:30:00,Block Transaction,Open
ALT000691,T022709,A0304,A0238,335460,91.25,HIGH,Critical Fraud Alert,2025-01-01 20:31:00,Block Transaction,Open
ALT000692,T022745,A0352,A0445,251000,78.75,HIGH,Medium Risk Alert,2025-01-01 20:32:00,Monitor,Under Review
ALT000693,T022825,A0205,A0238,187076,90.0,HIGH,Critical Fraud Alert,2025-01-01 20:33:00,Block Transaction,Open
ALT000694,T022853,A0253,A0285,102857,91.25,HIGH,Critical Fraud Alert,2025-01-01 20:34:00,Block Transaction,Resolved
ALT000695,T022888,A0211,A0254,142501,91.5,HIGH,Critical Fraud Alert,2025-01-01 20:35:00,Block Transaction,Open
ALT000696,T022960,A0361,A0238,52125,79.2,HIGH,Medium Risk Alert,2025-01-01 20:36:00,Monitor,Open
ALT000697,T022977,A0432,A0394,192040,89.0,HIGH,High Risk Alert,2025-01-01 20:37:00,Manual Review,Open
ALT000698,T023000,A0363,A0095,356416,77.25,HIGH,Medium Risk Alert,2025-01-01 20:38:00,Monitor,Open
ALT000699,T023025,A0105,A0257,58678,77.34,HIGH,Medium Risk Alert,2025-01-01 20:39:00,Monitor,Under Review
ALT000700,T023071,A0129,A0257,128258,88.44,HIGH,High Risk Alert,2025-01-01 20:40:00,Manual Review,Open
ALT000701,T023072,A0245,A0234,130478,89.0,HIGH,High Risk Alert,2025-01-01 20:41:00,Manual Review,Under Review
ALT000702,T023077,A0053,A0285,187111,94.25,HIGH,Critical Fraud Alert,2025-01-01 20:42:00,Block Transaction,Resolved
ALT000703,T023081,A0258,A0108,74472,82.69,HIGH,High Risk Alert,2025-01-01 20:43:00,Manual Review,Resolved
ALT000704,T023128,A0474,A0257,83483,75.64,HIGH,Medium Risk Alert,2025-01-01 20:44:00,Monitor,Open
ALT000705,T023216,A0214,A0465,132602,94.5,HIGH,Critical Fraud Alert,2025-01-01 20:45:00,Block Transaction,Open
ALT000706,T023248,A0364,A0353,162188,90.0,HIGH,Critical Fraud Alert,2025-01-01 20:46:00,Block Transaction,Under Review
ALT000707,T023271,A0091,A0108,91268,86.86,HIGH,High Risk Alert,2025-01-01 20:47:00,Manual Review,Resolved
ALT000708,T023308,A0408,A0079,151184,83.12,HIGH,High Risk Alert,2025-01-01 20:48:00,Manual Review,Open
ALT000709,T023421,A0150,A0012,156152,78.0,HIGH,Medium Risk Alert,2025-01-01 20:49:00,Monitor,Under Review
ALT000710,T023494,A0255,A0024,100149,78.85,HIGH,Medium Risk Alert,2025-01-01 20:50:00,Monitor,Under Review
ALT000711,T023500,A0422,A0394,169380,89.5,HIGH,High Risk Alert,2025-01-01 20:51:00,Manual Review,Under Review
ALT000712,T023572,A0497,A0056,152867,94.5,HIGH,Critical Fraud Alert,2025-01-01 20:52:00,Block Transaction,Resolved
ALT000713,T023573,A0126,A0234,76074,78.93,HIGH,Medium Risk Alert,2025-01-01 20:53:00,Monitor,Open
ALT000714,T023675,A0132,A0130,439696,79.0,HIGH,Medium Risk Alert,2025-01-01 20:54:00,Monitor,Resolved
ALT000715,T023676,A0438,A0238,62596,79.13,HIGH,Medium Risk Alert,2025-01-01 20:55:00,Monitor,Open
ALT000716,T023700,A0050,A0328,191038,89.5,HIGH,High Risk Alert,2025-01-01 20:56:00,Manual Review,Resolved
ALT000717,T023798,A0223,A0052,299250,77.75,HIGH,Medium Risk Alert,2025-01-01 20:57:00,Monitor,Under Review
ALT000718,T023826,A0052,A0012,422387,81.75,HIGH,High Risk Alert,2025-01-01 20:58:00,Manual Review,Open
ALT000719,T023832,A0067,A0056,159620,92.29,HIGH,Critical Fraud Alert,2025-01-01 20:59:00,Block Transaction,Under Review
ALT000720,T023898,A0474,A0088,62349,75.88,HIGH,Medium Risk Alert,2025-01-01 21:00:00,Monitor,Under Review
ALT000721,T023899,A0487,A0269,464938,76.5,HIGH,Medium Risk Alert,2025-01-01 21:01:00,Monitor,Open
ALT000722,T023937,A0013,A0433,88063,82.37,HIGH,High Risk Alert,2025-01-01 21:02:00,Manual Review,Under Review
ALT000723,T023939,A0354,A0491,106471,92.5,HIGH,Critical Fraud Alert,2025-01-01 21:03:00,Block Transaction,Under Review
ALT000724,T023968,A0043,A0101,333922,75.25,HIGH,Medium Risk Alert,2025-01-01 21:04:00,Monitor,Resolved
ALT000725,T024034,A0494,A0443,173104,91.5,HIGH,Critical Fraud Alert,2025-01-01 21:05:00,Block Transaction,Open
ALT000726,T024056,A0097,A0257,120755,89.75,HIGH,High Risk Alert,2025-01-01 21:06:00,Manual Review,Open
ALT000727,T024060,A0133,A0472,301518,75.0,HIGH,Medium Risk Alert,2025-01-01 21:07:00,Monitor,Under Review
ALT000728,T024076,A0275,A0483,129930,89.41,HIGH,High Risk Alert,2025-01-01 21:08:00,Manual Review,Under Review
ALT000729,T024114,A0379,A0299,52881,77.53,HIGH,Medium Risk Alert,2025-01-01 21:09:00,Monitor,Resolved
ALT000730,T024169,A0015,A0299,153726,90.75,HIGH,Critical Fraud Alert,2025-01-01 21:10:00,Block Transaction,Under Review
ALT000731,T024286,A0190,A0024,136388,94.5,HIGH,Critical Fraud Alert,2025-01-01 21:11:00,Block Transaction,Under Review
ALT000732,T024296,A0281,A0493,158931,75.5,HIGH,Medium Risk Alert,2025-01-01 21:12:00,Monitor,Resolved
ALT000733,T024350,A0165,A0079,173468,91.25,HIGH,Critical Fraud Alert,2025-01-01 21:13:00,Block Transaction,Open
ALT000734,T024361,A0157,A0168,494275,77.0,HIGH,Medium Risk Alert,2025-01-01 21:14:00,Monitor,Resolved
ALT000735,T024396,A0428,A0309,327131,76.75,HIGH,Medium Risk Alert,2025-01-01 21:15:00,Monitor,Open
ALT000736,T024467,A0394,A0465,458267,85.37,HIGH,High Risk Alert,2025-01-01 21:16:00,Manual Review,Under Review
ALT000737,T024480,A0429,A0220,66921,79.64,HIGH,Medium Risk Alert,2025-01-01 21:17:00,Monitor,Resolved
ALT000738,T024504,A0048,A0443,134230,89.75,HIGH,High Risk Alert,2025-01-01 21:18:00,Manual Review,Under Review
ALT000739,T024545,A0025,A0108,84325,88.95,HIGH,High Risk Alert,2025-01-01 21:19:00,Manual Review,Open
ALT000740,T024557,A0110,A0344,128288,92.5,HIGH,Critical Fraud Alert,2025-01-01 21:20:00,Block Transaction,Open
ALT000741,T024572,A0195,A0056,192257,91.75,HIGH,Critical Fraud Alert,2025-01-01 21:21:00,Block Transaction,Resolved
ALT000742,T024706,A0470,A0024,81511,83.09,HIGH,High Risk Alert,2025-01-01 21:22:00,Manual Review,Resolved
ALT000743,T024708,A0138,A0394,81670,82.98,HIGH,High Risk Alert,2025-01-01 21:23:00,Manual Review,Open
ALT000744,T024721,A0034,A0126,235975,76.75,HIGH,Medium Risk Alert,2025-01-01 21:24:00,Monitor,Under Review
ALT000745,T024750,A0110,A0024,133568,92.75,HIGH,Critical Fraud Alert,2025-01-01 21:25:00,Block Transaction,Open
ALT000746,T024782,A0115,A0104,203559,78.0,HIGH,Medium Risk Alert,2025-01-01 21:26:00,Monitor,Under Review
ALT000747,T024783,A0175,A0491,196307,89.85,HIGH,High Risk Alert,2025-01-01 21:27:00,Manual Review,Open
ALT000748,T024808,A0262,A0024,115493,81.64,HIGH,High Risk Alert,2025-01-01 21:28:00,Manual Review,Open
ALT000749,T024837,A0287,A0257,111747,85.13,HIGH,High Risk Alert,2025-01-01 21:29:00,Manual Review,Open
ALT000750,T024883,A0383,A0024,105787,93.0,HIGH,Critical Fraud Alert,2025-01-01 21:30:00,Block Transaction,Open
ALT000751,T024894,A0010,A0491,126917,90.25,HIGH,Critical Fraud Alert,2025-01-01 21:31:00,Block Transaction,Resolved
ALT000752,T024916,A0066,A0257,135419,87.23,HIGH,High Risk Alert,2025-01-01 21:32:00,Manual Review,Resolved
ALT000753,T024932,A0356,A0347,91450,93.0,HIGH,Critical Fraud Alert,2025-01-01 21:33:00,Block Transaction,Under Review
ALT000754,T024972,A0262,A0373,388996,76.5,HIGH,Medium Risk Alert,2025-01-01 21:34:00,Monitor,Open
ALT000755,T025017,A0446,A0234,107585,90.25,HIGH,Critical Fraud Alert,2025-01-01 21:35:00,Block Transaction,Resolved
ALT000756,T025085,A0496,A0234,195548,93.0,HIGH,Critical Fraud Alert,2025-01-01 21:36:00,Block Transaction,Under Review
ALT000757,T025087,A0292,A0079,86325,93.75,HIGH,Critical Fraud Alert,2025-01-01 21:37:00,Block Transaction,Under Review
ALT000758,T025123,A0226,A0465,155705,88.75,HIGH,High Risk Alert,2025-01-01 21:38:00,Manual Review,Open
ALT000759,T025131,A0021,A0109,102137,90.08,HIGH,Critical Fraud Alert,2025-01-01 21:39:00,Block Transaction,Resolved
ALT000760,T025154,A0401,A0220,148719,90.5,HIGH,Critical Fraud Alert,2025-01-01 21:40:00,Block Transaction,Resolved
ALT000761,T025158,A0263,A0024,198908,91.25,HIGH,Critical Fraud Alert,2025-01-01 21:41:00,Block Transaction,Under Review
ALT000762,T025159,A0450,A0109,132426,92.5,HIGH,Critical Fraud Alert,2025-01-01 21:42:00,Block Transaction,Open
ALT000763,T025167,A0015,A0394,123532,92.25,HIGH,Critical Fraud Alert,2025-01-01 21:43:00,Block Transaction,Under Review
ALT000764,T025193,A0032,A0394,170998,94.5,HIGH,Critical Fraud Alert,2025-01-01 21:44:00,Block Transaction,Under Review
ALT000765,T025223,A0243,A0254,75408,93.5,HIGH,Critical Fraud Alert,2025-01-01 21:45:00,Block Transaction,Resolved
ALT000766,T025235,A0242,A0024,148221,89.75,HIGH,High Risk Alert,2025-01-01 21:46:00,Manual Review,Under Review
ALT000767,T025238,A0440,A0108,164590,89.73,HIGH,High Risk Alert,2025-01-01 21:47:00,Manual Review,Under Review
ALT000768,T025249,A0119,A0012,263083,82.0,HIGH,High Risk Alert,2025-01-01 21:48:00,Manual Review,Under Review
ALT000769,T025263,A0186,A0237,99454,85.26,HIGH,High Risk Alert,2025-01-01 21:49:00,Manual Review,Under Review
ALT000770,T025410,A0346,A0109,119576,89.0,HIGH,High Risk Alert,2025-01-01 21:50:00,Manual Review,Resolved
ALT000771,T025414,A0493,A0440,161596,75.0,HIGH,Medium Risk Alert,2025-01-01 21:51:00,Monitor,Under Review
ALT000772,T025418,A0459,A0394,76224,85.19,HIGH,High Risk Alert,2025-01-01 21:52:00,Manual Review,Under Review
ALT000773,T025421,A0395,A0349,194654,77.75,HIGH,Medium Risk Alert,2025-01-01 21:53:00,Monitor,Under Review
ALT000774,T025428,A0488,A0188,347111,77.0,HIGH,Medium Risk Alert,2025-01-01 21:54:00,Monitor,Under Review
ALT000775,T025433,A0467,A0433,185162,94.5,HIGH,Critical Fraud Alert,2025-01-01 21:55:00,Block Transaction,Open
ALT000776,T025480,A0377,A0394,99265,89.1,HIGH,High Risk Alert,2025-01-01 21:56:00,Manual Review,Open
ALT000777,T025488,A0026,A0108,183308,88.06,HIGH,High Risk Alert,2025-01-01 21:57:00,Manual Review,Open
ALT000778,T025541,A0210,A0491,124069,85.63,HIGH,High Risk Alert,2025-01-01 21:58:00,Manual Review,Open
ALT000779,T025554,A0019,A0470,273223,77.5,HIGH,Medium Risk Alert,2025-01-01 21:59:00,Monitor,Open
ALT000780,T025559,A0470,A0088,147311,90.5,HIGH,Critical Fraud Alert,2025-01-01 22:00:00,Block Transaction,Open
ALT000781,T025560,A0143,A0237,173818,91.5,HIGH,Critical Fraud Alert,2025-01-01 22:01:00,Block Transaction,Under Review
ALT000782,T025619,A0263,A0257,107022,86.54,HIGH,High Risk Alert,2025-01-01 22:02:00,Manual Review,Under Review
ALT000783,T025640,A0461,A0285,149200,91.75,HIGH,Critical Fraud Alert,2025-01-01 22:03:00,Block Transaction,Open
ALT000784,T025652,A0361,A0177,144263,93.5,HIGH,Critical Fraud Alert,2025-01-01 22:04:00,Block Transaction,Open
ALT000785,T025657,A0327,A0304,230391,76.75,HIGH,Medium Risk Alert,2025-01-01 22:05:00,Monitor,Under Review
ALT000786,T025673,A0267,A0257,141781,94.0,HIGH,Critical Fraud Alert,2025-01-01 22:06:00,Block Transaction,Open
ALT000787,T025764,A0166,A0234,74422,79.2,HIGH,Medium Risk Alert,2025-01-01 22:07:00,Monitor,Open
ALT000788,T025781,A0112,A0443,173968,90.5,HIGH,Critical Fraud Alert,2025-01-01 22:08:00,Block Transaction,Under Review
ALT000789,T025824,A0123,A0153,360923,75.75,HIGH,Medium Risk Alert,2025-01-01 22:09:00,Monitor,Open
ALT000790,T025830,A0325,A0304,350126,77.25,HIGH,Medium Risk Alert,2025-01-01 22:10:00,Monitor,Open
ALT000791,T025877,A0044,A0238,87263,88.05,HIGH,High Risk Alert,2025-01-01 22:11:00,Manual Review,Open
ALT000792,T025879,A0081,A0299,147147,89.5,HIGH,High Risk Alert,2025-01-01 22:12:00,Manual Review,Open
ALT000793,T025883,A0301,A0220,85540,82.78,HIGH,High Risk Alert,2025-01-01 22:13:00,Manual Review,Open
ALT000794,T025943,A0170,A0088,64651,84.92,HIGH,High Risk Alert,2025-01-01 22:14:00,Manual Review,Open
ALT000795,T025956,A0316,A0315,259952,83.75,HIGH,High Risk Alert,2025-01-01 22:15:00,Manual Review,Open
ALT000796,T025978,A0012,A0238,131163,89.5,HIGH,High Risk Alert,2025-01-01 22:16:00,Manual Review,Open
ALT000797,T026012,A0364,A0079,190231,92.25,HIGH,Critical Fraud Alert,2025-01-01 22:17:00,Block Transaction,Open
ALT000798,T026017,A0021,A0252,139352,80.75,HIGH,High Risk Alert,2025-01-01 22:18:00,Manual Review,Open
ALT000799,T026023,A0305,A0433,133112,88.75,HIGH,High Risk Alert,2025-01-01 22:19:00,Manual Review,Open
ALT000800,T026029,A0366,A0236,177540,76.34,HIGH,Medium Risk Alert,2025-01-01 22:20:00,Monitor,Open
ALT000801,T026074,A0204,A0271,301295,80.5,HIGH,High Risk Alert,2025-01-01 22:21:00,Manual Review,Open
ALT000802,T026105,A0200,A0491,122414,91.25,HIGH,Critical Fraud Alert,2025-01-01 22:22:00,Block Transaction,Under Review
ALT000803,T026108,A0176,A0394,364276,91.0,HIGH,Critical Fraud Alert,2025-01-01 22:23:00,Block Transaction,Open
ALT000804,T026122,A0272,A0315,347460,81.5,HIGH,High Risk Alert,2025-01-01 22:24:00,Manual Review,Under Review
ALT000805,T026132,A0128,A0056,50126,77.55,HIGH,Medium Risk Alert,2025-01-01 22:25:00,Monitor,Under Review
ALT000806,T026149,A0477,A0257,140102,91.62,HIGH,Critical Fraud Alert,2025-01-01 22:26:00,Block Transaction,Open
ALT000807,T026189,A0403,A0475,204937,76.25,HIGH,Medium Risk Alert,2025-01-01 22:27:00,Monitor,Open
ALT000808,T026232,A0486,A0252,358531,84.0,HIGH,High Risk Alert,2025-01-01 22:28:00,Manual Review,Under Review
ALT000809,T026298,A0463,A0299,134545,89.5,HIGH,High Risk Alert,2025-01-01 22:29:00,Manual Review,Open
ALT000810,T026335,A0222,A0457,174099,90.5,HIGH,Critical Fraud Alert,2025-01-01 22:30:00,Block Transaction,Open
ALT000811,T026357,A0170,A0122,212126,81.0,HIGH,High Risk Alert,2025-01-01 22:31:00,Manual Review,Under Review
ALT000812,T026367,A0078,A0433,139752,85.04,HIGH,High Risk Alert,2025-01-01 22:32:00,Manual Review,Under Review
ALT000813,T026376,A0360,A0257,137848,86.63,HIGH,High Risk Alert,2025-01-01 22:33:00,Manual Review,Open
ALT000814,T026424,A0244,A0394,179721,91.0,HIGH,Critical Fraud Alert,2025-01-01 22:34:00,Block Transaction,Open
ALT000815,T026443,A0090,A0065,174663,93.5,HIGH,Critical Fraud Alert,2025-01-01 22:35:00,Block Transaction,Under Review
ALT000816,T026446,A0038,A0056,91896,87.69,HIGH,High Risk Alert,2025-01-01 22:36:00,Manual Review,Open
ALT000817,T026455,A0485,A0237,180837,92.5,HIGH,Critical Fraud Alert,2025-01-01 22:37:00,Block Transaction,Open
ALT000818,T026547,A0211,A0268,227523,77.25,HIGH,Medium Risk Alert,2025-01-01 22:38:00,Monitor,Open
ALT000819,T026569,A0206,A0023,398409,80.25,HIGH,High Risk Alert,2025-01-01 22:39:00,Manual Review,Open
ALT000820,T026599,A0163,A0021,246710,79.45,HIGH,Medium Risk Alert,2025-01-01 22:40:00,Monitor,Under Review
ALT000821,T026643,A0260,A0483,79602,84.13,HIGH,High Risk Alert,2025-01-01 22:41:00,Manual Review,Under Review
ALT000822,T026663,A0266,A0285,181291,90.0,HIGH,Critical Fraud Alert,2025-01-01 22:42:00,Block Transaction,Resolved
ALT000823,T026683,A0202,A0004,160034,91.25,HIGH,Critical Fraud Alert,2025-01-01 22:43:00,Block Transaction,Resolved
ALT000824,T026705,A0181,A0465,101514,82.26,HIGH,High Risk Alert,2025-01-01 22:44:00,Manual Review,Under Review
ALT000825,T026732,A0078,A0024,175859,89.63,HIGH,High Risk Alert,2025-01-01 22:45:00,Manual Review,Open
ALT000826,T026734,A0280,A0056,168937,91.0,HIGH,Critical Fraud Alert,2025-01-01 22:46:00,Block Transaction,Open
ALT000827,T026752,A0273,A0299,56719,78.37,HIGH,Medium Risk Alert,2025-01-01 22:47:00,Monitor,Under Review
ALT000828,T026797,A0166,A0024,70992,75.93,HIGH,Medium Risk Alert,2025-01-01 22:48:00,Monitor,Open
ALT000829,T026930,A0081,A0433,159464,90.25,HIGH,Critical Fraud Alert,2025-01-01 22:49:00,Block Transaction,Open
ALT000830,T026943,A0477,A0308,102756,81.91,HIGH,High Risk Alert,2025-01-01 22:50:00,Manual Review,Resolved
ALT000831,T026967,A0050,A0249,208311,80.25,HIGH,High Risk Alert,2025-01-01 22:51:00,Manual Review,Open
ALT000832,T026987,A0194,A0106,462758,79.75,HIGH,Medium Risk Alert,2025-01-01 22:52:00,Monitor,Open
ALT000833,T027011,A0371,A0257,164740,91.34,HIGH,Critical Fraud Alert,2025-01-01 22:53:00,Block Transaction,Under Review
ALT000834,T027023,A0370,A0205,340017,79.0,HIGH,Medium Risk Alert,2025-01-01 22:54:00,Monitor,Open
ALT000835,T027035,A0115,A0237,76822,89.21,HIGH,High Risk Alert,2025-01-01 22:55:00,Manual Review,Open
ALT000836,T027045,A0026,A0491,130446,80.98,HIGH,High Risk Alert,2025-01-01 22:56:00,Manual Review,Under Review
ALT000837,T027122,A0163,A0238,477053,91.5,HIGH,Critical Fraud Alert,2025-01-01 22:57:00,Block Transaction,Under Review
ALT000838,T027194,A0009,A0394,197909,93.5,HIGH,Critical Fraud Alert,2025-01-01 22:58:00,Block Transaction,Resolved
ALT000839,T027251,A0305,A0095,415112,80.75,HIGH,High Risk Alert,2025-01-01 22:59:00,Manual Review,Open
ALT000840,T027261,A0426,A0465,133115,89.5,HIGH,High Risk Alert,2025-01-01 23:00:00,Manual Review,Resolved
ALT000841,T027279,A0337,A0347,124443,92.25,HIGH,Critical Fraud Alert,2025-01-01 23:01:00,Block Transaction,Open
ALT000842,T027337,A0069,A0254,59373,87.9,HIGH,High Risk Alert,2025-01-01 23:02:00,Manual Review,Under Review
ALT000843,T027370,A0210,A0344,150755,87.6,HIGH,High Risk Alert,2025-01-01 23:03:00,Manual Review,Under Review
ALT000844,T027374,A0030,A0285,190430,89.5,HIGH,High Risk Alert,2025-01-01 23:04:00,Manual Review,Open
ALT000845,T027385,A0002,A0285,123537,91.0,HIGH,Critical Fraud Alert,2025-01-01 23:05:00,Block Transaction,Open
ALT000846,T027407,A0333,A0065,120245,93.27,HIGH,Critical Fraud Alert,2025-01-01 23:06:00,Block Transaction,Under Review
ALT000847,T027435,A0139,A0308,122009,84.37,HIGH,High Risk Alert,2025-01-01 23:07:00,Manual Review,Open
ALT000848,T027442,A0149,A0238,159740,93.5,HIGH,Critical Fraud Alert,2025-01-01 23:08:00,Block Transaction,Under Review
ALT000849,T027473,A0165,A0420,436389,75.25,HIGH,Medium Risk Alert,2025-01-01 23:09:00,Monitor,Open
ALT000850,T027481,A0403,A0344,109519,91.95,HIGH,Critical Fraud Alert,2025-01-01 23:10:00,Block Transaction,Open
ALT000851,T027540,A0260,A0095,304370,78.0,HIGH,Medium Risk Alert,2025-01-01 23:11:00,Monitor,Resolved
ALT000852,T027552,A0054,A0484,109962,76.75,HIGH,Medium Risk Alert,2025-01-01 23:12:00,Monitor,Open
ALT000853,T027557,A0027,A0056,108093,90.57,HIGH,Critical Fraud Alert,2025-01-01 23:13:00,Block Transaction,Under Review
ALT000854,T027566,A0138,A0079,84383,80.43,HIGH,High Risk Alert,2025-01-01 23:14:00,Manual Review,Under Review
ALT000855,T027576,A0463,A0383,451620,76.75,HIGH,Medium Risk Alert,2025-01-01 23:15:00,Monitor,Open
ALT000856,T027611,A0095,A0394,135472,93.75,HIGH,Critical Fraud Alert,2025-01-01 23:16:00,Block Transaction,Resolved
ALT000857,T027649,A0148,A0004,96410,80.61,HIGH,High Risk Alert,2025-01-01 23:17:00,Manual Review,Open
ALT000858,T027655,A0071,A0443,159291,93.5,HIGH,Critical Fraud Alert,2025-01-01 23:18:00,Block Transaction,Open
ALT000859,T027672,A0467,A0328,58996,79.41,HIGH,Medium Risk Alert,2025-01-01 23:19:00,Monitor,Open
ALT000860,T027753,A0154,A0278,258059,86.0,HIGH,High Risk Alert,2025-01-01 23:20:00,Manual Review,Open
ALT000861,T027773,A0427,A0254,272630,92.0,HIGH,Critical Fraud Alert,2025-01-01 23:21:00,Block Transaction,Open
ALT000862,T027788,A0183,A0238,88327,90.91,HIGH,Critical Fraud Alert,2025-01-01 23:22:00,Block Transaction,Open
ALT000863,T027820,A0492,A0065,72770,83.14,HIGH,High Risk Alert,2025-01-01 23:23:00,Manual Review,Open
ALT000864,T027839,A0430,A0238,55351,80.79,HIGH,High Risk Alert,2025-01-01 23:24:00,Manual Review,Resolved
ALT000865,T027872,A0198,A0011,71482,88.84,HIGH,High Risk Alert,2025-01-01 23:25:00,Manual Review,Resolved
ALT000866,T027907,A0069,A0328,103007,89.5,HIGH,High Risk Alert,2025-01-01 23:26:00,Manual Review,Open
ALT000867,T027963,A0326,A0463,165128,77.25,HIGH,Medium Risk Alert,2025-01-01 23:27:00,Monitor,Under Review
ALT000868,T027971,A0105,A0108,128642,83.19,HIGH,High Risk Alert,2025-01-01 23:28:00,Manual Review,Resolved
ALT000869,T027984,A0042,A0177,155980,85.66,HIGH,High Risk Alert,2025-01-01 23:29:00,Manual Review,Resolved
ALT000870,T027999,A0095,A0238,109580,94.0,HIGH,Critical Fraud Alert,2025-01-01 23:30:00,Block Transaction,Under Review
ALT000871,T028003,A0182,A0237,135618,89.75,HIGH,High Risk Alert,2025-01-01 23:31:00,Manual Review,Open
ALT000872,T028008,A0327,A0491,60641,78.73,HIGH,Medium Risk Alert,2025-01-01 23:32:00,Monitor,Under Review
ALT000873,T028042,A0134,A0347,111554,91.25,HIGH,Critical Fraud Alert,2025-01-01 23:33:00,Block Transaction,Resolved
ALT000874,T028059,A0053,A0257,105047,90.0,HIGH,Critical Fraud Alert,2025-01-01 23:34:00,Block Transaction,Resolved
ALT000875,T028070,A0030,A0011,116257,90.0,HIGH,Critical Fraud Alert,2025-01-01 23:35:00,Block Transaction,Open
ALT000876,T028075,A0158,A0238,112777,80.04,HIGH,High Risk Alert,2025-01-01 23:36:00,Manual Review,Open
ALT000877,T028088,A0182,A0257,98600,94.25,HIGH,Critical Fraud Alert,2025-01-01 23:37:00,Block Transaction,Open
ALT000878,T028132,A0001,A0285,105158,90.0,HIGH,Critical Fraud Alert,2025-01-01 23:38:00,Block Transaction,Under Review
ALT000879,T028166,A0131,A0056,51246,77.09,HIGH,Medium Risk Alert,2025-01-01 23:39:00,Monitor,Under Review
ALT000880,T028184,A0393,A0483,52501,78.66,HIGH,Medium Risk Alert,2025-01-01 23:40:00,Monitor,Under Review
ALT000881,T028186,A0081,A0285,97216,88.78,HIGH,High Risk Alert,2025-01-01 23:41:00,Manual Review,Under Review
ALT000882,T028289,A0073,A0328,114612,80.37,HIGH,High Risk Alert,2025-01-01 23:42:00,Manual Review,Open
ALT000883,T028297,A0371,A0056,112557,86.21,HIGH,High Risk Alert,2025-01-01 23:43:00,Manual Review,Under Review
ALT000884,T028356,A0341,A0220,160542,89.5,HIGH,High Risk Alert,2025-01-01 23:44:00,Manual Review,Resolved
ALT000885,T028451,A0089,A0238,97848,83.05,HIGH,High Risk Alert,2025-01-01 23:45:00,Manual Review,Open
ALT000886,T028555,A0303,A0433,149728,90.25,HIGH,Critical Fraud Alert,2025-01-01 23:46:00,Block Transaction,Open
ALT000887,T028560,A0161,A0299,159352,89.75,HIGH,High Risk Alert,2025-01-01 23:47:00,Manual Review,Under Review
ALT000888,T028566,A0157,A0278,378862,82.75,HIGH,High Risk Alert,2025-01-01 23:48:00,Manual Review,Open
ALT000889,T028650,A0115,A0299,178723,90.25,HIGH,Critical Fraud Alert,2025-01-01 23:49:00,Block Transaction,Under Review
ALT000890,T028689,A0175,A0238,93590,79.65,HIGH,Medium Risk Alert,2025-01-01 23:50:00,Monitor,Under Review
ALT000891,T028736,A0430,A0315,320328,80.25,HIGH,High Risk Alert,2025-01-01 23:51:00,Manual Review,Open
ALT000892,T028756,A0484,A0254,126080,88.75,HIGH,High Risk Alert,2025-01-01 23:52:00,Manual Review,Open
ALT000893,T028778,A0191,A0483,103653,90.68,HIGH,Critical Fraud Alert,2025-01-01 23:53:00,Block Transaction,Under Review
ALT000894,T028783,A0458,A0211,197939,79.75,HIGH,Medium Risk Alert,2025-01-01 23:54:00,Monitor,Under Review
ALT000895,T028823,A0429,A0135,399770,75.0,HIGH,Medium Risk Alert,2025-01-01 23:55:00,Monitor,Resolved
ALT000896,T028842,A0458,A0177,170564,88.29,HIGH,High Risk Alert,2025-01-01 23:56:00,Manual Review,Open
ALT000897,T028854,A0252,A0237,110904,85.84,HIGH,High Risk Alert,2025-01-01 23:57:00,Manual Review,Open
ALT000898,T028874,A0470,A0238,146877,93.25,HIGH,Critical Fraud Alert,2025-01-01 23:58:00,Block Transaction,Under Review
ALT000899,T028987,A0380,A0056,95245,93.25,HIGH,Critical Fraud Alert,2025-01-01 23:59:00,Block Transaction,Under Review
ALT000900,T029000,A0107,A0130,378435,78.5,HIGH,Medium Risk Alert,2025-01-02 00:00:00,Monitor,Under Review
ALT000901,T029002,A0029,A0056,131035,82.57,HIGH,High Risk Alert,2025-01-02 00:01:00,Manual Review,Open
ALT000902,T029026,A0322,A0271,170760,80.5,HIGH,High Risk Alert,2025-01-02 00:02:00,Manual Review,Under Review
ALT000903,T029035,A0415,A0220,66203,84.18,HIGH,High Risk Alert,2025-01-02 00:03:00,Manual Review,Under Review
ALT000904,T029041,A0036,A0238,173115,93.25,HIGH,Critical Fraud Alert,2025-01-02 00:04:00,Block Transaction,Open
ALT000905,T029052,A0084,A0344,92404,92.38,HIGH,Critical Fraud Alert,2025-01-02 00:05:00,Block Transaction,Open
ALT000906,T029067,A0144,A0396,182447,77.25,HIGH,Medium Risk Alert,2025-01-02 00:06:00,Monitor,Open
ALT000907,T029171,A0226,A0094,115414,76.75,HIGH,Medium Risk Alert,2025-01-02 00:07:00,Monitor,Open
ALT000908,T029201,A0188,A0491,96193,94.25,HIGH,Critical Fraud Alert,2025-01-02 00:08:00,Block Transaction,Open
ALT000909,T029238,A0258,A0252,176106,83.5,HIGH,High Risk Alert,2025-01-02 00:09:00,Manual Review,Under Review
ALT000910,T029263,A0071,A0056,152835,93.25,HIGH,Critical Fraud Alert,2025-01-02 00:10:00,Block Transaction,Open
ALT000911,T029320,A0343,A0347,150020,91.0,HIGH,Critical Fraud Alert,2025-01-02 00:11:00,Block Transaction,Open
ALT000912,T029321,A0393,A0308,159404,92.75,HIGH,Critical Fraud Alert,2025-01-02 00:12:00,Block Transaction,Under Review
ALT000913,T029407,A0287,A0396,420819,77.0,HIGH,Medium Risk Alert,2025-01-02 00:13:00,Monitor,Resolved
ALT000914,T029438,A0009,A0183,242877,75.25,HIGH,Medium Risk Alert,2025-01-02 00:14:00,Monitor,Open
ALT000915,T029449,A0085,A0299,117837,85.74,HIGH,High Risk Alert,2025-01-02 00:15:00,Manual Review,Under Review
ALT000916,T029489,A0175,A0447,449182,83.5,HIGH,High Risk Alert,2025-01-02 00:16:00,Manual Review,Open
ALT000917,T029502,A0461,A0234,103632,94.25,HIGH,Critical Fraud Alert,2025-01-02 00:17:00,Block Transaction,Open
ALT000918,T029522,A0152,A0065,197484,89.5,HIGH,High Risk Alert,2025-01-02 00:18:00,Manual Review,Resolved
ALT000919,T029523,A0053,A0177,150716,92.0,HIGH,Critical Fraud Alert,2025-01-02 00:19:00,Block Transaction,Open
ALT000920,T029531,A0058,A0056,193436,93.75,HIGH,Critical Fraud Alert,2025-01-02 00:20:00,Block Transaction,Open
ALT000921,T029573,A0442,A0285,168504,92.75,HIGH,Critical Fraud Alert,2025-01-02 00:21:00,Block Transaction,Open
ALT000922,T029580,A0459,A0234,61204,81.05,HIGH,High Risk Alert,2025-01-02 00:22:00,Manual Review,Open
ALT000923,T029605,A0154,A0012,175128,79.39,HIGH,Medium Risk Alert,2025-01-02 00:23:00,Monitor,Open
ALT000924,T029633,A0479,A0443,191152,92.75,HIGH,Critical Fraud Alert,2025-01-02 00:24:00,Block Transaction,Open
ALT000925,T029661,A0049,A0065,75799,94.0,HIGH,Critical Fraud Alert,2025-01-02 00:25:00,Block Transaction,Open
ALT000926,T029664,A0236,A0079,130423,89.01,HIGH,High Risk Alert,2025-01-02 00:26:00,Manual Review,Resolved
ALT000927,T029694,A0235,A0056,190440,91.25,HIGH,Critical Fraud Alert,2025-01-02 00:27:00,Block Transaction,Under Review
ALT000928,T029703,A0294,A0234,152057,83.13,HIGH,High Risk Alert,2025-01-02 00:28:00,Manual Review,Under Review
ALT000929,T029750,A0490,A0500,421146,77.25,HIGH,Medium Risk Alert,2025-01-02 00:29:00,Monitor,Under Review
ALT000930,T029779,A0174,A0234,133782,92.5,HIGH,Critical Fraud Alert,2025-01-02 00:30:00,Block Transaction,Resolved
ALT000931,T029801,A0102,A0104,303581,78.75,HIGH,Medium Risk Alert,2025-01-02 00:31:00,Monitor,Open
ALT000932,T029809,A0091,A0475,158708,77.75,HIGH,Medium Risk Alert,2025-01-02 00:32:00,Monitor,Resolved
ALT000933,T029833,A0273,A0238,174568,90.5,HIGH,Critical Fraud Alert,2025-01-02 00:33:00,Block Transaction,Open
ALT000934,T029947,A0151,A0394,87537,84.8,HIGH,High Risk Alert,2025-01-02 00:34:00,Manual Review,Open
ALT000935,T029996,A0399,A0425,153429,76.0,HIGH,Medium Risk Alert,2025-01-02 00:35:00,Monitor,Under Review
ALT000936,T029997,A0482,A0238,83517,80.09,HIGH,High Risk Alert,2025-01-02 00:36:00,Manual Review,Open
ALT000937,T030018,A0310,A0147,320941,81.0,HIGH,High Risk Alert,2025-01-02 00:37:00,Manual Review,Open
ALT000938,T030037,A0155,A0353,181226,94.5,HIGH,Critical Fraud Alert,2025-01-02 00:38:00,Block Transaction,Open
ALT000939,T030038,A0188,A0344,52166,82.23,HIGH,High Risk Alert,2025-01-02 00:39:00,Manual Review,Open
ALT000940,T030040,A0460,A0257,196590,91.5,HIGH,Critical Fraud Alert,2025-01-02 00:40:00,Block Transaction,Open
ALT000941,T030078,A0164,A0304,414090,78.75,HIGH,Medium Risk Alert,2025-01-02 00:41:00,Monitor,Open
ALT000942,T030111,A0430,A0433,179096,90.75,HIGH,Critical Fraud Alert,2025-01-02 00:42:00,Block Transaction,Open
ALT000943,T030140,A0357,A0238,159790,93.75,HIGH,Critical Fraud Alert,2025-01-02 00:43:00,Block Transaction,Open
ALT000944,T030142,A0040,A0095,380909,80.75,HIGH,High Risk Alert,2025-01-02 00:44:00,Manual Review,Open
ALT000945,T030174,A0039,A0108,171448,93.0,HIGH,Critical Fraud Alert,2025-01-02 00:45:00,Block Transaction,Open
ALT000946,T030217,A0248,A0309,243255,79.25,HIGH,Medium Risk Alert,2025-01-02 00:46:00,Monitor,Under Review
ALT000947,T030230,A0281,A0491,55407,79.45,HIGH,Medium Risk Alert,2025-01-02 00:47:00,Monitor,Open
ALT000948,T030253,A0427,A0308,126178,82.18,HIGH,High Risk Alert,2025-01-02 00:48:00,Manual Review,Resolved
ALT000949,T030274,A0351,A0079,184026,90.0,HIGH,Critical Fraud Alert,2025-01-02 00:49:00,Block Transaction,Open
ALT000950,T030302,A0354,A0004,99829,93.0,HIGH,Critical Fraud Alert,2025-01-02 00:50:00,Block Transaction,Resolved
ALT000951,T030353,A0037,A0024,149855,88.75,HIGH,High Risk Alert,2025-01-02 00:51:00,Manual Review,Open
ALT000952,T030385,A0028,A0011,196434,91.25,HIGH,Critical Fraud Alert,2025-01-02 00:52:00,Block Transaction,Under Review
ALT000953,T030492,A0202,A0023,325577,81.75,HIGH,High Risk Alert,2025-01-02 00:53:00,Manual Review,Open
ALT000954,T030498,A0205,A0238,116558,87.22,HIGH,High Risk Alert,2025-01-02 00:54:00,Manual Review,Open
ALT000955,T030566,A0172,A0470,477934,77.5,HIGH,Medium Risk Alert,2025-01-02 00:55:00,Monitor,Open
ALT000956,T030598,A0252,A0319,264816,76.5,HIGH,Medium Risk Alert,2025-01-02 00:56:00,Monitor,Open
ALT000957,T030601,A0017,A0065,150613,91.65,HIGH,Critical Fraud Alert,2025-01-02 00:57:00,Block Transaction,Open
ALT000958,T030615,A0213,A0465,116059,79.34,HIGH,Medium Risk Alert,2025-01-02 00:58:00,Monitor,Open
ALT000959,T030729,A0178,A0056,138958,93.25,HIGH,Critical Fraud Alert,2025-01-02 00:59:00,Block Transaction,Open
ALT000960,T030770,A0322,A0328,199366,90.5,HIGH,Critical Fraud Alert,2025-01-02 01:00:00,Block Transaction,Open
ALT000961,T030777,A0417,A0079,50702,86.69,HIGH,High Risk Alert,2025-01-02 01:01:00,Manual Review,Under Review
ALT000962,T030821,A0116,A0353,163901,92.75,HIGH,Critical Fraud Alert,2025-01-02 01:02:00,Block Transaction,Open
ALT000963,T030859,A0288,A0285,326193,91.5,HIGH,Critical Fraud Alert,2025-01-02 01:03:00,Block Transaction,Open
ALT000964,T030879,A0138,A0011,145181,93.66,HIGH,Critical Fraud Alert,2025-01-02 01:04:00,Block Transaction,Open
ALT000965,T030911,A0133,A0257,138979,87.54,HIGH,High Risk Alert,2025-01-02 01:05:00,Manual Review,Under Review
ALT000966,T030915,A0029,A0394,149359,83.07,HIGH,High Risk Alert,2025-01-02 01:06:00,Manual Review,Resolved
ALT000967,T030917,A0181,A0353,134667,85.24,HIGH,High Risk Alert,2025-01-02 01:07:00,Manual Review,Open
ALT000968,T030972,A0346,A0024,182532,92.0,HIGH,Critical Fraud Alert,2025-01-02 01:08:00,Block Transaction,Open
ALT000969,T030998,A0255,A0328,84242,80.13,HIGH,High Risk Alert,2025-01-02 01:09:00,Manual Review,Open
ALT000970,T031022,A0073,A0394,78419,77.87,HIGH,Medium Risk Alert,2025-01-02 01:10:00,Monitor,Under Review
ALT000971,T031067,A0477,A0435,268476,78.25,HIGH,Medium Risk Alert,2025-01-02 01:11:00,Monitor,Under Review
ALT000972,T031077,A0155,A0012,358462,79.5,HIGH,Medium Risk Alert,2025-01-02 01:12:00,Monitor,Open
ALT000973,T031085,A0300,A0220,85199,90.25,HIGH,Critical Fraud Alert,2025-01-02 01:13:00,Block Transaction,Open
ALT000974,T031115,A0145,A0024,134064,90.31,HIGH,Critical Fraud Alert,2025-01-02 01:14:00,Block Transaction,Open
ALT000975,T031116,A0202,A0457,109019,91.5,HIGH,Critical Fraud Alert,2025-01-02 01:15:00,Block Transaction,Under Review
ALT000976,T031149,A0043,A0457,123200,89.5,HIGH,High Risk Alert,2025-01-02 01:16:00,Manual Review,Under Review
ALT000977,T031151,A0486,A0265,376652,80.5,HIGH,High Risk Alert,2025-01-02 01:17:00,Manual Review,Under Review
ALT000978,T031225,A0402,A0237,94972,83.25,HIGH,High Risk Alert,2025-01-02 01:18:00,Manual Review,Resolved
ALT000979,T031229,A0498,A0156,188314,75.25,HIGH,Medium Risk Alert,2025-01-02 01:19:00,Monitor,Resolved
ALT000980,T031236,A0427,A0483,193058,92.25,HIGH,Critical Fraud Alert,2025-01-02 01:20:00,Block Transaction,Open
ALT000981,T031284,A0492,A0328,186398,92.25,HIGH,Critical Fraud Alert,2025-01-02 01:21:00,Block Transaction,Resolved
ALT000982,T031298,A0242,A0056,193404,89.75,HIGH,High Risk Alert,2025-01-02 01:22:00,Manual Review,Under Review
ALT000983,T031310,A0293,A0257,56360,79.16,HIGH,Medium Risk Alert,2025-01-02 01:23:00,Monitor,Resolved
ALT000984,T031352,A0351,A0079,179400,92.5,HIGH,Critical Fraud Alert,2025-01-02 01:24:00,Block Transaction,Open
ALT000985,T031491,A0247,A0491,189295,90.0,HIGH,Critical Fraud Alert,2025-01-02 01:25:00,Block Transaction,Open
ALT000986,T031545,A0475,A0433,315612,89.25,HIGH,High Risk Alert,2025-01-02 01:26:00,Manual Review,Resolved
ALT000987,T031591,A0382,A0285,199164,92.75,HIGH,Critical Fraud Alert,2025-01-02 01:27:00,Block Transaction,Under Review
ALT000988,T031612,A0333,A0234,125115,94.49,HIGH,Critical Fraud Alert,2025-01-02 01:28:00,Block Transaction,Open
ALT000989,T031630,A0224,A0024,102871,88.89,HIGH,High Risk Alert,2025-01-02 01:29:00,Manual Review,Open
ALT000990,T031632,A0401,A0108,118696,90.78,HIGH,Critical Fraud Alert,2025-01-02 01:30:00,Block Transaction,Resolved
ALT000991,T031692,A0236,A0257,136653,93.64,HIGH,Critical Fraud Alert,2025-01-02 01:31:00,Block Transaction,Open
ALT000992,T031702,A0040,A0065,176791,91.75,HIGH,Critical Fraud Alert,2025-01-02 01:32:00,Block Transaction,Open
ALT000993,T031718,A0175,A0108,306986,89.25,HIGH,High Risk Alert,2025-01-02 01:33:00,Manual Review,Open
ALT000994,T031734,A0242,A0433,113650,90.25,HIGH,Critical Fraud Alert,2025-01-02 01:34:00,Block Transaction,Open
ALT000995,T031799,A0048,A0257,78846,81.82,HIGH,High Risk Alert,2025-01-02 01:35:00,Manual Review,Resolved
ALT000996,T031997,A0203,A0238,149571,91.0,HIGH,Critical Fraud Alert,2025-01-02 01:36:00,Block Transaction,Open
ALT000997,T032023,A0390,A0457,172462,93.0,HIGH,Critical Fraud Alert,2025-01-02 01:37:00,Block Transaction,Open
ALT000998,T032057,A0333,A0465,62713,79.9,HIGH,Medium Risk Alert,2025-01-02 01:38:00,Monitor,Open
ALT000999,T032092,A0050,A0238,128473,86.45,HIGH,High Risk Alert,2025-01-02 01:39:00,Manual Review,Under Review
ALT001000,T032093,A0089,A0108,196601,94.75,HIGH,Critical Fraud Alert,2025-01-02 01:40:00,Block Transaction,Open
ALT001001,T032110,A0041,A0347,94482,89.0,HIGH,High Risk Alert,2025-01-02 01:41:00,Manual Review,Open
ALT001002,T032153,A0486,A0344,198829,88.58,HIGH,High Risk Alert,2025-01-02 01:42:00,Manual Review,Open
ALT001003,T032218,A0093,A0094,298215,78.75,HIGH,Medium Risk Alert,2025-01-02 01:43:00,Monitor,Under Review
ALT001004,T032219,A0383,A0491,140707,90.75,HIGH,Critical Fraud Alert,2025-01-02 01:44:00,Block Transaction,Open
ALT001005,T032226,A0094,A0024,132220,91.0,HIGH,Critical Fraud Alert,2025-01-02 01:45:00,Block Transaction,Open
ALT001006,T032240,A0183,A0109,124056,91.0,HIGH,Critical Fraud Alert,2025-01-02 01:46:00,Block Transaction,Open
ALT001007,T032282,A0289,A0238,110901,86.51,HIGH,High Risk Alert,2025-01-02 01:47:00,Manual Review,Under Review
ALT001008,T032286,A0213,A0056,124977,80.62,HIGH,High Risk Alert,2025-01-02 01:48:00,Manual Review,Open
ALT001009,T032287,A0140,A0257,80598,92.75,HIGH,Critical Fraud Alert,2025-01-02 01:49:00,Block Transaction,Under Review
ALT001010,T032290,A0031,A0435,280845,76.25,HIGH,Medium Risk Alert,2025-01-02 01:50:00,Monitor,Open
ALT001011,T032298,A0320,A0011,154726,91.5,HIGH,Critical Fraud Alert,2025-01-02 01:51:00,Block Transaction,Resolved
ALT001012,T032329,A0045,A0285,126483,89.83,HIGH,High Risk Alert,2025-01-02 01:52:00,Manual Review,Resolved
ALT001013,T032336,A0371,A0065,172111,92.25,HIGH,Critical Fraud Alert,2025-01-02 01:53:00,Block Transaction,Open
ALT001014,T032358,A0469,A0437,257629,76.75,HIGH,Medium Risk Alert,2025-01-02 01:54:00,Monitor,Open
ALT001015,T032360,A0469,A0238,52154,80.73,HIGH,High Risk Alert,2025-01-02 01:55:00,Manual Review,Resolved
ALT001016,T032384,A0147,A0353,187617,92.75,HIGH,Critical Fraud Alert,2025-01-02 01:56:00,Block Transaction,Open
ALT001017,T032404,A0153,A0078,209036,79.5,HIGH,Medium Risk Alert,2025-01-02 01:57:00,Monitor,Under Review
ALT001018,T032462,A0188,A0079,176223,92.5,HIGH,Critical Fraud Alert,2025-01-02 01:58:00,Block Transaction,Open
ALT001019,T032483,A0180,A0108,152236,91.75,HIGH,Critical Fraud Alert,2025-01-02 01:59:00,Block Transaction,Resolved
ALT001020,T032495,A0490,A0299,94337,86.23,HIGH,High Risk Alert,2025-01-02 02:00:00,Manual Review,Open
ALT001021,T032531,A0085,A0238,101429,79.8,HIGH,Medium Risk Alert,2025-01-02 02:01:00,Monitor,Under Review
ALT001022,T032534,A0368,A0433,97545,80.69,HIGH,High Risk Alert,2025-01-02 02:02:00,Manual Review,Open
ALT001023,T032613,A0359,A0353,99326,94.75,HIGH,Critical Fraud Alert,2025-01-02 02:03:00,Block Transaction,Under Review
ALT001024,T032626,A0122,A0458,338423,75.75,HIGH,Medium Risk Alert,2025-01-02 02:04:00,Monitor,Open
ALT001025,T032634,A0111,A0465,94412,91.25,HIGH,Critical Fraud Alert,2025-01-02 02:05:00,Block Transaction,Open
ALT001026,T032641,A0344,A0234,195987,77.51,HIGH,Medium Risk Alert,2025-01-02 02:06:00,Monitor,Under Review
ALT001027,T032682,A0114,A0263,286360,75.25,HIGH,Medium Risk Alert,2025-01-02 02:07:00,Monitor,Under Review
ALT001028,T032693,A0127,A0465,140217,89.5,HIGH,High Risk Alert,2025-01-02 02:08:00,Manual Review,Open
ALT001029,T032695,A0015,A0433,112411,93.25,HIGH,Critical Fraud Alert,2025-01-02 02:09:00,Block Transaction,Under Review
ALT001030,T032706,A0349,A0177,83357,78.4,HIGH,Medium Risk Alert,2025-01-02 02:10:00,Monitor,Open
ALT001031,T032711,A0467,A0491,152331,88.75,HIGH,High Risk Alert,2025-01-02 02:11:00,Manual Review,Open
ALT001032,T032721,A0145,A0065,127455,92.14,HIGH,Critical Fraud Alert,2025-01-02 02:12:00,Block Transaction,Open
ALT001033,T032740,A0176,A0238,58318,87.07,HIGH,High Risk Alert,2025-01-02 02:13:00,Manual Review,Open
ALT001034,T032901,A0076,A0109,52321,75.27,HIGH,Medium Risk Alert,2025-01-02 02:14:00,Monitor,Under Review
ALT001035,T032924,A0455,A0457,134967,91.75,HIGH,Critical Fraud Alert,2025-01-02 02:15:00,Block Transaction,Under Review
ALT001036,T032959,A0301,A0088,111824,87.97,HIGH,High Risk Alert,2025-01-02 02:16:00,Manual Review,Open
ALT001037,T032992,A0310,A0024,73805,82.15,HIGH,High Risk Alert,2025-01-02 02:17:00,Manual Review,Open
ALT001038,T033028,A0436,A0394,69588,84.86,HIGH,High Risk Alert,2025-01-02 02:18:00,Manual Review,Resolved
ALT001039,T033056,A0408,A0177,131334,83.36,HIGH,High Risk Alert,2025-01-02 02:19:00,Manual Review,Resolved
ALT001040,T033061,A0045,A0457,85041,77.42,HIGH,Medium Risk Alert,2025-01-02 02:20:00,Monitor,Under Review
ALT001041,T033070,A0047,A0347,54192,84.93,HIGH,High Risk Alert,2025-01-02 02:21:00,Manual Review,Under Review
ALT001042,T033081,A0149,A0055,198204,79.75,HIGH,Medium Risk Alert,2025-01-02 02:22:00,Monitor,Open
ALT001043,T033093,A0407,A0254,178876,90.0,HIGH,Critical Fraud Alert,2025-01-02 02:23:00,Block Transaction,Open
ALT001044,T033129,A0486,A0328,122796,77.58,HIGH,Medium Risk Alert,2025-01-02 02:24:00,Monitor,Under Review
ALT001045,T033134,A0278,A0347,141330,90.25,HIGH,Critical Fraud Alert,2025-01-02 02:25:00,Block Transaction,Under Review
ALT001046,T033180,A0427,A0433,166061,86.96,HIGH,High Risk Alert,2025-01-02 02:26:00,Manual Review,Under Review
ALT001047,T033192,A0462,A0456,338628,75.25,HIGH,Medium Risk Alert,2025-01-02 02:27:00,Monitor,Open
ALT001048,T033206,A0420,A0238,151366,90.5,HIGH,Critical Fraud Alert,2025-01-02 02:28:00,Block Transaction,Under Review
ALT001049,T033245,A0381,A0024,83388,90.5,HIGH,Critical Fraud Alert,2025-01-02 02:29:00,Block Transaction,Resolved
ALT001050,T033258,A0343,A0238,124620,93.5,HIGH,Critical Fraud Alert,2025-01-02 02:30:00,Block Transaction,Under Review
ALT001051,T033308,A0203,A0483,195365,92.5,HIGH,Critical Fraud Alert,2025-01-02 02:31:00,Block Transaction,Under Review
ALT001052,T033324,A0482,A0299,96157,77.88,HIGH,Medium Risk Alert,2025-01-02 02:32:00,Monitor,Open
ALT001053,T033360,A0366,A0418,279896,75.25,HIGH,Medium Risk Alert,2025-01-02 02:33:00,Monitor,Open
ALT001054,T033377,A0154,A0234,82371,77.96,HIGH,Medium Risk Alert,2025-01-02 02:34:00,Monitor,Resolved
ALT001055,T033384,A0138,A0394,193011,91.25,HIGH,Critical Fraud Alert,2025-01-02 02:35:00,Block Transaction,Under Review
ALT001056,T033463,A0028,A0088,78065,84.85,HIGH,High Risk Alert,2025-01-02 02:36:00,Manual Review,Open
ALT001057,T033506,A0235,A0299,62495,90.08,HIGH,Critical Fraud Alert,2025-01-02 02:37:00,Block Transaction,Open
ALT001058,T033507,A0338,A0268,326712,76.0,HIGH,Medium Risk Alert,2025-01-02 02:38:00,Monitor,Open
ALT001059,T033513,A0468,A0257,97085,83.51,HIGH,High Risk Alert,2025-01-02 02:39:00,Manual Review,Open
ALT001060,T033519,A0368,A0227,383610,77.75,HIGH,Medium Risk Alert,2025-01-02 02:40:00,Monitor,Open
ALT001061,T033599,A0398,A0109,90238,86.91,HIGH,High Risk Alert,2025-01-02 02:41:00,Manual Review,Open
ALT001062,T033612,A0252,A0108,168182,93.0,HIGH,Critical Fraud Alert,2025-01-02 02:42:00,Block Transaction,Under Review
ALT001063,T033678,A0209,A0238,104504,80.84,HIGH,High Risk Alert,2025-01-02 02:43:00,Manual Review,Under Review
ALT001064,T033759,A0439,A0344,126677,93.25,HIGH,Critical Fraud Alert,2025-01-02 02:44:00,Block Transaction,Open
ALT001065,T033818,A0482,A0254,173946,91.9,HIGH,Critical Fraud Alert,2025-01-02 02:45:00,Block Transaction,Open
ALT001066,T033820,A0248,A0254,194062,89.06,HIGH,High Risk Alert,2025-01-02 02:46:00,Manual Review,Resolved
ALT001067,T033834,A0155,A0299,115108,85.72,HIGH,High Risk Alert,2025-01-02 02:47:00,Manual Review,Under Review
ALT001068,T033852,A0174,A0177,177843,90.5,HIGH,Critical Fraud Alert,2025-01-02 02:48:00,Block Transaction,Open
ALT001069,T033939,A0274,A0079,107959,78.82,HIGH,Medium Risk Alert,2025-01-02 02:49:00,Monitor,Resolved
ALT001070,T033945,A0189,A0004,89169,85.09,HIGH,High Risk Alert,2025-01-02 02:50:00,Manual Review,Open
ALT001071,T034006,A0396,A0237,159837,93.25,HIGH,Critical Fraud Alert,2025-01-02 02:51:00,Block Transaction,Under Review
ALT001072,T034070,A0188,A0457,130300,94.5,HIGH,Critical Fraud Alert,2025-01-02 02:52:00,Block Transaction,Open
ALT001073,T034113,A0495,A0056,116614,90.25,HIGH,Critical Fraud Alert,2025-01-02 02:53:00,Block Transaction,Open
ALT001074,T034205,A0025,A0254,112543,93.5,HIGH,Critical Fraud Alert,2025-01-02 02:54:00,Block Transaction,Open
ALT001075,T034213,A0071,A0108,113228,92.25,HIGH,Critical Fraud Alert,2025-01-02 02:55:00,Block Transaction,Open
ALT001076,T034220,A0012,A0177,195990,90.5,HIGH,Critical Fraud Alert,2025-01-02 02:56:00,Block Transaction,Open
ALT001077,T034243,A0148,A0483,133420,88.08,HIGH,High Risk Alert,2025-01-02 02:57:00,Manual Review,Open
ALT001078,T034325,A0291,A0109,91802,90.75,HIGH,Critical Fraud Alert,2025-01-02 02:58:00,Block Transaction,Open
ALT001079,T034360,A0114,A0457,138321,93.28,HIGH,Critical Fraud Alert,2025-01-02 02:59:00,Block Transaction,Resolved
ALT001080,T034396,A0410,A0271,351192,80.5,HIGH,High Risk Alert,2025-01-02 03:00:00,Manual Review,Open
ALT001081,T034407,A0367,A0220,137254,85.11,HIGH,High Risk Alert,2025-01-02 03:01:00,Manual Review,Under Review
ALT001082,T034414,A0400,A0237,136622,91.5,HIGH,Critical Fraud Alert,2025-01-02 03:02:00,Block Transaction,Open
ALT001083,T034417,A0168,A0394,87202,89.75,HIGH,High Risk Alert,2025-01-02 03:03:00,Manual Review,Under Review
ALT001084,T034450,A0375,A0108,85198,94.75,HIGH,Critical Fraud Alert,2025-01-02 03:04:00,Block Transaction,Open
ALT001085,T034470,A0084,A0257,149131,89.25,HIGH,High Risk Alert,2025-01-02 03:05:00,Manual Review,Open
ALT001086,T034492,A0160,A0109,180033,88.75,HIGH,High Risk Alert,2025-01-02 03:06:00,Manual Review,Open
ALT001087,T034500,A0476,A0238,78136,78.21,HIGH,Medium Risk Alert,2025-01-02 03:07:00,Monitor,Open
ALT001088,T034523,A0008,A0024,149574,92.5,HIGH,Critical Fraud Alert,2025-01-02 03:08:00,Block Transaction,Open
ALT001089,T034527,A0309,A0108,130501,91.75,HIGH,Critical Fraud Alert,2025-01-02 03:09:00,Block Transaction,Open
ALT001090,T034625,A0333,A0238,168027,92.5,HIGH,Critical Fraud Alert,2025-01-02 03:10:00,Block Transaction,Open
ALT001091,T034629,A0131,A0056,61126,77.14,HIGH,Medium Risk Alert,2025-01-02 03:11:00,Monitor,Open
ALT001092,T034675,A0173,A0228,194439,75.0,HIGH,Medium Risk Alert,2025-01-02 03:12:00,Monitor,Open
ALT001093,T034700,A0049,A0254,96176,92.0,HIGH,Critical Fraud Alert,2025-01-02 03:13:00,Block Transaction,Open
ALT001094,T034703,A0471,A0394,135518,91.0,HIGH,Critical Fraud Alert,2025-01-02 03:14:00,Block Transaction,Open
ALT001095,T034803,A0031,A0447,159968,75.87,HIGH,Medium Risk Alert,2025-01-02 03:15:00,Monitor,Open
ALT001096,T034809,A0036,A0127,166506,77.5,HIGH,Medium Risk Alert,2025-01-02 03:16:00,Monitor,Open
ALT001097,T034844,A0497,A0257,168390,94.25,HIGH,Critical Fraud Alert,2025-01-02 03:17:00,Block Transaction,Under Review
ALT001098,T034853,A0343,A0222,346231,76.25,HIGH,Medium Risk Alert,2025-01-02 03:18:00,Monitor,Open
ALT001099,T034872,A0137,A0079,78334,91.25,HIGH,Critical Fraud Alert,2025-01-02 03:19:00,Block Transaction,Open
ALT001100,T034892,A0297,A0056,111266,90.78,HIGH,Critical Fraud Alert,2025-01-02 03:20:00,Block Transaction,Resolved
ALT001101,T034907,A0300,A0394,181771,89.0,HIGH,High Risk Alert,2025-01-02 03:21:00,Manual Review,Under Review
ALT001102,T034918,A0315,A0393,418293,77.0,HIGH,Medium Risk Alert,2025-01-02 03:22:00,Monitor,Under Review
ALT001103,T034956,A0142,A0108,91284,83.73,HIGH,High Risk Alert,2025-01-02 03:23:00,Manual Review,Open
ALT001104,T035013,A0361,A0347,64244,86.06,HIGH,High Risk Alert,2025-01-02 03:24:00,Manual Review,Under Review
ALT001105,T035015,A0449,A0344,384721,90.75,HIGH,Critical Fraud Alert,2025-01-02 03:25:00,Block Transaction,Open
ALT001106,T035021,A0338,A0299,151110,89.5,HIGH,High Risk Alert,2025-01-02 03:26:00,Manual Review,Open
ALT001107,T035032,A0139,A0265,447300,81.0,HIGH,High Risk Alert,2025-01-02 03:27:00,Manual Review,Open
ALT001108,T035042,A0391,A0079,55816,75.86,HIGH,Medium Risk Alert,2025-01-02 03:28:00,Monitor,Under Review
ALT001109,T035065,A0213,A0257,122528,77.65,HIGH,Medium Risk Alert,2025-01-02 03:29:00,Monitor,Under Review
ALT001110,T035114,A0253,A0056,109158,91.0,HIGH,Critical Fraud Alert,2025-01-02 03:30:00,Block Transaction,Open
ALT001111,T035182,A0263,A0394,181284,88.75,HIGH,High Risk Alert,2025-01-02 03:31:00,Manual Review,Open
ALT001112,T035218,A0314,A0285,184326,90.25,HIGH,Critical Fraud Alert,2025-01-02 03:32:00,Block Transaction,Open
ALT001113,T035340,A0301,A0109,61742,79.28,HIGH,Medium Risk Alert,2025-01-02 03:33:00,Monitor,Under Review
ALT001114,T035355,A0229,A0075,424247,76.25,HIGH,Medium Risk Alert,2025-01-02 03:34:00,Monitor,Open
ALT001115,T035439,A0091,A0095,137517,82.5,HIGH,High Risk Alert,2025-01-02 03:35:00,Manual Review,Open
ALT001116,T035452,A0424,A0007,247560,77.75,HIGH,Medium Risk Alert,2025-01-02 03:36:00,Monitor,Open
ALT001117,T035457,A0175,A0257,166413,86.94,HIGH,High Risk Alert,2025-01-02 03:37:00,Manual Review,Under Review
ALT001118,T035463,A0219,A0056,53839,83.89,HIGH,High Risk Alert,2025-01-02 03:38:00,Manual Review,Under Review
ALT001119,T035465,A0168,A0108,193959,89.0,HIGH,High Risk Alert,2025-01-02 03:39:00,Manual Review,Open
ALT001120,T035507,A0460,A0177,130521,85.92,HIGH,High Risk Alert,2025-01-02 03:40:00,Manual Review,Under Review
ALT001121,T035562,A0294,A0108,82734,80.16,HIGH,High Risk Alert,2025-01-02 03:41:00,Manual Review,Open
ALT001122,T035568,A0172,A0088,85529,78.79,HIGH,Medium Risk Alert,2025-01-02 03:42:00,Monitor,Open
ALT001123,T035586,A0395,A0433,94420,91.9,HIGH,Critical Fraud Alert,2025-01-02 03:43:00,Block Transaction,Open
ALT001124,T035592,A0404,A0065,152353,93.0,HIGH,Critical Fraud Alert,2025-01-02 03:44:00,Block Transaction,Open
ALT001125,T035597,A0247,A0433,113408,85.55,HIGH,High Risk Alert,2025-01-02 03:45:00,Manual Review,Under Review
ALT001126,T035716,A0023,A0109,152869,93.0,HIGH,Critical Fraud Alert,2025-01-02 03:46:00,Block Transaction,Open
ALT001127,T035813,A0239,A0109,59062,85.91,HIGH,High Risk Alert,2025-01-02 03:47:00,Manual Review,Open
ALT001128,T035852,A0473,A0079,425409,90.25,HIGH,Critical Fraud Alert,2025-01-02 03:48:00,Block Transaction,Open
ALT001129,T035860,A0230,A0004,84979,94.0,HIGH,Critical Fraud Alert,2025-01-02 03:49:00,Block Transaction,Open
ALT001130,T035861,A0477,A0079,80126,76.55,HIGH,Medium Risk Alert,2025-01-02 03:50:00,Monitor,Resolved
ALT001131,T035929,A0249,A0282,179570,75.75,HIGH,Medium Risk Alert,2025-01-02 03:51:00,Monitor,Under Review
ALT001132,T036000,A0077,A0285,168465,89.25,HIGH,High Risk Alert,2025-01-02 03:52:00,Manual Review,Open
ALT001133,T036020,A0022,A0340,371999,75.75,HIGH,Medium Risk Alert,2025-01-02 03:53:00,Monitor,Under Review
ALT001134,T036024,A0420,A0433,52865,77.47,HIGH,Medium Risk Alert,2025-01-02 03:54:00,Monitor,Open
ALT001135,T036030,A0209,A0278,281675,81.75,HIGH,High Risk Alert,2025-01-02 03:55:00,Manual Review,Open
ALT001136,T036084,A0342,A0347,115684,92.75,HIGH,Critical Fraud Alert,2025-01-02 03:56:00,Block Transaction,Open
ALT001137,T036109,A0236,A0491,119868,89.34,HIGH,High Risk Alert,2025-01-02 03:57:00,Manual Review,Resolved
ALT001138,T036111,A0438,A0299,125089,90.25,HIGH,Critical Fraud Alert,2025-01-02 03:58:00,Block Transaction,Resolved
ALT001139,T036113,A0180,A0443,106822,94.25,HIGH,Critical Fraud Alert,2025-01-02 03:59:00,Block Transaction,Under Review
ALT001140,T036131,A0408,A0109,151975,83.47,HIGH,High Risk Alert,2025-01-02 04:00:00,Manual Review,Open
ALT001141,T036166,A0039,A0234,87313,85.1,HIGH,High Risk Alert,2025-01-02 04:01:00,Manual Review,Resolved
ALT001142,T036212,A0293,A0032,206846,75.5,HIGH,Medium Risk Alert,2025-01-02 04:02:00,Monitor,Open
ALT001143,T036220,A0485,A0130,206595,81.25,HIGH,High Risk Alert,2025-01-02 04:03:00,Manual Review,Under Review
ALT001144,T036238,A0279,A0285,91798,83.82,HIGH,High Risk Alert,2025-01-02 04:04:00,Manual Review,Under Review
ALT001145,T036258,A0207,A0108,91054,94.5,HIGH,Critical Fraud Alert,2025-01-02 04:05:00,Block Transaction,Resolved
ALT001146,T036322,A0374,A0079,293245,92.75,HIGH,Critical Fraud Alert,2025-01-02 04:06:00,Block Transaction,Under Review
ALT001147,T036376,A0222,A0065,176170,91.75,HIGH,Critical Fraud Alert,2025-01-02 04:07:00,Block Transaction,Open
ALT001148,T036395,A0172,A0447,303616,81.0,HIGH,High Risk Alert,2025-01-02 04:08:00,Manual Review,Open
ALT001149,T036419,A0375,A0011,198358,92.0,HIGH,Critical Fraud Alert,2025-01-02 04:09:00,Block Transaction,Open
ALT001150,T036424,A0064,A0491,112938,92.75,HIGH,Critical Fraud Alert,2025-01-02 04:10:00,Block Transaction,Resolved
ALT001151,T036444,A0474,A0347,148979,88.68,HIGH,High Risk Alert,2025-01-02 04:11:00,Manual Review,Under Review
ALT001152,T036459,A0241,A0443,145283,90.25,HIGH,Critical Fraud Alert,2025-01-02 04:12:00,Block Transaction,Open
ALT001153,T036508,A0001,A0347,52691,91.5,HIGH,Critical Fraud Alert,2025-01-02 04:13:00,Block Transaction,Resolved
ALT001154,T036525,A0325,A0056,160719,89.25,HIGH,High Risk Alert,2025-01-02 04:14:00,Manual Review,Open
ALT001155,T036541,A0096,A0257,139122,90.49,HIGH,Critical Fraud Alert,2025-01-02 04:15:00,Block Transaction,Under Review
ALT001156,T036598,A0384,A0065,202019,91.75,HIGH,Critical Fraud Alert,2025-01-02 04:16:00,Block Transaction,Under Review
ALT001157,T036695,A0279,A0254,73638,76.34,HIGH,Medium Risk Alert,2025-01-02 04:17:00,Monitor,Resolved
ALT001158,T036699,A0268,A0394,177216,89.0,HIGH,High Risk Alert,2025-01-02 04:18:00,Manual Review,Under Review
ALT001159,T036738,A0345,A0278,317466,80.75,HIGH,High Risk Alert,2025-01-02 04:19:00,Manual Review,Open
ALT001160,T036845,A0051,A0344,178275,94.25,HIGH,Critical Fraud Alert,2025-01-02 04:20:00,Block Transaction,Open
ALT001161,T036847,A0104,A0347,93517,93.0,HIGH,Critical Fraud Alert,2025-01-02 04:21:00,Block Transaction,Open
ALT001162,T036849,A0139,A0394,189009,89.75,HIGH,High Risk Alert,2025-01-02 04:22:00,Manual Review,Open
ALT001163,T036870,A0076,A0328,96600,86.13,HIGH,High Risk Alert,2025-01-02 04:23:00,Manual Review,Open
ALT001164,T036876,A0154,A0061,482775,75.5,HIGH,Medium Risk Alert,2025-01-02 04:24:00,Monitor,Under Review
ALT001165,T036879,A0178,A0315,292298,81.5,HIGH,High Risk Alert,2025-01-02 04:25:00,Manual Review,Open
ALT001166,T036885,A0305,A0183,369670,75.0,HIGH,Medium Risk Alert,2025-01-02 04:26:00,Monitor,Open
ALT001167,T036898,A0372,A0394,135882,92.5,HIGH,Critical Fraud Alert,2025-01-02 04:27:00,Block Transaction,Under Review
ALT001168,T037014,A0016,A0211,296409,75.0,HIGH,Medium Risk Alert,2025-01-02 04:28:00,Monitor,Open
ALT001169,T037054,A0340,A0012,396966,82.5,HIGH,High Risk Alert,2025-01-02 04:29:00,Manual Review,Open
ALT001170,T037076,A0116,A0328,158834,89.38,HIGH,High Risk Alert,2025-01-02 04:30:00,Manual Review,Open
ALT001171,T037083,A0244,A0288,365680,79.0,HIGH,Medium Risk Alert,2025-01-02 04:31:00,Monitor,Open
ALT001172,T037087,A0260,A0344,111775,88.39,HIGH,High Risk Alert,2025-01-02 04:32:00,Manual Review,Under Review
ALT001173,T037094,A0259,A0004,142498,90.5,HIGH,Critical Fraud Alert,2025-01-02 04:33:00,Block Transaction,Resolved
ALT001174,T037110,A0460,A0344,65702,77.15,HIGH,Medium Risk Alert,2025-01-02 04:34:00,Monitor,Open
ALT001175,T037158,A0485,A0237,62099,83.83,HIGH,High Risk Alert,2025-01-02 04:35:00,Manual Review,Resolved
ALT001176,T037196,A0148,A0104,461400,80.5,HIGH,High Risk Alert,2025-01-02 04:36:00,Manual Review,Open
ALT001177,T037197,A0408,A0328,175456,91.69,HIGH,Critical Fraud Alert,2025-01-02 04:37:00,Block Transaction,Open
ALT001178,T037210,A0190,A0238,89517,89.09,HIGH,High Risk Alert,2025-01-02 04:38:00,Manual Review,Open
ALT001179,T037252,A0268,A0328,120163,93.75,HIGH,Critical Fraud Alert,2025-01-02 04:39:00,Block Transaction,Open
ALT001180,T037316,A0039,A0347,84425,83.54,HIGH,High Risk Alert,2025-01-02 04:40:00,Manual Review,Resolved
ALT001181,T037335,A0159,A0443,81647,85.29,HIGH,High Risk Alert,2025-01-02 04:41:00,Manual Review,Open
ALT001182,T037342,A0279,A0065,183257,90.5,HIGH,Critical Fraud Alert,2025-01-02 04:42:00,Block Transaction,Resolved
ALT001183,T037353,A0412,A0308,61500,90.75,HIGH,Critical Fraud Alert,2025-01-02 04:43:00,Block Transaction,Open
ALT001184,T037391,A0032,A0447,421906,81.0,HIGH,High Risk Alert,2025-01-02 04:44:00,Manual Review,Open
ALT001185,T037393,A0017,A0353,104746,84.33,HIGH,High Risk Alert,2025-01-02 04:45:00,Manual Review,Open
ALT001186,T037397,A0388,A0347,445245,90.75,HIGH,Critical Fraud Alert,2025-01-02 04:46:00,Block Transaction,Open
ALT001187,T037423,A0018,A0257,119107,88.58,HIGH,High Risk Alert,2025-01-02 04:47:00,Manual Review,Under Review
ALT001188,T037430,A0084,A0234,152614,93.5,HIGH,Critical Fraud Alert,2025-01-02 04:48:00,Block Transaction,Open
ALT001189,T037435,A0243,A0254,138946,93.25,HIGH,Critical Fraud Alert,2025-01-02 04:49:00,Block Transaction,Open
ALT001190,T037557,A0312,A0257,112473,90.3,HIGH,Critical Fraud Alert,2025-01-02 04:50:00,Block Transaction,Open
ALT001191,T037561,A0342,A0433,55174,76.98,HIGH,Medium Risk Alert,2025-01-02 04:51:00,Monitor,Open
ALT001192,T037601,A0122,A0238,82201,90.76,HIGH,Critical Fraud Alert,2025-01-02 04:52:00,Block Transaction,Open
ALT001193,T037619,A0198,A0106,201937,79.0,HIGH,Medium Risk Alert,2025-01-02 04:53:00,Monitor,Open
ALT001194,T037650,A0499,A0056,97406,90.25,HIGH,Critical Fraud Alert,2025-01-02 04:54:00,Block Transaction,Open
ALT001195,T037762,A0462,A0177,86100,76.73,HIGH,Medium Risk Alert,2025-01-02 04:55:00,Monitor,Open
ALT001196,T037767,A0172,A0108,122676,83.81,HIGH,High Risk Alert,2025-01-02 04:56:00,Manual Review,Open
ALT001197,T037781,A0052,A0285,130749,80.29,HIGH,High Risk Alert,2025-01-02 04:57:00,Manual Review,Open
ALT001198,T037827,A0418,A0347,71376,86.63,HIGH,High Risk Alert,2025-01-02 04:58:00,Manual Review,Open
ALT001199,T037837,A0197,A0257,103676,88.78,HIGH,High Risk Alert,2025-01-02 04:59:00,Manual Review,Open
ALT001200,T037883,A0339,A0108,167771,94.0,HIGH,Critical Fraud Alert,2025-01-02 05:00:00,Block Transaction,Under Review
ALT001201,T037906,A0423,A0108,132427,84.42,HIGH,High Risk Alert,2025-01-02 05:01:00,Manual Review,Under Review
ALT001202,T037945,A0283,A0088,186656,91.0,HIGH,Critical Fraud Alert,2025-01-02 05:02:00,Block Transaction,Open
ALT001203,T037947,A0389,A0234,166889,92.25,HIGH,Critical Fraud Alert,2025-01-02 05:03:00,Block Transaction,Resolved
ALT001204,T037963,A0248,A0328,104448,80.84,HIGH,High Risk Alert,2025-01-02 05:04:00,Manual Review,Open
ALT001205,T038019,A0031,A0483,155817,86.8,HIGH,High Risk Alert,2025-01-02 05:05:00,Manual Review,Under Review
ALT001206,T038031,A0069,A0004,99967,92.5,HIGH,Critical Fraud Alert,2025-01-02 05:06:00,Block Transaction,Open
ALT001207,T038032,A0223,A0238,169416,94.25,HIGH,Critical Fraud Alert,2025-01-02 05:07:00,Block Transaction,Open
ALT001208,T038037,A0050,A0065,167427,91.5,HIGH,Critical Fraud Alert,2025-01-02 05:08:00,Block Transaction,Open
ALT001209,T038041,A0418,A0011,176832,93.0,HIGH,Critical Fraud Alert,2025-01-02 05:09:00,Block Transaction,Open
ALT001210,T038158,A0484,A0483,126808,91.5,HIGH,Critical Fraud Alert,2025-01-02 05:10:00,Block Transaction,Open
ALT001211,T038231,A0337,A0004,63984,89.58,HIGH,High Risk Alert,2025-01-02 05:11:00,Manual Review,Resolved
ALT001212,T038280,A0270,A0433,146930,92.75,HIGH,Critical Fraud Alert,2025-01-02 05:12:00,Block Transaction,Under Review
ALT001213,T038310,A0285,A0299,167062,75.77,HIGH,Medium Risk Alert,2025-01-02 05:13:00,Monitor,Open
ALT001214,T038347,A0274,A0024,196352,90.27,HIGH,Critical Fraud Alert,2025-01-02 05:14:00,Block Transaction,Open
ALT001215,T038359,A0252,A0353,121676,87.37,HIGH,High Risk Alert,2025-01-02 05:15:00,Manual Review,Under Review
ALT001216,T038486,A0406,A0188,272697,78.75,HIGH,Medium Risk Alert,2025-01-02 05:16:00,Monitor,Open
ALT001217,T038495,A0444,A0465,67942,85.07,HIGH,High Risk Alert,2025-01-02 05:17:00,Manual Review,Open
ALT001218,T038535,A0357,A0433,86732,84.1,HIGH,High Risk Alert,2025-01-02 05:18:00,Manual Review,Open
ALT001219,T038540,A0332,A0060,366897,76.0,HIGH,Medium Risk Alert,2025-01-02 05:19:00,Monitor,Open
ALT001220,T038567,A0003,A0433,140104,93.25,HIGH,Critical Fraud Alert,2025-01-02 05:20:00,Block Transaction,Open
ALT001221,T038605,A0456,A0094,237726,76.0,HIGH,Medium Risk Alert,2025-01-02 05:21:00,Monitor,Under Review
ALT001222,T038629,A0017,A0454,459282,80.75,HIGH,High Risk Alert,2025-01-02 05:22:00,Manual Review,Open
ALT001223,T038659,A0033,A0257,67473,79.92,HIGH,Medium Risk Alert,2025-01-02 05:23:00,Monitor,Open
ALT001224,T038665,A0336,A0065,193227,94.0,HIGH,Critical Fraud Alert,2025-01-02 05:24:00,Block Transaction,Open
ALT001225,T038668,A0076,A0447,472777,83.25,HIGH,High Risk Alert,2025-01-02 05:25:00,Manual Review,Open
ALT001226,T038694,A0235,A0254,147576,94.25,HIGH,Critical Fraud Alert,2025-01-02 05:26:00,Block Transaction,Resolved
ALT001227,T038695,A0480,A0238,58955,83.46,HIGH,High Risk Alert,2025-01-02 05:27:00,Manual Review,Under Review
ALT001228,T038744,A0100,A0285,182079,92.75,HIGH,Critical Fraud Alert,2025-01-02 05:28:00,Block Transaction,Under Review
ALT001229,T038764,A0114,A0056,184693,93.0,HIGH,Critical Fraud Alert,2025-01-02 05:29:00,Block Transaction,Open
ALT001230,T038786,A0107,A0011,182602,91.0,HIGH,Critical Fraud Alert,2025-01-02 05:30:00,Block Transaction,Resolved
ALT001231,T038836,A0085,A0254,175520,89.75,HIGH,High Risk Alert,2025-01-02 05:31:00,Manual Review,Open
ALT001232,T038889,A0013,A0271,393583,78.5,HIGH,Medium Risk Alert,2025-01-02 05:32:00,Monitor,Open
ALT001233,T039021,A0351,A0108,173958,89.25,HIGH,High Risk Alert,2025-01-02 05:33:00,Manual Review,Open
ALT001234,T039084,A0330,A0108,197482,92.0,HIGH,Critical Fraud Alert,2025-01-02 05:34:00,Block Transaction,Resolved
ALT001235,T039130,A0297,A0220,162091,90.25,HIGH,Critical Fraud Alert,2025-01-02 05:35:00,Block Transaction,Resolved
ALT001236,T039134,A0191,A0177,51398,78.37,HIGH,Medium Risk Alert,2025-01-02 05:36:00,Monitor,Under Review
ALT001237,T039161,A0248,A0328,150996,85.17,HIGH,High Risk Alert,2025-01-02 05:37:00,Manual Review,Under Review
ALT001238,T039229,A0322,A0257,196646,94.0,HIGH,Critical Fraud Alert,2025-01-02 05:38:00,Block Transaction,Open
ALT001239,T039242,A0178,A0353,163164,93.5,HIGH,Critical Fraud Alert,2025-01-02 05:39:00,Block Transaction,Under Review
ALT001240,T039337,A0173,A0394,134510,90.25,HIGH,Critical Fraud Alert,2025-01-02 05:40:00,Block Transaction,Under Review
ALT001241,T039346,A0194,A0055,394112,77.0,HIGH,Medium Risk Alert,2025-01-02 05:41:00,Monitor,Under Review
ALT001242,T039373,A0029,A0454,463039,78.0,HIGH,Medium Risk Alert,2025-01-02 05:42:00,Monitor,Under Review
ALT001243,T039452,A0123,A0341,331289,80.25,HIGH,High Risk Alert,2025-01-02 05:43:00,Manual Review,Resolved
ALT001244,T039472,A0376,A0353,195059,90.0,HIGH,Critical Fraud Alert,2025-01-02 05:44:00,Block Transaction,Under Review
ALT001245,T039516,A0097,A0056,83166,94.0,HIGH,Critical Fraud Alert,2025-01-02 05:45:00,Block Transaction,Under Review
ALT001246,T039609,A0076,A0024,66791,79.5,HIGH,Medium Risk Alert,2025-01-02 05:46:00,Monitor,Resolved
ALT001247,T039620,A0144,A0394,129130,93.75,HIGH,Critical Fraud Alert,2025-01-02 05:47:00,Block Transaction,Open
ALT001248,T039669,A0289,A0109,183774,89.0,HIGH,High Risk Alert,2025-01-02 05:48:00,Manual Review,Resolved
ALT001249,T039753,A0149,A0433,160175,90.25,HIGH,Critical Fraud Alert,2025-01-02 05:49:00,Block Transaction,Open
ALT001250,T039780,A0311,A0254,467670,93.25,HIGH,Critical Fraud Alert,2025-01-02 05:50:00,Block Transaction,Under Review
ALT001251,T039785,A0289,A0011,96768,84.22,HIGH,High Risk Alert,2025-01-02 05:51:00,Manual Review,Open
ALT001252,T039795,A0096,A0285,84211,83.88,HIGH,High Risk Alert,2025-01-02 05:52:00,Manual Review,Under Review
ALT001253,T039826,A0045,A0109,199519,94.25,HIGH,Critical Fraud Alert,2025-01-02 05:53:00,Block Transaction,Open
ALT001254,T039872,A0009,A0394,180046,89.75,HIGH,High Risk Alert,2025-01-02 05:54:00,Manual Review,Under Review
ALT001255,T039874,A0145,A0220,197346,94.25,HIGH,Critical Fraud Alert,2025-01-02 05:55:00,Block Transaction,Open
ALT001256,T039884,A0365,A0004,172333,89.5,HIGH,High Risk Alert,2025-01-02 05:56:00,Manual Review,Open
ALT001257,T039902,A0335,A0443,151679,93.25,HIGH,Critical Fraud Alert,2025-01-02 05:57:00,Block Transaction,Open
ALT001258,T039928,A0444,A0004,188280,90.0,HIGH,Critical Fraud Alert,2025-01-02 05:58:00,Block Transaction,Resolved
ALT001259,T039935,A0130,A0177,172345,90.75,HIGH,Critical Fraud Alert,2025-01-02 05:59:00,Block Transaction,Open
ALT001260,T039969,A0265,A0126,164506,78.25,HIGH,Medium Risk Alert,2025-01-02 06:00:00,Monitor,Open
ALT001261,T039979,A0191,A0108,76567,81.45,HIGH,High Risk Alert,2025-01-02 06:01:00,Manual Review,Under Review
ALT001262,T040113,A0088,A0344,341257,84.07,HIGH,High Risk Alert,2025-01-02 06:02:00,Manual Review,Open
ALT001263,T040114,A0099,A0435,172878,78.5,HIGH,Medium Risk Alert,2025-01-02 06:03:00,Monitor,Under Review
ALT001264,T040125,A0415,A0177,87064,89.49,HIGH,High Risk Alert,2025-01-02 06:04:00,Manual Review,Open
ALT001265,T040128,A0398,A0491,363410,92.0,HIGH,Critical Fraud Alert,2025-01-02 06:05:00,Block Transaction,Open
ALT001266,T040193,A0291,A0344,68992,93.75,HIGH,Critical Fraud Alert,2025-01-02 06:06:00,Block Transaction,Under Review
ALT001267,T040248,A0392,A0238,118277,89.54,HIGH,High Risk Alert,2025-01-02 06:07:00,Manual Review,Under Review
ALT001268,T040301,A0269,A0024,73500,82.69,HIGH,High Risk Alert,2025-01-02 06:08:00,Manual Review,Open
ALT001269,T040372,A0189,A0254,193734,93.5,HIGH,Critical Fraud Alert,2025-01-02 06:09:00,Block Transaction,Open
ALT001270,T040399,A0267,A0024,94713,85.03,HIGH,High Risk Alert,2025-01-02 06:10:00,Manual Review,Resolved
ALT001271,T040435,A0224,A0465,136813,92.0,HIGH,Critical Fraud Alert,2025-01-02 06:11:00,Block Transaction,Open
ALT001272,T040456,A0057,A0238,193089,93.0,HIGH,Critical Fraud Alert,2025-01-02 06:12:00,Block Transaction,Open
ALT001273,T040467,A0267,A0109,59556,79.83,HIGH,Medium Risk Alert,2025-01-02 06:13:00,Monitor,Open
ALT001274,T040507,A0386,A0373,192502,75.32,HIGH,Medium Risk Alert,2025-01-02 06:14:00,Monitor,Resolved
ALT001275,T040512,A0228,A0394,160022,89.75,HIGH,High Risk Alert,2025-01-02 06:15:00,Manual Review,Resolved
ALT001276,T040575,A0210,A0056,108582,86.93,HIGH,High Risk Alert,2025-01-02 06:16:00,Manual Review,Open
ALT001277,T040587,A0416,A0024,71960,88.0,HIGH,High Risk Alert,2025-01-02 06:17:00,Manual Review,Under Review
ALT001278,T040628,A0384,A0425,367270,76.0,HIGH,Medium Risk Alert,2025-01-02 06:18:00,Monitor,Open
ALT001279,T040642,A0165,A0099,437247,75.75,HIGH,Medium Risk Alert,2025-01-02 06:19:00,Monitor,Under Review
ALT001280,T040649,A0361,A0426,180157,75.25,HIGH,Medium Risk Alert,2025-01-02 06:20:00,Monitor,Open
ALT001281,T040672,A0047,A0065,94140,90.5,HIGH,Critical Fraud Alert,2025-01-02 06:21:00,Block Transaction,Under Review
ALT001282,T040745,A0413,A0145,423090,79.0,HIGH,Medium Risk Alert,2025-01-02 06:22:00,Monitor,Open
ALT001283,T040763,A0027,A0094,289960,77.75,HIGH,Medium Risk Alert,2025-01-02 06:23:00,Monitor,Resolved
ALT001284,T040801,A0036,A0328,149480,89.5,HIGH,High Risk Alert,2025-01-02 06:24:00,Manual Review,Under Review
ALT001285,T040804,A0037,A0328,179922,91.0,HIGH,Critical Fraud Alert,2025-01-02 06:25:00,Block Transaction,Open
ALT001286,T040820,A0057,A0257,140815,92.25,HIGH,Critical Fraud Alert,2025-01-02 06:26:00,Block Transaction,Open
ALT001287,T040875,A0207,A0108,90139,92.0,HIGH,Critical Fraud Alert,2025-01-02 06:27:00,Block Transaction,Open
ALT001288,T040888,A0363,A0347,148541,89.5,HIGH,High Risk Alert,2025-01-02 06:28:00,Manual Review,Resolved
ALT001289,T040940,A0099,A0056,176419,94.0,HIGH,Critical Fraud Alert,2025-01-02 06:29:00,Block Transaction,Resolved
ALT001290,T040945,A0449,A0457,144114,86.66,HIGH,High Risk Alert,2025-01-02 06:30:00,Manual Review,Open
ALT001291,T040979,A0258,A0056,82198,86.47,HIGH,High Risk Alert,2025-01-02 06:31:00,Manual Review,Under Review
ALT001292,T041022,A0118,A0257,121022,90.17,HIGH,Critical Fraud Alert,2025-01-02 06:32:00,Block Transaction,Under Review
ALT001293,T041026,A0470,A0344,153063,90.75,HIGH,Critical Fraud Alert,2025-01-02 06:33:00,Block Transaction,Open
ALT001294,T041073,A0139,A0070,348195,75.5,HIGH,Medium Risk Alert,2025-01-02 06:34:00,Monitor,Resolved
ALT001295,T041087,A0246,A0094,315545,76.0,HIGH,Medium Risk Alert,2025-01-02 06:35:00,Monitor,Open
ALT001296,T041094,A0097,A0308,96031,89.75,HIGH,High Risk Alert,2025-01-02 06:36:00,Manual Review,Open
ALT001297,T041147,A0051,A0065,67754,83.4,HIGH,High Risk Alert,2025-01-02 06:37:00,Manual Review,Open
ALT001298,T041151,A0179,A0220,81432,90.5,HIGH,Critical Fraud Alert,2025-01-02 06:38:00,Block Transaction,Under Review
ALT001299,T041187,A0089,A0056,171544,94.25,HIGH,Critical Fraud Alert,2025-01-02 06:39:00,Block Transaction,Under Review
ALT001300,T041244,A0022,A0433,193714,92.5,HIGH,Critical Fraud Alert,2025-01-02 06:40:00,Block Transaction,Under Review
ALT001301,T041322,A0307,A0108,79022,89.0,HIGH,High Risk Alert,2025-01-02 06:41:00,Manual Review,Open
ALT001302,T041335,A0274,A0055,354518,75.0,HIGH,Medium Risk Alert,2025-01-02 06:42:00,Monitor,Under Review
ALT001303,T041336,A0032,A0147,405205,82.75,HIGH,High Risk Alert,2025-01-02 06:43:00,Manual Review,Under Review
ALT001304,T041344,A0312,A0097,463048,77.25,HIGH,Medium Risk Alert,2025-01-02 06:44:00,Monitor,Open
ALT001305,T041348,A0105,A0238,328366,93.25,HIGH,Critical Fraud Alert,2025-01-02 06:45:00,Block Transaction,Open
ALT001306,T041359,A0156,A0237,191878,90.5,HIGH,Critical Fraud Alert,2025-01-02 06:46:00,Block Transaction,Open
ALT001307,T041386,A0209,A0108,67620,75.86,HIGH,Medium Risk Alert,2025-01-02 06:47:00,Monitor,Open
ALT001308,T041450,A0157,A0491,161219,87.64,HIGH,High Risk Alert,2025-01-02 06:48:00,Manual Review,Open
ALT001309,T041504,A0014,A0088,101845,89.5,HIGH,High Risk Alert,2025-01-02 06:49:00,Manual Review,Open
ALT001310,T041510,A0327,A0220,140169,89.22,HIGH,High Risk Alert,2025-01-02 06:50:00,Manual Review,Under Review
ALT001311,T041531,A0324,A0321,146643,76.0,HIGH,Medium Risk Alert,2025-01-02 06:51:00,Monitor,Open
ALT001312,T041739,A0105,A0433,133277,86.31,HIGH,High Risk Alert,2025-01-02 06:52:00,Manual Review,Open
ALT001313,T041869,A0380,A0465,163826,93.75,HIGH,Critical Fraud Alert,2025-01-02 06:53:00,Block Transaction,Under Review
ALT001314,T041930,A0073,A0344,102197,83.57,HIGH,High Risk Alert,2025-01-02 06:54:00,Manual Review,Under Review
ALT001315,T041952,A0156,A0056,89149,89.68,HIGH,High Risk Alert,2025-01-02 06:55:00,Manual Review,Under Review
ALT001316,T041988,A0083,A0188,352755,79.75,HIGH,Medium Risk Alert,2025-01-02 06:56:00,Monitor,Open
ALT001317,T042047,A0164,A0227,288288,77.25,HIGH,Medium Risk Alert,2025-01-02 06:57:00,Monitor,Under Review
ALT001318,T042072,A0019,A0394,229314,90.75,HIGH,Critical Fraud Alert,2025-01-02 06:58:00,Block Transaction,Under Review
ALT001319,T042163,A0280,A0394,78919,84.33,HIGH,High Risk Alert,2025-01-02 06:59:00,Manual Review,Open
ALT001320,T042165,A0482,A0147,418777,82.25,HIGH,High Risk Alert,2025-01-02 07:00:00,Manual Review,Open
ALT001321,T042215,A0268,A0353,198637,92.25,HIGH,Critical Fraud Alert,2025-01-02 07:01:00,Block Transaction,Open
ALT001322,T042251,A0225,A0177,197822,88.75,HIGH,High Risk Alert,2025-01-02 07:02:00,Manual Review,Resolved
ALT001323,T042290,A0085,A0394,131350,83.74,HIGH,High Risk Alert,2025-01-02 07:03:00,Manual Review,Resolved
ALT001324,T042341,A0423,A0234,135594,86.64,HIGH,High Risk Alert,2025-01-02 07:04:00,Manual Review,Under Review
ALT001325,T042372,A0236,A0373,390517,76.25,HIGH,Medium Risk Alert,2025-01-02 07:05:00,Monitor,Under Review
ALT001326,T042398,A0300,A0254,65295,81.15,HIGH,High Risk Alert,2025-01-02 07:06:00,Manual Review,Open
ALT001327,T042416,A0396,A0394,83802,92.75,HIGH,Critical Fraud Alert,2025-01-02 07:07:00,Block Transaction,Open
ALT001328,T042436,A0338,A0238,188260,90.75,HIGH,Critical Fraud Alert,2025-01-02 07:08:00,Block Transaction,Resolved
ALT001329,T042440,A0118,A0443,170351,90.75,HIGH,Critical Fraud Alert,2025-01-02 07:09:00,Block Transaction,Open
ALT001330,T042466,A0076,A0237,67002,79.29,HIGH,Medium Risk Alert,2025-01-02 07:10:00,Monitor,Under Review
ALT001331,T042513,A0157,A0141,255301,76.25,HIGH,Medium Risk Alert,2025-01-02 07:11:00,Monitor,Open
ALT001332,T042523,A0067,A0443,176992,92.5,HIGH,Critical Fraud Alert,2025-01-02 07:12:00,Block Transaction,Under Review
ALT001333,T042540,A0070,A0109,138904,90.46,HIGH,Critical Fraud Alert,2025-01-02 07:13:00,Block Transaction,Open
ALT001334,T042585,A0223,A0249,374855,83.0,HIGH,High Risk Alert,2025-01-02 07:14:00,Manual Review,Open
ALT001335,T042596,A0170,A0308,68065,83.89,HIGH,High Risk Alert,2025-01-02 07:15:00,Manual Review,Open
ALT001336,T042625,A0161,A0465,102578,92.0,HIGH,Critical Fraud Alert,2025-01-02 07:16:00,Block Transaction,Resolved
ALT001337,T042630,A0166,A0483,110708,86.29,HIGH,High Risk Alert,2025-01-02 07:17:00,Manual Review,Open
ALT001338,T042684,A0146,A0465,127688,94.25,HIGH,Critical Fraud Alert,2025-01-02 07:18:00,Block Transaction,Open
ALT001339,T042687,A0036,A0114,451018,81.0,HIGH,High Risk Alert,2025-01-02 07:19:00,Manual Review,Resolved
ALT001340,T042721,A0333,A0088,51618,75.71,HIGH,Medium Risk Alert,2025-01-02 07:20:00,Monitor,Under Review
ALT001341,T042745,A0136,A0024,55606,92.14,HIGH,Critical Fraud Alert,2025-01-02 07:21:00,Block Transaction,Open
ALT001342,T042806,A0066,A0257,143463,86.99,HIGH,High Risk Alert,2025-01-02 07:22:00,Manual Review,Open
ALT001343,T042823,A0429,A0257,85008,83.18,HIGH,High Risk Alert,2025-01-02 07:23:00,Manual Review,Open
ALT001344,T042858,A0152,A0328,154623,94.25,HIGH,Critical Fraud Alert,2025-01-02 07:24:00,Block Transaction,Open
ALT001345,T042916,A0389,A0188,421090,76.25,HIGH,Medium Risk Alert,2025-01-02 07:25:00,Monitor,Open
ALT001346,T043025,A0326,A0088,192889,92.75,HIGH,Critical Fraud Alert,2025-01-02 07:26:00,Block Transaction,Under Review
ALT001347,T043160,A0086,A0024,67422,91.25,HIGH,Critical Fraud Alert,2025-01-02 07:27:00,Block Transaction,Under Review
ALT001348,T043161,A0215,A0257,127572,88.75,HIGH,High Risk Alert,2025-01-02 07:28:00,Manual Review,Open
ALT001349,T043176,A0122,A0237,82447,88.83,HIGH,High Risk Alert,2025-01-02 07:29:00,Manual Review,Open
ALT001350,T043180,A0246,A0465,198679,93.25,HIGH,Critical Fraud Alert,2025-01-02 07:30:00,Block Transaction,Resolved
ALT001351,T043214,A0271,A0344,149801,93.5,HIGH,Critical Fraud Alert,2025-01-02 07:31:00,Block Transaction,Under Review
ALT001352,T043229,A0155,A0079,194124,92.75,HIGH,Critical Fraud Alert,2025-01-02 07:32:00,Block Transaction,Open
ALT001353,T043257,A0025,A0394,106809,91.5,HIGH,Critical Fraud Alert,2025-01-02 07:33:00,Block Transaction,Under Review
ALT001354,T043309,A0432,A0012,149907,79.75,HIGH,Medium Risk Alert,2025-01-02 07:34:00,Monitor,Under Review
ALT001355,T043360,A0038,A0237,164828,92.0,HIGH,Critical Fraud Alert,2025-01-02 07:35:00,Block Transaction,Open
ALT001356,T043362,A0425,A0299,112661,79.86,HIGH,Medium Risk Alert,2025-01-02 07:36:00,Monitor,Open
ALT001357,T043379,A0438,A0465,155088,90.0,HIGH,Critical Fraud Alert,2025-01-02 07:37:00,Block Transaction,Resolved
ALT001358,T043413,A0189,A0500,287207,75.75,HIGH,Medium Risk Alert,2025-01-02 07:38:00,Monitor,Open
ALT001359,T043417,A0070,A0254,106690,81.35,HIGH,High Risk Alert,2025-01-02 07:39:00,Manual Review,Under Review
ALT001360,T043470,A0178,A0328,107795,90.24,HIGH,Critical Fraud Alert,2025-01-02 07:40:00,Block Transaction,Under Review
ALT001361,T043497,A0358,A0220,126730,91.25,HIGH,Critical Fraud Alert,2025-01-02 07:41:00,Block Transaction,Under Review
ALT001362,T043509,A0213,A0257,194128,84.13,HIGH,High Risk Alert,2025-01-02 07:42:00,Manual Review,Open
ALT001363,T043533,A0105,A0308,165387,88.61,HIGH,High Risk Alert,2025-01-02 07:43:00,Manual Review,Under Review
ALT001364,T043546,A0436,A0056,354487,90.5,HIGH,Critical Fraud Alert,2025-01-02 07:44:00,Block Transaction,Under Review
ALT001365,T043549,A0276,A0237,125046,84.91,HIGH,High Risk Alert,2025-01-02 07:45:00,Manual Review,Open
ALT001366,T043632,A0445,A0285,108733,89.03,HIGH,High Risk Alert,2025-01-02 07:46:00,Manual Review,Resolved
ALT001367,T043660,A0122,A0483,109968,93.25,HIGH,Critical Fraud Alert,2025-01-02 07:47:00,Block Transaction,Open
ALT001368,T043674,A0062,A0056,63604,94.0,HIGH,Critical Fraud Alert,2025-01-02 07:48:00,Block Transaction,Under Review
ALT001369,T043683,A0398,A0394,140213,93.0,HIGH,Critical Fraud Alert,2025-01-02 07:49:00,Block Transaction,Resolved
ALT001370,T043685,A0303,A0396,131398,76.75,HIGH,Medium Risk Alert,2025-01-02 07:50:00,Monitor,Open
ALT001371,T043705,A0497,A0108,109086,86.42,HIGH,High Risk Alert,2025-01-02 07:51:00,Manual Review,Open
ALT001372,T043747,A0184,A0147,237474,79.75,HIGH,Medium Risk Alert,2025-01-02 07:52:00,Monitor,Under Review
ALT001373,T043794,A0464,A0257,169788,93.0,HIGH,Critical Fraud Alert,2025-01-02 07:53:00,Block Transaction,Under Review
ALT001374,T043814,A0212,A0328,143166,90.0,HIGH,Critical Fraud Alert,2025-01-02 07:54:00,Block Transaction,Open
ALT001375,T043838,A0022,A0254,75838,81.01,HIGH,High Risk Alert,2025-01-02 07:55:00,Manual Review,Open
ALT001376,T043848,A0024,A0056,181239,75.49,HIGH,Medium Risk Alert,2025-01-02 07:56:00,Monitor,Open
ALT001377,T043862,A0358,A0299,128183,92.5,HIGH,Critical Fraud Alert,2025-01-02 07:57:00,Block Transaction,Open
ALT001378,T043875,A0221,A0285,400219,90.0,HIGH,Critical Fraud Alert,2025-01-02 07:58:00,Block Transaction,Under Review
ALT001379,T043944,A0023,A0011,101342,94.5,HIGH,Critical Fraud Alert,2025-01-02 07:59:00,Block Transaction,Resolved
ALT001380,T044018,A0289,A0425,289860,75.25,HIGH,Medium Risk Alert,2025-01-02 08:00:00,Monitor,Under Review
ALT001381,T044021,A0157,A0220,180662,89.1,HIGH,High Risk Alert,2025-01-02 08:01:00,Manual Review,Under Review
ALT001382,T044047,A0327,A0234,116145,87.07,HIGH,High Risk Alert,2025-01-02 08:02:00,Manual Review,Open
ALT001383,T044066,A0003,A0079,168192,91.0,HIGH,Critical Fraud Alert,2025-01-02 08:03:00,Block Transaction,Under Review
ALT001384,T044171,A0306,A0257,141876,90.75,HIGH,Critical Fraud Alert,2025-01-02 08:04:00,Block Transaction,Open
ALT001385,T044217,A0227,A0200,125006,76.5,HIGH,Medium Risk Alert,2025-01-02 08:05:00,Monitor,Open
ALT001386,T044239,A0197,A0285,117072,90.37,HIGH,Critical Fraud Alert,2025-01-02 08:06:00,Block Transaction,Resolved
ALT001387,T044254,A0449,A0254,157791,94.01,HIGH,Critical Fraud Alert,2025-01-02 08:07:00,Block Transaction,Open
ALT001388,T044256,A0297,A0375,158200,79.75,HIGH,Medium Risk Alert,2025-01-02 08:08:00,Monitor,Open
ALT001389,T044278,A0225,A0122,158332,76.5,HIGH,Medium Risk Alert,2025-01-02 08:09:00,Monitor,Under Review
ALT001390,T044307,A0227,A0108,131410,93.5,HIGH,Critical Fraud Alert,2025-01-02 08:10:00,Block Transaction,Under Review
ALT001391,T044309,A0006,A0024,84112,79.44,HIGH,Medium Risk Alert,2025-01-02 08:11:00,Monitor,Open
ALT001392,T044316,A0147,A0024,82869,84.5,HIGH,High Risk Alert,2025-01-02 08:12:00,Manual Review,Open
ALT001393,T044421,A0416,A0238,122302,94.5,HIGH,Critical Fraud Alert,2025-01-02 08:13:00,Block Transaction,Resolved
ALT001394,T044458,A0424,A0109,55817,84.12,HIGH,High Risk Alert,2025-01-02 08:14:00,Manual Review,Resolved
ALT001395,T044462,A0030,A0024,148901,90.25,HIGH,Critical Fraud Alert,2025-01-02 08:15:00,Block Transaction,Open
ALT001396,T044481,A0063,A0394,162262,91.5,HIGH,Critical Fraud Alert,2025-01-02 08:16:00,Block Transaction,Under Review
ALT001397,T044485,A0322,A0285,123842,94.0,HIGH,Critical Fraud Alert,2025-01-02 08:17:00,Block Transaction,Open
ALT001398,T044495,A0029,A0079,75635,75.53,HIGH,Medium Risk Alert,2025-01-02 08:18:00,Monitor,Under Review
ALT001399,T044571,A0190,A0254,107753,91.75,HIGH,Critical Fraud Alert,2025-01-02 08:19:00,Block Transaction,Under Review
ALT001400,T044573,A0113,A0238,163694,92.75,HIGH,Critical Fraud Alert,2025-01-02 08:20:00,Block Transaction,Open
ALT001401,T044627,A0134,A0234,156690,94.5,HIGH,Critical Fraud Alert,2025-01-02 08:21:00,Block Transaction,Under Review
ALT001402,T044786,A0206,A0056,70503,79.13,HIGH,Medium Risk Alert,2025-01-02 08:22:00,Monitor,Open
ALT001403,T044789,A0358,A0454,146569,78.5,HIGH,Medium Risk Alert,2025-01-02 08:23:00,Monitor,Under Review
ALT001404,T044826,A0265,A0234,148567,91.0,HIGH,Critical Fraud Alert,2025-01-02 08:24:00,Block Transaction,Open
ALT001405,T044870,A0180,A0238,132580,93.0,HIGH,Critical Fraud Alert,2025-01-02 08:25:00,Block Transaction,Resolved
ALT001406,T044906,A0314,A0288,389088,76.75,HIGH,Medium Risk Alert,2025-01-02 08:26:00,Monitor,Open
ALT001407,T044908,A0440,A0353,168346,92.03,HIGH,Critical Fraud Alert,2025-01-02 08:27:00,Block Transaction,Resolved
ALT001408,T044919,A0291,A0234,176814,90.75,HIGH,Critical Fraud Alert,2025-01-02 08:28:00,Block Transaction,Open
ALT001409,T044931,A0400,A0108,187461,94.0,HIGH,Critical Fraud Alert,2025-01-02 08:29:00,Block Transaction,Open
ALT001410,T045021,A0204,A0004,103747,91.5,HIGH,Critical Fraud Alert,2025-01-02 08:30:00,Block Transaction,Open
ALT001411,T045046,A0345,A0257,90318,80.43,HIGH,High Risk Alert,2025-01-02 08:31:00,Manual Review,Open
ALT001412,T045064,A0142,A0168,328748,75.0,HIGH,Medium Risk Alert,2025-01-02 08:32:00,Monitor,Resolved
ALT001413,T045121,A0303,A0285,157515,91.0,HIGH,Critical Fraud Alert,2025-01-02 08:33:00,Block Transaction,Open
ALT001414,T045152,A0096,A0394,151133,92.25,HIGH,Critical Fraud Alert,2025-01-02 08:34:00,Block Transaction,Open
ALT001415,T045186,A0497,A0433,197011,92.25,HIGH,Critical Fraud Alert,2025-01-02 08:35:00,Block Transaction,Under Review
ALT001416,T045296,A0249,A0109,181773,90.75,HIGH,Critical Fraud Alert,2025-01-02 08:36:00,Block Transaction,Under Review
ALT001417,T045323,A0471,A0238,146335,90.75,HIGH,Critical Fraud Alert,2025-01-02 08:37:00,Block Transaction,Resolved
ALT001418,T045345,A0334,A0394,94780,80.88,HIGH,High Risk Alert,2025-01-02 08:38:00,Manual Review,Open
ALT001419,T045419,A0053,A0079,161472,93.5,HIGH,Critical Fraud Alert,2025-01-02 08:39:00,Block Transaction,Open
ALT001420,T045474,A0437,A0056,148320,94.5,HIGH,Critical Fraud Alert,2025-01-02 08:40:00,Block Transaction,Under Review
ALT001421,T045497,A0075,A0285,198449,94.75,HIGH,Critical Fraud Alert,2025-01-02 08:41:00,Block Transaction,Resolved
ALT001422,T045555,A0267,A0491,132200,90.0,HIGH,Critical Fraud Alert,2025-01-02 08:42:00,Block Transaction,Under Review
ALT001423,T045627,A0063,A0433,118257,88.68,HIGH,High Risk Alert,2025-01-02 08:43:00,Manual Review,Open
ALT001424,T045635,A0023,A0108,130743,92.25,HIGH,Critical Fraud Alert,2025-01-02 08:44:00,Block Transaction,Resolved
ALT001425,T045660,A0195,A0257,149763,94.25,HIGH,Critical Fraud Alert,2025-01-02 08:45:00,Block Transaction,Under Review
ALT001426,T045695,A0449,A0344,432012,92.75,HIGH,Critical Fraud Alert,2025-01-02 08:46:00,Block Transaction,Under Review
ALT001427,T045708,A0231,A0491,175907,91.5,HIGH,Critical Fraud Alert,2025-01-02 08:47:00,Block Transaction,Open
ALT001428,T045728,A0375,A0328,101421,89.75,HIGH,High Risk Alert,2025-01-02 08:48:00,Manual Review,Open
ALT001429,T045745,A0136,A0491,139067,92.75,HIGH,Critical Fraud Alert,2025-01-02 08:49:00,Block Transaction,Resolved
ALT001430,T045760,A0250,A0056,149022,89.75,HIGH,High Risk Alert,2025-01-02 08:50:00,Manual Review,Open
ALT001431,T045802,A0008,A0299,76617,86.51,HIGH,High Risk Alert,2025-01-02 08:51:00,Manual Review,Open
ALT001432,T045815,A0148,A0308,62466,77.82,HIGH,Medium Risk Alert,2025-01-02 08:52:00,Monitor,Under Review
ALT001433,T045825,A0393,A0238,97350,92.22,HIGH,Critical Fraud Alert,2025-01-02 08:53:00,Block Transaction,Open
ALT001434,T045870,A0031,A0457,119876,81.83,HIGH,High Risk Alert,2025-01-02 08:54:00,Manual Review,Under Review
ALT001435,T045878,A0229,A0249,149652,78.51,HIGH,Medium Risk Alert,2025-01-02 08:55:00,Monitor,Open
ALT001436,T045936,A0301,A0024,107437,86.94,HIGH,High Risk Alert,2025-01-02 08:56:00,Manual Review,Open
ALT001437,T045943,A0449,A0177,80752,82.17,HIGH,High Risk Alert,2025-01-02 08:57:00,Manual Review,Resolved
ALT001438,T045946,A0187,A0394,100836,94.0,HIGH,Critical Fraud Alert,2025-01-02 08:58:00,Block Transaction,Resolved
ALT001439,T045956,A0391,A0004,62870,79.8,HIGH,Medium Risk Alert,2025-01-02 08:59:00,Monitor,Under Review
ALT001440,T045957,A0273,A0220,89953,83.29,HIGH,High Risk Alert,2025-01-02 09:00:00,Manual Review,Open
ALT001441,T045965,A0490,A0433,146868,90.75,HIGH,Critical Fraud Alert,2025-01-02 09:01:00,Block Transaction,Open
ALT001442,T045986,A0306,A0324,226588,76.75,HIGH,Medium Risk Alert,2025-01-02 09:02:00,Monitor,Open
ALT001443,T046002,A0297,A0394,67591,83.19,HIGH,High Risk Alert,2025-01-02 09:03:00,Manual Review,Under Review
ALT001444,T046049,A0338,A0006,176490,76.75,HIGH,Medium Risk Alert,2025-01-02 09:04:00,Monitor,Open
ALT001445,T046105,A0074,A0394,80457,86.3,HIGH,High Risk Alert,2025-01-02 09:05:00,Manual Review,Open
ALT001446,T046122,A0021,A0328,77365,87.23,HIGH,High Risk Alert,2025-01-02 09:06:00,Manual Review,Resolved
ALT001447,T046164,A0375,A0237,78662,94.0,HIGH,Critical Fraud Alert,2025-01-02 09:07:00,Block Transaction,Open
ALT001448,T046171,A0448,A0024,120681,90.5,HIGH,Critical Fraud Alert,2025-01-02 09:08:00,Block Transaction,Open
ALT001449,T046179,A0351,A0177,175887,91.25,HIGH,Critical Fraud Alert,2025-01-02 09:09:00,Block Transaction,Open
ALT001450,T046219,A0500,A0483,188542,90.75,HIGH,Critical Fraud Alert,2025-01-02 09:10:00,Block Transaction,Under Review
ALT001451,T046235,A0354,A0109,83898,90.93,HIGH,Critical Fraud Alert,2025-01-02 09:11:00,Block Transaction,Resolved
ALT001452,T046238,A0090,A0394,97776,89.62,HIGH,High Risk Alert,2025-01-02 09:12:00,Manual Review,Open
ALT001453,T046300,A0360,A0022,459440,75.0,HIGH,Medium Risk Alert,2025-01-02 09:13:00,Monitor,Under Review
ALT001454,T046371,A0420,A0344,135070,91.25,HIGH,Critical Fraud Alert,2025-01-02 09:14:00,Block Transaction,Open
ALT001455,T046400,A0201,A0238,293648,91.25,HIGH,Critical Fraud Alert,2025-01-02 09:15:00,Block Transaction,Under Review
ALT001456,T046452,A0482,A0457,173466,92.08,HIGH,Critical Fraud Alert,2025-01-02 09:16:00,Block Transaction,Open
ALT001457,T046464,A0205,A0394,192317,91.25,HIGH,Critical Fraud Alert,2025-01-02 09:17:00,Block Transaction,Open
ALT001458,T046476,A0287,A0238,110762,79.99,HIGH,Medium Risk Alert,2025-01-02 09:18:00,Monitor,Open
ALT001459,T046488,A0434,A0328,89229,87.21,HIGH,High Risk Alert,2025-01-02 09:19:00,Manual Review,Open
ALT001460,T046530,A0287,A0004,194133,90.5,HIGH,Critical Fraud Alert,2025-01-02 09:20:00,Block Transaction,Open
ALT001461,T046579,A0171,A0335,303758,77.25,HIGH,Medium Risk Alert,2025-01-02 09:21:00,Monitor,Open
ALT001462,T046601,A0005,A0394,77983,88.28,HIGH,High Risk Alert,2025-01-02 09:22:00,Manual Review,Under Review
ALT001463,T046655,A0103,A0237,143943,92.5,HIGH,Critical Fraud Alert,2025-01-02 09:23:00,Block Transaction,Under Review
ALT001464,T046676,A0450,A0457,158565,89.0,HIGH,High Risk Alert,2025-01-02 09:24:00,Manual Review,Open
ALT001465,T046708,A0034,A0030,211826,80.5,HIGH,High Risk Alert,2025-01-02 09:25:00,Manual Review,Resolved
ALT001466,T046726,A0215,A0443,174405,90.0,HIGH,Critical Fraud Alert,2025-01-02 09:26:00,Block Transaction,Open
ALT001467,T046777,A0304,A0234,122071,89.3,HIGH,High Risk Alert,2025-01-02 09:27:00,Manual Review,Resolved
ALT001468,T046813,A0500,A0067,477089,77.0,HIGH,Medium Risk Alert,2025-01-02 09:28:00,Monitor,Under Review
ALT001469,T046819,A0089,A0011,143239,92.75,HIGH,Critical Fraud Alert,2025-01-02 09:29:00,Block Transaction,Resolved
ALT001470,T046872,A0137,A0004,66451,92.25,HIGH,Critical Fraud Alert,2025-01-02 09:30:00,Block Transaction,Under Review
ALT001471,T046931,A0280,A0394,136694,90.5,HIGH,Critical Fraud Alert,2025-01-02 09:31:00,Block Transaction,Under Review
ALT001472,T047019,A0382,A0308,85407,92.25,HIGH,Critical Fraud Alert,2025-01-02 09:32:00,Block Transaction,Resolved
ALT001473,T047052,A0301,A0024,160462,94.75,HIGH,Critical Fraud Alert,2025-01-02 09:33:00,Block Transaction,Open
ALT001474,T047155,A0379,A0108,189432,89.0,HIGH,High Risk Alert,2025-01-02 09:34:00,Manual Review,Open
ALT001475,T047256,A0225,A0299,167302,92.25,HIGH,Critical Fraud Alert,2025-01-02 09:35:00,Block Transaction,Open
ALT001476,T047258,A0148,A0353,184248,92.5,HIGH,Critical Fraud Alert,2025-01-02 09:36:00,Block Transaction,Open
ALT001477,T047282,A0151,A0088,120238,86.77,HIGH,High Risk Alert,2025-01-02 09:37:00,Manual Review,Open
ALT001478,T047289,A0179,A0433,147458,93.25,HIGH,Critical Fraud Alert,2025-01-02 09:38:00,Block Transaction,Under Review
ALT001479,T047353,A0015,A0394,171489,93.0,HIGH,Critical Fraud Alert,2025-01-02 09:39:00,Block Transaction,Resolved
ALT001480,T047420,A0423,A0344,91665,81.04,HIGH,High Risk Alert,2025-01-02 09:40:00,Manual Review,Under Review
ALT001481,T047425,A0393,A0257,142881,92.75,HIGH,Critical Fraud Alert,2025-01-02 09:41:00,Block Transaction,Open
ALT001482,T047483,A0391,A0353,135282,88.75,HIGH,High Risk Alert,2025-01-02 09:42:00,Manual Review,Open
ALT001483,T047545,A0179,A0056,192144,90.25,HIGH,Critical Fraud Alert,2025-01-02 09:43:00,Block Transaction,Open
ALT001484,T047568,A0373,A0238,195581,94.0,HIGH,Critical Fraud Alert,2025-01-02 09:44:00,Block Transaction,Open
ALT001485,T047582,A0171,A0308,104480,92.25,HIGH,Critical Fraud Alert,2025-01-02 09:45:00,Block Transaction,Open
ALT001486,T047633,A0327,A0483,113814,85.67,HIGH,High Risk Alert,2025-01-02 09:46:00,Manual Review,Resolved
ALT001487,T047652,A0099,A0257,116950,86.88,HIGH,High Risk Alert,2025-01-02 09:47:00,Manual Review,Open
ALT001488,T047684,A0241,A0299,107282,91.79,HIGH,Critical Fraud Alert,2025-01-02 09:48:00,Block Transaction,Open
ALT001489,T047729,A0055,A0257,88154,83.16,HIGH,High Risk Alert,2025-01-02 09:49:00,Manual Review,Open
ALT001490,T047744,A0414,A0056,195512,93.5,HIGH,Critical Fraud Alert,2025-01-02 09:50:00,Block Transaction,Open
ALT001491,T047759,A0229,A0056,78644,76.01,HIGH,Medium Risk Alert,2025-01-02 09:51:00,Monitor,Open
ALT001492,T047775,A0049,A0443,52495,89.5,HIGH,High Risk Alert,2025-01-02 09:52:00,Manual Review,Resolved
ALT001493,T047820,A0114,A0238,185340,91.5,HIGH,Critical Fraud Alert,2025-01-02 09:53:00,Block Transaction,Under Review
ALT001494,T047895,A0019,A0004,96575,80.78,HIGH,High Risk Alert,2025-01-02 09:54:00,Manual Review,Resolved
ALT001495,T047991,A0416,A0465,167054,93.75,HIGH,Critical Fraud Alert,2025-01-02 09:55:00,Block Transaction,Open
ALT001496,T048056,A0087,A0003,435425,76.0,HIGH,Medium Risk Alert,2025-01-02 09:56:00,Monitor,Resolved
ALT001497,T048090,A0142,A0394,68637,82.33,HIGH,High Risk Alert,2025-01-02 09:57:00,Manual Review,Open
ALT001498,T048099,A0194,A0094,302252,76.0,HIGH,Medium Risk Alert,2025-01-02 09:58:00,Monitor,Open
ALT001499,T048123,A0256,A0011,85092,84.55,HIGH,High Risk Alert,2025-01-02 09:59:00,Manual Review,Open
ALT001500,T048135,A0398,A0065,154039,91.75,HIGH,Critical Fraud Alert,2025-01-02 10:00:00,Block Transaction,Open
ALT001501,T048138,A0495,A0079,58121,82.32,HIGH,High Risk Alert,2025-01-02 10:01:00,Manual Review,Open
ALT001502,T048174,A0123,A0257,108729,90.33,HIGH,Critical Fraud Alert,2025-01-02 10:02:00,Block Transaction,Open
ALT001503,T048284,A0211,A0056,129656,91.25,HIGH,Critical Fraud Alert,2025-01-02 10:03:00,Block Transaction,Open
ALT001504,T048291,A0367,A0088,95343,79.94,HIGH,Medium Risk Alert,2025-01-02 10:04:00,Monitor,Open
ALT001505,T048323,A0244,A0443,111189,88.5,HIGH,High Risk Alert,2025-01-02 10:05:00,Manual Review,Open
ALT001506,T048361,A0073,A0308,100137,80.52,HIGH,High Risk Alert,2025-01-02 10:06:00,Manual Review,Open
ALT001507,T048365,A0450,A0108,198147,94.75,HIGH,Critical Fraud Alert,2025-01-02 10:07:00,Block Transaction,Open
ALT001508,T048379,A0141,A0409,359549,76.0,HIGH,Medium Risk Alert,2025-01-02 10:08:00,Monitor,Open
ALT001509,T048408,A0031,A0205,345799,76.0,HIGH,Medium Risk Alert,2025-01-02 10:09:00,Monitor,Open
ALT001510,T048529,A0290,A0491,58910,79.27,HIGH,Medium Risk Alert,2025-01-02 10:10:00,Monitor,Open
ALT001511,T048548,A0185,A0344,139754,92.5,HIGH,Critical Fraud Alert,2025-01-02 10:11:00,Block Transaction,Open
ALT001512,T048559,A0210,A0335,190595,75.5,HIGH,Medium Risk Alert,2025-01-02 10:12:00,Monitor,Under Review
ALT001513,T048569,A0133,A0050,328460,78.25,HIGH,Medium Risk Alert,2025-01-02 10:13:00,Monitor,Under Review
ALT001514,T048587,A0096,A0108,125103,87.97,HIGH,High Risk Alert,2025-01-02 10:14:00,Manual Review,Under Review
ALT001515,T048616,A0145,A0299,153339,90.75,HIGH,Critical Fraud Alert,2025-01-02 10:15:00,Block Transaction,Open
ALT001516,T048668,A0451,A0445,129591,76.75,HIGH,Medium Risk Alert,2025-01-02 10:16:00,Monitor,Open
ALT001517,T048681,A0381,A0065,75935,87.1,HIGH,High Risk Alert,2025-01-02 10:17:00,Manual Review,Under Review
ALT001518,T048851,A0096,A0237,57109,75.26,HIGH,Medium Risk Alert,2025-01-02 10:18:00,Monitor,Open
ALT001519,T048938,A0424,A0065,139347,91.0,HIGH,Critical Fraud Alert,2025-01-02 10:19:00,Block Transaction,Open
ALT001520,T049027,A0099,A0238,318250,91.75,HIGH,Critical Fraud Alert,2025-01-02 10:20:00,Block Transaction,Under Review
ALT001521,T049099,A0385,A0065,54076,82.02,HIGH,High Risk Alert,2025-01-02 10:21:00,Manual Review,Under Review
ALT001522,T049125,A0271,A0254,78152,88.89,HIGH,High Risk Alert,2025-01-02 10:22:00,Manual Review,Open
ALT001523,T049228,A0232,A0394,177951,92.75,HIGH,Critical Fraud Alert,2025-01-02 10:23:00,Block Transaction,Under Review
ALT001524,T049229,A0413,A0057,421479,75.25,HIGH,Medium Risk Alert,2025-01-02 10:24:00,Monitor,Under Review
ALT001525,T049251,A0189,A0065,158482,91.25,HIGH,Critical Fraud Alert,2025-01-02 10:25:00,Block Transaction,Under Review
ALT001526,T049310,A0284,A0220,111059,89.25,HIGH,High Risk Alert,2025-01-02 10:26:00,Manual Review,Open
ALT001527,T049330,A0176,A0056,87017,94.25,HIGH,Critical Fraud Alert,2025-01-02 10:27:00,Block Transaction,Under Review
ALT001528,T049360,A0121,A0356,209005,76.25,HIGH,Medium Risk Alert,2025-01-02 10:28:00,Monitor,Open
ALT001529,T049369,A0359,A0088,69734,94.5,HIGH,Critical Fraud Alert,2025-01-02 10:29:00,Block Transaction,Open
ALT001530,T049410,A0229,A0234,129453,83.31,HIGH,High Risk Alert,2025-01-02 10:30:00,Manual Review,Resolved
ALT001531,T049452,A0216,A0458,169029,78.75,HIGH,Medium Risk Alert,2025-01-02 10:31:00,Monitor,Open
ALT001532,T049471,A0490,A0024,63868,81.76,HIGH,High Risk Alert,2025-01-02 10:32:00,Manual Review,Open
ALT001533,T049475,A0142,A0056,107243,86.33,HIGH,High Risk Alert,2025-01-02 10:33:00,Manual Review,Open
ALT001534,T049495,A0309,A0347,62493,83.44,HIGH,High Risk Alert,2025-01-02 10:34:00,Manual Review,Resolved
ALT001535,T049603,A0440,A0177,165045,91.29,HIGH,Critical Fraud Alert,2025-01-02 10:35:00,Block Transaction,Under Review
ALT001536,T049630,A0298,A0457,174991,91.5,HIGH,Critical Fraud Alert,2025-01-02 10:36:00,Block Transaction,Open
ALT001537,T049666,A0461,A0177,126595,90.5,HIGH,Critical Fraud Alert,2025-01-02 10:37:00,Block Transaction,Open
ALT001538,T049686,A0224,A0088,117399,90.95,HIGH,Critical Fraud Alert,2025-01-02 10:38:00,Block Transaction,Open
ALT001539,T049687,A0455,A0344,76290,93.5,HIGH,Critical Fraud Alert,2025-01-02 10:39:00,Block Transaction,Open
ALT001540,T049743,A0015,A0234,105281,94.25,HIGH,Critical Fraud Alert,2025-01-02 10:40:00,Block Transaction,Open
ALT001541,T049831,A0164,A0234,328519,93.0,HIGH,Critical Fraud Alert,2025-01-02 10:41:00,Block Transaction,Open
ALT001542,T049846,A0282,A0047,464404,76.25,HIGH,Medium Risk Alert,2025-01-02 10:42:00,Monitor,Open
ALT001543,T049847,A0281,A0122,483922,77.75,HIGH,Medium Risk Alert,2025-01-02 10:43:00,Monitor,Under Review
ALT001544,T049848,A0120,A0237,136994,93.75,HIGH,Critical Fraud Alert,2025-01-02 10:44:00,Block Transaction,Open
ALT001545,T049953,A0331,A0299,189135,93.0,HIGH,Critical Fraud Alert,2025-01-02 10:45:00,Block Transaction,Resolved
ALT001546,T049975,A0214,A0246,336291,75.5,HIGH,Medium Risk Alert,2025-01-02 10:46:00,Monitor,Open
ALT001547,T049995,A0423,A0004,152040,86.87,HIGH,High Risk Alert,2025-01-02 10:47:00,Manual Review,Open
