pattern_type,sender_account,receiver_account,pattern_strength,detected_time,risk_level,description
Fan-Out,A0001,,81,,HIGH,Sender transferred to 81 unique receivers
Fan-Out,A0002,,78,,HIGH,Sender transferred to 78 unique receivers
Fan-Out,A0003,,91,,HIGH,Sender transferred to 91 unique receivers
Fan-Out,A0004,,67,,HIGH,Sender transferred to 67 unique receivers
Fan-Out,A0005,,97,,HIGH,Sender transferred to 97 unique receivers
Fan-Out,A0006,,91,,HIGH,Sender transferred to 91 unique receivers
Fan-Out,A0007,,73,,HIGH,Sender transferred to 73 unique receivers
Fan-Out,A0008,,111,,HIGH,Sender transferred to 111 unique receivers
Fan-Out,A0009,,106,,HIGH,Sender transferred to 106 unique receivers
Fan-Out,A0010,,89,,HIGH,Sender transferred to 89 unique receivers
Fan-Out,A0011,,99,,HIGH,Sender transferred to 99 unique receivers
Fan-Out,A0012,,78,,HIGH,Sender transferred to 78 unique receivers
Fan-Out,A0013,,74,,HIGH,Sender transferred to 74 unique receivers
Fan-Out,A0014,,90,,HIGH,Sender transferred to 90 unique receivers
Fan-Out,A0015,,92,,HIGH,Sender transferred to 92 unique receivers
Fan-Out,A0016,,76,,HIGH,Sender transferred to 76 unique receivers
Fan-Out,A0017,,84,,HIGH,Sender transferred to 84 unique receivers
Fan-Out,A0018,,93,,HIGH,Sender transferred to 93 unique receivers
Fan-Out,A0019,,78,,HIGH,Sender transferred to 78 unique receivers
Fan-Out,A0020,,87,,HIGH,Sender transferred to 87 unique receivers
Fan-Out,A0021,,100,,HIGH,Sender transferred to 100 unique receivers
Fan-Out,A0022,,83,,HIGH,Sender transferred to 83 unique receivers
Fan-Out,A0023,,102,,HIGH,Sender transferred to 102 unique receivers
Fan-Out,A0024,,82,,HIGH,Sender transferred to 82 unique receivers
Fan-Out,A0025,,97,,HIGH,Sender transferred to 97 unique receivers
Fan-Out,A0026,,99,,HIGH,Sender transferred to 99 unique receivers
Fan-Out,A0027,,92,,HIGH,Sender transferred to 92 unique receivers
Fan-Out,A0028,,88,,HIGH,Sender transferred to 88 unique receivers
Fan-Out,A0029,,94,,HIGH,Sender transferred to 94 unique receivers
Fan-Out,A0030,,83,,HIGH,Sender transferred to 83 unique receivers
Fan-Out,A0031,,91,,HIGH,Sender transferred to 91 unique receivers
Fan-Out,A0032,,91,,HIGH,Sender transferred to 91 unique receivers
Fan-Out,A0033,,74,,HIGH,Sender transferred to 74 unique receivers
Fan-Out,A0034,,74,,HIGH,Sender transferred to 74 unique receivers
Fan-Out,A0035,,82,,HIGH,Sender transferred to 82 unique receivers
Fan-Out,A0036,,91,,HIGH,Sender transferred to 91 unique receivers
Fan-Out,A0037,,75,,HIGH,Sender transferred to 75 unique receivers
Fan-Out,A0038,,93,,HIGH,Sender transferred to 93 unique receivers
Fan-Out,A0039,,90,,HIGH,Sender transferred to 90 unique receivers
Fan-Out,A0040,,88,,HIGH,Sender transferred to 88 unique receivers
Fan-Out,A0041,,95,,HIGH,Sender transferred to 95 unique receivers
Fan-Out,A0042,,81,,HIGH,Sender transferred to 81 unique receivers
Fan-Out,A0043,,86,,HIGH,Sender transferred to 86 unique receivers
Fan-Out,A0044,,102,,HIGH,Sender transferred to 102 unique receivers
Fan-Out,A0045,,102,,HIGH,Sender transferred to 102 unique receivers
Fan-Out,A0046,,80,,HIGH,Sender transferred to 80 unique receivers
Fan-Out,A0047,,89,,HIGH,Sender transferred to 89 unique receivers
Fan-Out,A0048,,82,,HIGH,Sender transferred to 82 unique receivers
Fan-Out,A0049,,76,,HIGH,Sender transferred to 76 unique receivers
Fan-Out,A0050,,89,,HIGH,Sender transferred to 89 unique receivers
Fan-Out,A0051,,94,,HIGH,Sender transferred to 94 unique receivers
Fan-Out,A0052,,74,,HIGH,Sender transferred to 74 unique receivers
Fan-Out,A0053,,98,,HIGH,Sender transferred to 98 unique receivers
Fan-Out,A0054,,85,,HIGH,Sender transferred to 85 unique receivers
Fan-Out,A0055,,83,,HIGH,Sender transferred to 83 unique receivers
Fan-Out,A0056,,82,,HIGH,Sender transferred to 82 unique receivers
Fan-Out,A0057,,85,,HIGH,Sender transferred to 85 unique receivers
Fan-Out,A0058,,77,,HIGH,Sender transferred to 77 unique receivers
Fan-Out,A0059,,98,,HIGH,Sender transferred to 98 unique receivers
Fan-Out,A0060,,85,,HIGH,Sender transferred to 85 unique receivers
Fan-Out,A0061,,64,,HIGH,Sender transferred to 64 unique receivers
Fan-Out,A0062,,98,,HIGH,Sender transferred to 98 unique receivers
Fan-Out,A0063,,84,,HIGH,Sender transferred to 84 unique receivers
Fan-Out,A0064,,86,,HIGH,Sender transferred to 86 unique receivers
Fan-Out,A0065,,80,,HIGH,Sender transferred to 80 unique receivers
Fan-Out,A0066,,81,,HIGH,Sender transferred to 81 unique receivers
Fan-Out,A0067,,91,,HIGH,Sender transferred to 91 unique receivers
Fan-Out,A0068,,100,,HIGH,Sender transferred to 100 unique receivers
Fan-Out,A0069,,99,,HIGH,Sender transferred to 99 unique receivers
Fan-Out,A0070,,94,,HIGH,Sender transferred to 94 unique receivers
Fan-Out,A0071,,99,,HIGH,Sender transferred to 99 unique receivers
Fan-Out,A0072,,100,,HIGH,Sender transferred to 100 unique receivers
Fan-Out,A0073,,90,,HIGH,Sender transferred to 90 unique receivers
Fan-Out,A0074,,101,,HIGH,Sender transferred to 101 unique receivers
Fan-Out,A0075,,110,,HIGH,Sender transferred to 110 unique receivers
Fan-Out,A0076,,87,,HIGH,Sender transferred to 87 unique receivers
Fan-Out,A0077,,80,,HIGH,Sender transferred to 80 unique receivers
Fan-Out,A0078,,71,,HIGH,Sender transferred to 71 unique receivers
Fan-Out,A0079,,96,,HIGH,Sender transferred to 96 unique receivers
Fan-Out,A0080,,89,,HIGH,Sender transferred to 89 unique receivers
Fan-Out,A0081,,98,,HIGH,Sender transferred to 98 unique receivers
Fan-Out,A0082,,79,,HIGH,Sender transferred to 79 unique receivers
Fan-Out,A0083,,96,,HIGH,Sender transferred to 96 unique receivers
Fan-Out,A0084,,97,,HIGH,Sender transferred to 97 unique receivers
Fan-Out,A0085,,100,,HIGH,Sender transferred to 100 unique receivers
Fan-Out,A0086,,89,,HIGH,Sender transferred to 89 unique receivers
Fan-Out,A0087,,94,,HIGH,Sender transferred to 94 unique receivers
Fan-Out,A0088,,88,,HIGH,Sender transferred to 88 unique receivers
Fan-Out,A0089,,83,,HIGH,Sender transferred to 83 unique receivers
Fan-Out,A0090,,76,,HIGH,Sender transferred to 76 unique receivers
Fan-Out,A0091,,79,,HIGH,Sender transferred to 79 unique receivers
Fan-Out,A0092,,96,,HIGH,Sender transferred to 96 unique receivers
Fan-Out,A0093,,74,,HIGH,Sender transferred to 74 unique receivers
Fan-Out,A0094,,97,,HIGH,Sender transferred to 97 unique receivers
Fan-Out,A0095,,101,,HIGH,Sender transferred to 101 unique receivers
Fan-Out,A0096,,72,,HIGH,Sender transferred to 72 unique receivers
Fan-Out,A0097,,101,,HIGH,Sender transferred to 101 unique receivers
Fan-Out,A0098,,104,,HIGH,Sender transferred to 104 unique receivers
Fan-Out,A0099,,101,,HIGH,Sender transferred to 101 unique receivers
Fan-Out,A0100,,85,,HIGH,Sender transferred to 85 unique receivers
Fan-Out,A0101,,81,,HIGH,Sender transferred to 81 unique receivers
Fan-Out,A0102,,93,,HIGH,Sender transferred to 93 unique receivers
Fan-Out,A0103,,95,,HIGH,Sender transferred to 95 unique receivers
Fan-Out,A0104,,98,,HIGH,Sender transferred to 98 unique receivers
Fan-Out,A0105,,103,,HIGH,Sender transferred to 103 unique receivers
Fan-Out,A0106,,98,,HIGH,Sender transferred to 98 unique receivers
Fan-Out,A0107,,90,,HIGH,Sender transferred to 90 unique receivers
Fan-Out,A0108,,88,,HIGH,Sender transferred to 88 unique receivers
Fan-Out,A0109,,79,,HIGH,Sender transferred to 79 unique receivers
Fan-Out,A0110,,82,,HIGH,Sender transferred to 82 unique receivers
Fan-Out,A0111,,101,,HIGH,Sender transferred to 101 unique receivers
Fan-Out,A0112,,86,,HIGH,Sender transferred to 86 unique receivers
Fan-Out,A0113,,102,,HIGH,Sender transferred to 102 unique receivers
Fan-Out,A0114,,95,,HIGH,Sender transferred to 95 unique receivers
Fan-Out,A0115,,88,,HIGH,Sender transferred to 88 unique receivers
Fan-Out,A0116,,86,,HIGH,Sender transferred to 86 unique receivers
Fan-Out,A0117,,96,,HIGH,Sender transferred to 96 unique receivers
Fan-Out,A0118,,93,,HIGH,Sender transferred to 93 unique receivers
Fan-Out,A0119,,87,,HIGH,Sender transferred to 87 unique receivers
Fan-Out,A0120,,91,,HIGH,Sender transferred to 91 unique receivers
Fan-Out,A0121,,90,,HIGH,Sender transferred to 90 unique receivers
Fan-Out,A0122,,95,,HIGH,Sender transferred to 95 unique receivers
Fan-Out,A0123,,78,,HIGH,Sender transferred to 78 unique receivers
Fan-Out,A0124,,93,,HIGH,Sender transferred to 93 unique receivers
Fan-Out,A0125,,97,,HIGH,Sender transferred to 97 unique receivers
Fan-Out,A0126,,93,,HIGH,Sender transferred to 93 unique receivers
Fan-Out,A0127,,91,,HIGH,Sender transferred to 91 unique receivers
Fan-Out,A0128,,89,,HIGH,Sender transferred to 89 unique receivers
Fan-Out,A0129,,92,,HIGH,Sender transferred to 92 unique receivers
Fan-Out,A0130,,87,,HIGH,Sender transferred to 87 unique receivers
Fan-Out,A0131,,90,,HIGH,Sender transferred to 90 unique receivers
Fan-Out,A0132,,97,,HIGH,Sender transferred to 97 unique receivers
Fan-Out,A0133,,103,,HIGH,Sender transferred to 103 unique receivers
Fan-Out,A0134,,100,,HIGH,Sender transferred to 100 unique receivers
Fan-Out,A0135,,101,,HIGH,Sender transferred to 101 unique receivers
Fan-Out,A0136,,101,,HIGH,Sender transferred to 101 unique receivers
Fan-Out,A0137,,80,,HIGH,Sender transferred to 80 unique receivers
Fan-Out,A0138,,78,,HIGH,Sender transferred to 78 unique receivers
Fan-Out,A0139,,101,,HIGH,Sender transferred to 101 unique receivers
Fan-Out,A0140,,93,,HIGH,Sender transferred to 93 unique receivers
Fan-Out,A0141,,88,,HIGH,Sender transferred to 88 unique receivers
Fan-Out,A0142,,95,,HIGH,Sender transferred to 95 unique receivers
Fan-Out,A0143,,85,,HIGH,Sender transferred to 85 unique receivers
Fan-Out,A0144,,80,,HIGH,Sender transferred to 80 unique receivers
Fan-Out,A0145,,84,,HIGH,Sender transferred to 84 unique receivers
Fan-Out,A0146,,92,,HIGH,Sender transferred to 92 unique receivers
Fan-Out,A0147,,86,,HIGH,Sender transferred to 86 unique receivers
Fan-Out,A0148,,84,,HIGH,Sender transferred to 84 unique receivers
Fan-Out,A0149,,93,,HIGH,Sender transferred to 93 unique receivers
Fan-Out,A0150,,85,,HIGH,Sender transferred to 85 unique receivers
Fan-Out,A0151,,96,,HIGH,Sender transferred to 96 unique receivers
Fan-Out,A0152,,96,,HIGH,Sender transferred to 96 unique receivers
Fan-Out,A0153,,89,,HIGH,Sender transferred to 89 unique receivers
Fan-Out,A0154,,104,,HIGH,Sender transferred to 104 unique receivers
Fan-Out,A0155,,97,,HIGH,Sender transferred to 97 unique receivers
Fan-Out,A0156,,86,,HIGH,Sender transferred to 86 unique receivers
Fan-Out,A0157,,93,,HIGH,Sender transferred to 93 unique receivers
Fan-Out,A0158,,92,,HIGH,Sender transferred to 92 unique receivers
Fan-Out,A0159,,90,,HIGH,Sender transferred to 90 unique receivers
Fan-Out,A0160,,82,,HIGH,Sender transferred to 82 unique receivers
Fan-Out,A0161,,85,,HIGH,Sender transferred to 85 unique receivers
Fan-Out,A0162,,77,,HIGH,Sender transferred to 77 unique receivers
Fan-Out,A0163,,87,,HIGH,Sender transferred to 87 unique receivers
Fan-Out,A0164,,94,,HIGH,Sender transferred to 94 unique receivers
Fan-Out,A0165,,79,,HIGH,Sender transferred to 79 unique receivers
Fan-Out,A0166,,93,,HIGH,Sender transferred to 93 unique receivers
Fan-Out,A0167,,94,,HIGH,Sender transferred to 94 unique receivers
Fan-Out,A0168,,107,,HIGH,Sender transferred to 107 unique receivers
Fan-Out,A0169,,85,,HIGH,Sender transferred to 85 unique receivers
Fan-Out,A0170,,101,,HIGH,Sender transferred to 101 unique receivers
Fan-Out,A0171,,73,,HIGH,Sender transferred to 73 unique receivers
Fan-Out,A0172,,77,,HIGH,Sender transferred to 77 unique receivers
Fan-Out,A0173,,75,,HIGH,Sender transferred to 75 unique receivers
Fan-Out,A0174,,90,,HIGH,Sender transferred to 90 unique receivers
Fan-Out,A0175,,94,,HIGH,Sender transferred to 94 unique receivers
Fan-Out,A0176,,93,,HIGH,Sender transferred to 93 unique receivers
Fan-Out,A0177,,79,,HIGH,Sender transferred to 79 unique receivers
Fan-Out,A0178,,94,,HIGH,Sender transferred to 94 unique receivers
Fan-Out,A0179,,97,,HIGH,Sender transferred to 97 unique receivers
Fan-Out,A0180,,80,,HIGH,Sender transferred to 80 unique receivers
Fan-Out,A0181,,81,,HIGH,Sender transferred to 81 unique receivers
Fan-Out,A0182,,83,,HIGH,Sender transferred to 83 unique receivers
Fan-Out,A0183,,92,,HIGH,Sender transferred to 92 unique receivers
Fan-Out,A0184,,76,,HIGH,Sender transferred to 76 unique receivers
Fan-Out,A0185,,89,,HIGH,Sender transferred to 89 unique receivers
Fan-Out,A0186,,80,,HIGH,Sender transferred to 80 unique receivers
Fan-Out,A0187,,104,,HIGH,Sender transferred to 104 unique receivers
Fan-Out,A0188,,92,,HIGH,Sender transferred to 92 unique receivers
Fan-Out,A0189,,79,,HIGH,Sender transferred to 79 unique receivers
Fan-Out,A0190,,105,,HIGH,Sender transferred to 105 unique receivers
Fan-Out,A0191,,78,,HIGH,Sender transferred to 78 unique receivers
Fan-Out,A0192,,85,,HIGH,Sender transferred to 85 unique receivers
Fan-Out,A0193,,91,,HIGH,Sender transferred to 91 unique receivers
Fan-Out,A0194,,99,,HIGH,Sender transferred to 99 unique receivers
Fan-Out,A0195,,109,,HIGH,Sender transferred to 109 unique receivers
Fan-Out,A0196,,96,,HIGH,Sender transferred to 96 unique receivers
Fan-Out,A0197,,89,,HIGH,Sender transferred to 89 unique receivers
Fan-Out,A0198,,98,,HIGH,Sender transferred to 98 unique receivers
Fan-Out,A0199,,84,,HIGH,Sender transferred to 84 unique receivers
Fan-Out,A0200,,92,,HIGH,Sender transferred to 92 unique receivers
Fan-Out,A0201,,102,,HIGH,Sender transferred to 102 unique receivers
Fan-Out,A0202,,92,,HIGH,Sender transferred to 92 unique receivers
Fan-Out,A0203,,78,,HIGH,Sender transferred to 78 unique receivers
Fan-Out,A0204,,93,,HIGH,Sender transferred to 93 unique receivers
Fan-Out,A0205,,96,,HIGH,Sender transferred to 96 unique receivers
Fan-Out,A0206,,77,,HIGH,Sender transferred to 77 unique receivers
Fan-Out,A0207,,86,,HIGH,Sender transferred to 86 unique receivers
Fan-Out,A0208,,93,,HIGH,Sender transferred to 93 unique receivers
Fan-Out,A0209,,90,,HIGH,Sender transferred to 90 unique receivers
Fan-Out,A0210,,84,,HIGH,Sender transferred to 84 unique receivers
Fan-Out,A0211,,89,,HIGH,Sender transferred to 89 unique receivers
Fan-Out,A0212,,102,,HIGH,Sender transferred to 102 unique receivers
Fan-Out,A0213,,78,,HIGH,Sender transferred to 78 unique receivers
Fan-Out,A0214,,90,,HIGH,Sender transferred to 90 unique receivers
Fan-Out,A0215,,89,,HIGH,Sender transferred to 89 unique receivers
Fan-Out,A0216,,85,,HIGH,Sender transferred to 85 unique receivers
Fan-Out,A0217,,91,,HIGH,Sender transferred to 91 unique receivers
Fan-Out,A0218,,79,,HIGH,Sender transferred to 79 unique receivers
Fan-Out,A0219,,104,,HIGH,Sender transferred to 104 unique receivers
Fan-Out,A0220,,107,,HIGH,Sender transferred to 107 unique receivers
Fan-Out,A0221,,96,,HIGH,Sender transferred to 96 unique receivers
Fan-Out,A0222,,94,,HIGH,Sender transferred to 94 unique receivers
Fan-Out,A0223,,100,,HIGH,Sender transferred to 100 unique receivers
Fan-Out,A0224,,96,,HIGH,Sender transferred to 96 unique receivers
Fan-Out,A0225,,89,,HIGH,Sender transferred to 89 unique receivers
Fan-Out,A0226,,75,,HIGH,Sender transferred to 75 unique receivers
Fan-Out,A0227,,89,,HIGH,Sender transferred to 89 unique receivers
Fan-Out,A0228,,99,,HIGH,Sender transferred to 99 unique receivers
Fan-Out,A0229,,83,,HIGH,Sender transferred to 83 unique receivers
Fan-Out,A0230,,94,,HIGH,Sender transferred to 94 unique receivers
Fan-Out,A0231,,107,,HIGH,Sender transferred to 107 unique receivers
Fan-Out,A0232,,74,,HIGH,Sender transferred to 74 unique receivers
Fan-Out,A0233,,97,,HIGH,Sender transferred to 97 unique receivers
Fan-Out,A0234,,87,,HIGH,Sender transferred to 87 unique receivers
Fan-Out,A0235,,97,,HIGH,Sender transferred to 97 unique receivers
Fan-Out,A0236,,100,,HIGH,Sender transferred to 100 unique receivers
Fan-Out,A0237,,94,,HIGH,Sender transferred to 94 unique receivers
Fan-Out,A0238,,88,,HIGH,Sender transferred to 88 unique receivers
Fan-Out,A0239,,91,,HIGH,Sender transferred to 91 unique receivers
Fan-Out,A0240,,83,,HIGH,Sender transferred to 83 unique receivers
Fan-Out,A0241,,75,,HIGH,Sender transferred to 75 unique receivers
Fan-Out,A0242,,102,,HIGH,Sender transferred to 102 unique receivers
Fan-Out,A0243,,79,,HIGH,Sender transferred to 79 unique receivers
Fan-Out,A0244,,96,,HIGH,Sender transferred to 96 unique receivers
Fan-Out,A0245,,93,,HIGH,Sender transferred to 93 unique receivers
Fan-Out,A0246,,85,,HIGH,Sender transferred to 85 unique receivers
Fan-Out,A0247,,91,,HIGH,Sender transferred to 91 unique receivers
Fan-Out,A0248,,82,,HIGH,Sender transferred to 82 unique receivers
Fan-Out,A0249,,101,,HIGH,Sender transferred to 101 unique receivers
Fan-Out,A0250,,91,,HIGH,Sender transferred to 91 unique receivers
Fan-Out,A0251,,88,,HIGH,Sender transferred to 88 unique receivers
Fan-Out,A0252,,98,,HIGH,Sender transferred to 98 unique receivers
Fan-Out,A0253,,82,,HIGH,Sender transferred to 82 unique receivers
Fan-Out,A0254,,101,,HIGH,Sender transferred to 101 unique receivers
Fan-Out,A0255,,110,,HIGH,Sender transferred to 110 unique receivers
Fan-Out,A0256,,93,,HIGH,Sender transferred to 93 unique receivers
Fan-Out,A0257,,87,,HIGH,Sender transferred to 87 unique receivers
Fan-Out,A0258,,88,,HIGH,Sender transferred to 88 unique receivers
Fan-Out,A0259,,83,,HIGH,Sender transferred to 83 unique receivers
Fan-Out,A0260,,85,,HIGH,Sender transferred to 85 unique receivers
Fan-Out,A0261,,85,,HIGH,Sender transferred to 85 unique receivers
Fan-Out,A0262,,98,,HIGH,Sender transferred to 98 unique receivers
Fan-Out,A0263,,84,,HIGH,Sender transferred to 84 unique receivers
Fan-Out,A0264,,85,,HIGH,Sender transferred to 85 unique receivers
Fan-Out,A0265,,87,,HIGH,Sender transferred to 87 unique receivers
Fan-Out,A0266,,81,,HIGH,Sender transferred to 81 unique receivers
Fan-Out,A0267,,99,,HIGH,Sender transferred to 99 unique receivers
Fan-Out,A0268,,88,,HIGH,Sender transferred to 88 unique receivers
Fan-Out,A0269,,88,,HIGH,Sender transferred to 88 unique receivers
Fan-Out,A0270,,102,,HIGH,Sender transferred to 102 unique receivers
Fan-Out,A0271,,90,,HIGH,Sender transferred to 90 unique receivers
Fan-Out,A0272,,84,,HIGH,Sender transferred to 84 unique receivers
Fan-Out,A0273,,94,,HIGH,Sender transferred to 94 unique receivers
Fan-Out,A0274,,83,,HIGH,Sender transferred to 83 unique receivers
Fan-Out,A0275,,102,,HIGH,Sender transferred to 102 unique receivers
Fan-Out,A0276,,95,,HIGH,Sender transferred to 95 unique receivers
Fan-Out,A0277,,88,,HIGH,Sender transferred to 88 unique receivers
Fan-Out,A0278,,89,,HIGH,Sender transferred to 89 unique receivers
Fan-Out,A0279,,95,,HIGH,Sender transferred to 95 unique receivers
Fan-Out,A0280,,87,,HIGH,Sender transferred to 87 unique receivers
Fan-Out,A0281,,94,,HIGH,Sender transferred to 94 unique receivers
Fan-Out,A0282,,85,,HIGH,Sender transferred to 85 unique receivers
Fan-Out,A0283,,107,,HIGH,Sender transferred to 107 unique receivers
Fan-Out,A0284,,96,,HIGH,Sender transferred to 96 unique receivers
Fan-Out,A0285,,92,,HIGH,Sender transferred to 92 unique receivers
Fan-Out,A0286,,88,,HIGH,Sender transferred to 88 unique receivers
Fan-Out,A0287,,90,,HIGH,Sender transferred to 90 unique receivers
Fan-Out,A0288,,85,,HIGH,Sender transferred to 85 unique receivers
Fan-Out,A0289,,95,,HIGH,Sender transferred to 95 unique receivers
Fan-Out,A0290,,106,,HIGH,Sender transferred to 106 unique receivers
Fan-Out,A0291,,100,,HIGH,Sender transferred to 100 unique receivers
Fan-Out,A0292,,84,,HIGH,Sender transferred to 84 unique receivers
Fan-Out,A0293,,90,,HIGH,Sender transferred to 90 unique receivers
Fan-Out,A0294,,92,,HIGH,Sender transferred to 92 unique receivers
Fan-Out,A0295,,92,,HIGH,Sender transferred to 92 unique receivers
Fan-Out,A0296,,76,,HIGH,Sender transferred to 76 unique receivers
Fan-Out,A0297,,94,,HIGH,Sender transferred to 94 unique receivers
Fan-Out,A0298,,66,,HIGH,Sender transferred to 66 unique receivers
Fan-Out,A0299,,78,,HIGH,Sender transferred to 78 unique receivers
Fan-Out,A0300,,86,,HIGH,Sender transferred to 86 unique receivers
Fan-Out,A0301,,71,,HIGH,Sender transferred to 71 unique receivers
Fan-Out,A0302,,94,,HIGH,Sender transferred to 94 unique receivers
Fan-Out,A0303,,86,,HIGH,Sender transferred to 86 unique receivers
Fan-Out,A0304,,88,,HIGH,Sender transferred to 88 unique receivers
Fan-Out,A0305,,93,,HIGH,Sender transferred to 93 unique receivers
Fan-Out,A0306,,93,,HIGH,Sender transferred to 93 unique receivers
Fan-Out,A0307,,82,,HIGH,Sender transferred to 82 unique receivers
Fan-Out,A0308,,95,,HIGH,Sender transferred to 95 unique receivers
Fan-Out,A0309,,95,,HIGH,Sender transferred to 95 unique receivers
Fan-Out,A0310,,81,,HIGH,Sender transferred to 81 unique receivers
Fan-Out,A0311,,80,,HIGH,Sender transferred to 80 unique receivers
Fan-Out,A0312,,98,,HIGH,Sender transferred to 98 unique receivers
Fan-Out,A0313,,88,,HIGH,Sender transferred to 88 unique receivers
Fan-Out,A0314,,81,,HIGH,Sender transferred to 81 unique receivers
Fan-Out,A0315,,76,,HIGH,Sender transferred to 76 unique receivers
Fan-Out,A0316,,84,,HIGH,Sender transferred to 84 unique receivers
Fan-Out,A0317,,91,,HIGH,Sender transferred to 91 unique receivers
Fan-Out,A0318,,99,,HIGH,Sender transferred to 99 unique receivers
Fan-Out,A0319,,90,,HIGH,Sender transferred to 90 unique receivers
Fan-Out,A0320,,93,,HIGH,Sender transferred to 93 unique receivers
Fan-Out,A0321,,88,,HIGH,Sender transferred to 88 unique receivers
Fan-Out,A0322,,92,,HIGH,Sender transferred to 92 unique receivers
Fan-Out,A0323,,90,,HIGH,Sender transferred to 90 unique receivers
Fan-Out,A0324,,76,,HIGH,Sender transferred to 76 unique receivers
Fan-Out,A0325,,98,,HIGH,Sender transferred to 98 unique receivers
Fan-Out,A0326,,97,,HIGH,Sender transferred to 97 unique receivers
Fan-Out,A0327,,95,,HIGH,Sender transferred to 95 unique receivers
Fan-Out,A0328,,85,,HIGH,Sender transferred to 85 unique receivers
Fan-Out,A0329,,109,,HIGH,Sender transferred to 109 unique receivers
Fan-Out,A0330,,94,,HIGH,Sender transferred to 94 unique receivers
Fan-Out,A0331,,84,,HIGH,Sender transferred to 84 unique receivers
Fan-Out,A0332,,92,,HIGH,Sender transferred to 92 unique receivers
Fan-Out,A0333,,99,,HIGH,Sender transferred to 99 unique receivers
Fan-Out,A0334,,78,,HIGH,Sender transferred to 78 unique receivers
Fan-Out,A0335,,83,,HIGH,Sender transferred to 83 unique receivers
Fan-Out,A0336,,87,,HIGH,Sender transferred to 87 unique receivers
Fan-Out,A0337,,76,,HIGH,Sender transferred to 76 unique receivers
Fan-Out,A0338,,91,,HIGH,Sender transferred to 91 unique receivers
Fan-Out,A0339,,85,,HIGH,Sender transferred to 85 unique receivers
Fan-Out,A0340,,88,,HIGH,Sender transferred to 88 unique receivers
Fan-Out,A0341,,64,,HIGH,Sender transferred to 64 unique receivers
Fan-Out,A0342,,88,,HIGH,Sender transferred to 88 unique receivers
Fan-Out,A0343,,86,,HIGH,Sender transferred to 86 unique receivers
Fan-Out,A0344,,84,,HIGH,Sender transferred to 84 unique receivers
Fan-Out,A0345,,86,,HIGH,Sender transferred to 86 unique receivers
Fan-Out,A0346,,103,,HIGH,Sender transferred to 103 unique receivers
Fan-Out,A0347,,99,,HIGH,Sender transferred to 99 unique receivers
Fan-Out,A0348,,84,,HIGH,Sender transferred to 84 unique receivers
Fan-Out,A0349,,101,,HIGH,Sender transferred to 101 unique receivers
Fan-Out,A0350,,73,,HIGH,Sender transferred to 73 unique receivers
Fan-Out,A0351,,90,,HIGH,Sender transferred to 90 unique receivers
Fan-Out,A0352,,89,,HIGH,Sender transferred to 89 unique receivers
Fan-Out,A0353,,82,,HIGH,Sender transferred to 82 unique receivers
Fan-Out,A0354,,89,,HIGH,Sender transferred to 89 unique receivers
Fan-Out,A0355,,72,,HIGH,Sender transferred to 72 unique receivers
Fan-Out,A0356,,88,,HIGH,Sender transferred to 88 unique receivers
Fan-Out,A0357,,103,,HIGH,Sender transferred to 103 unique receivers
Fan-Out,A0358,,95,,HIGH,Sender transferred to 95 unique receivers
Fan-Out,A0359,,81,,HIGH,Sender transferred to 81 unique receivers
Fan-Out,A0360,,83,,HIGH,Sender transferred to 83 unique receivers
Fan-Out,A0361,,87,,HIGH,Sender transferred to 87 unique receivers
Fan-Out,A0362,,79,,HIGH,Sender transferred to 79 unique receivers
Fan-Out,A0363,,97,,HIGH,Sender transferred to 97 unique receivers
Fan-Out,A0364,,84,,HIGH,Sender transferred to 84 unique receivers
Fan-Out,A0365,,76,,HIGH,Sender transferred to 76 unique receivers
Fan-Out,A0366,,88,,HIGH,Sender transferred to 88 unique receivers
Fan-Out,A0367,,100,,HIGH,Sender transferred to 100 unique receivers
Fan-Out,A0368,,76,,HIGH,Sender transferred to 76 unique receivers
Fan-Out,A0369,,79,,HIGH,Sender transferred to 79 unique receivers
Fan-Out,A0370,,101,,HIGH,Sender transferred to 101 unique receivers
Fan-Out,A0371,,91,,HIGH,Sender transferred to 91 unique receivers
Fan-Out,A0372,,95,,HIGH,Sender transferred to 95 unique receivers
Fan-Out,A0373,,91,,HIGH,Sender transferred to 91 unique receivers
Fan-Out,A0374,,90,,HIGH,Sender transferred to 90 unique receivers
Fan-Out,A0375,,95,,HIGH,Sender transferred to 95 unique receivers
Fan-Out,A0376,,98,,HIGH,Sender transferred to 98 unique receivers
Fan-Out,A0377,,74,,HIGH,Sender transferred to 74 unique receivers
Fan-Out,A0378,,97,,HIGH,Sender transferred to 97 unique receivers
Fan-Out,A0379,,94,,HIGH,Sender transferred to 94 unique receivers
Fan-Out,A0380,,92,,HIGH,Sender transferred to 92 unique receivers
Fan-Out,A0381,,100,,HIGH,Sender transferred to 100 unique receivers
Fan-Out,A0382,,86,,HIGH,Sender transferred to 86 unique receivers
Fan-Out,A0383,,86,,HIGH,Sender transferred to 86 unique receivers
Fan-Out,A0384,,80,,HIGH,Sender transferred to 80 unique receivers
Fan-Out,A0385,,82,,HIGH,Sender transferred to 82 unique receivers
Fan-Out,A0386,,100,,HIGH,Sender transferred to 100 unique receivers
Fan-Out,A0387,,94,,HIGH,Sender transferred to 94 unique receivers
Fan-Out,A0388,,85,,HIGH,Sender transferred to 85 unique receivers
Fan-Out,A0389,,91,,HIGH,Sender transferred to 91 unique receivers
Fan-Out,A0390,,88,,HIGH,Sender transferred to 88 unique receivers
Fan-Out,A0391,,96,,HIGH,Sender transferred to 96 unique receivers
Fan-Out,A0392,,75,,HIGH,Sender transferred to 75 unique receivers
Fan-Out,A0393,,88,,HIGH,Sender transferred to 88 unique receivers
Fan-Out,A0394,,85,,HIGH,Sender transferred to 85 unique receivers
Fan-Out,A0395,,95,,HIGH,Sender transferred to 95 unique receivers
Fan-Out,A0396,,91,,HIGH,Sender transferred to 91 unique receivers
Fan-Out,A0397,,83,,HIGH,Sender transferred to 83 unique receivers
Fan-Out,A0398,,114,,HIGH,Sender transferred to 114 unique receivers
Fan-Out,A0399,,89,,HIGH,Sender transferred to 89 unique receivers
Fan-Out,A0400,,80,,HIGH,Sender transferred to 80 unique receivers
Fan-Out,A0401,,90,,HIGH,Sender transferred to 90 unique receivers
Fan-Out,A0402,,84,,HIGH,Sender transferred to 84 unique receivers
Fan-Out,A0403,,84,,HIGH,Sender transferred to 84 unique receivers
Fan-Out,A0404,,77,,HIGH,Sender transferred to 77 unique receivers
Fan-Out,A0405,,84,,HIGH,Sender transferred to 84 unique receivers
Fan-Out,A0406,,87,,HIGH,Sender transferred to 87 unique receivers
Fan-Out,A0407,,97,,HIGH,Sender transferred to 97 unique receivers
Fan-Out,A0408,,87,,HIGH,Sender transferred to 87 unique receivers
Fan-Out,A0409,,85,,HIGH,Sender transferred to 85 unique receivers
Fan-Out,A0410,,91,,HIGH,Sender transferred to 91 unique receivers
Fan-Out,A0411,,102,,HIGH,Sender transferred to 102 unique receivers
Fan-Out,A0412,,92,,HIGH,Sender transferred to 92 unique receivers
Fan-Out,A0413,,94,,HIGH,Sender transferred to 94 unique receivers
Fan-Out,A0414,,88,,HIGH,Sender transferred to 88 unique receivers
Fan-Out,A0415,,92,,HIGH,Sender transferred to 92 unique receivers
Fan-Out,A0416,,92,,HIGH,Sender transferred to 92 unique receivers
Fan-Out,A0417,,105,,HIGH,Sender transferred to 105 unique receivers
Fan-Out,A0418,,92,,HIGH,Sender transferred to 92 unique receivers
Fan-Out,A0419,,86,,HIGH,Sender transferred to 86 unique receivers
Fan-Out,A0420,,93,,HIGH,Sender transferred to 93 unique receivers
Fan-Out,A0421,,85,,HIGH,Sender transferred to 85 unique receivers
Fan-Out,A0422,,80,,HIGH,Sender transferred to 80 unique receivers
Fan-Out,A0423,,76,,HIGH,Sender transferred to 76 unique receivers
Fan-Out,A0424,,91,,HIGH,Sender transferred to 91 unique receivers
Fan-Out,A0425,,85,,HIGH,Sender transferred to 85 unique receivers
Fan-Out,A0426,,102,,HIGH,Sender transferred to 102 unique receivers
Fan-Out,A0427,,82,,HIGH,Sender transferred to 82 unique receivers
Fan-Out,A0428,,92,,HIGH,Sender transferred to 92 unique receivers
Fan-Out,A0429,,92,,HIGH,Sender transferred to 92 unique receivers
Fan-Out,A0430,,88,,HIGH,Sender transferred to 88 unique receivers
Fan-Out,A0431,,89,,HIGH,Sender transferred to 89 unique receivers
Fan-Out,A0432,,76,,HIGH,Sender transferred to 76 unique receivers
Fan-Out,A0433,,89,,HIGH,Sender transferred to 89 unique receivers
Fan-Out,A0434,,89,,HIGH,Sender transferred to 89 unique receivers
Fan-Out,A0435,,81,,HIGH,Sender transferred to 81 unique receivers
Fan-Out,A0436,,84,,HIGH,Sender transferred to 84 unique receivers
Fan-Out,A0437,,94,,HIGH,Sender transferred to 94 unique receivers
Fan-Out,A0438,,86,,HIGH,Sender transferred to 86 unique receivers
Fan-Out,A0439,,93,,HIGH,Sender transferred to 93 unique receivers
Fan-Out,A0440,,89,,HIGH,Sender transferred to 89 unique receivers
Fan-Out,A0441,,74,,HIGH,Sender transferred to 74 unique receivers
Fan-Out,A0442,,94,,HIGH,Sender transferred to 94 unique receivers
Fan-Out,A0443,,92,,HIGH,Sender transferred to 92 unique receivers
Fan-Out,A0444,,92,,HIGH,Sender transferred to 92 unique receivers
Fan-Out,A0445,,63,,HIGH,Sender transferred to 63 unique receivers
Fan-Out,A0446,,99,,HIGH,Sender transferred to 99 unique receivers
Fan-Out,A0447,,89,,HIGH,Sender transferred to 89 unique receivers
Fan-Out,A0448,,92,,HIGH,Sender transferred to 92 unique receivers
Fan-Out,A0449,,96,,HIGH,Sender transferred to 96 unique receivers
Fan-Out,A0450,,93,,HIGH,Sender transferred to 93 unique receivers
Fan-Out,A0451,,77,,HIGH,Sender transferred to 77 unique receivers
Fan-Out,A0452,,99,,HIGH,Sender transferred to 99 unique receivers
Fan-Out,A0453,,104,,HIGH,Sender transferred to 104 unique receivers
Fan-Out,A0454,,97,,HIGH,Sender transferred to 97 unique receivers
Fan-Out,A0455,,98,,HIGH,Sender transferred to 98 unique receivers
Fan-Out,A0456,,84,,HIGH,Sender transferred to 84 unique receivers
Fan-Out,A0457,,84,,HIGH,Sender transferred to 84 unique receivers
Fan-Out,A0458,,83,,HIGH,Sender transferred to 83 unique receivers
Fan-Out,A0459,,76,,HIGH,Sender transferred to 76 unique receivers
Fan-Out,A0460,,98,,HIGH,Sender transferred to 98 unique receivers
Fan-Out,A0461,,102,,HIGH,Sender transferred to 102 unique receivers
Fan-Out,A0462,,90,,HIGH,Sender transferred to 90 unique receivers
Fan-Out,A0463,,107,,HIGH,Sender transferred to 107 unique receivers
Fan-Out,A0464,,96,,HIGH,Sender transferred to 96 unique receivers
Fan-Out,A0465,,88,,HIGH,Sender transferred to 88 unique receivers
Fan-Out,A0466,,84,,HIGH,Sender transferred to 84 unique receivers
Fan-Out,A0467,,96,,HIGH,Sender transferred to 96 unique receivers
Fan-Out,A0468,,92,,HIGH,Sender transferred to 92 unique receivers
Fan-Out,A0469,,94,,HIGH,Sender transferred to 94 unique receivers
Fan-Out,A0470,,90,,HIGH,Sender transferred to 90 unique receivers
Fan-Out,A0471,,78,,HIGH,Sender transferred to 78 unique receivers
Fan-Out,A0472,,87,,HIGH,Sender transferred to 87 unique receivers
Fan-Out,A0473,,97,,HIGH,Sender transferred to 97 unique receivers
Fan-Out,A0474,,93,,HIGH,Sender transferred to 93 unique receivers
Fan-Out,A0475,,87,,HIGH,Sender transferred to 87 unique receivers
Fan-Out,A0476,,100,,HIGH,Sender transferred to 100 unique receivers
Fan-Out,A0477,,92,,HIGH,Sender transferred to 92 unique receivers
Fan-Out,A0478,,94,,HIGH,Sender transferred to 94 unique receivers
Fan-Out,A0479,,75,,HIGH,Sender transferred to 75 unique receivers
Fan-Out,A0480,,84,,HIGH,Sender transferred to 84 unique receivers
Fan-Out,A0481,,87,,HIGH,Sender transferred to 87 unique receivers
Fan-Out,A0482,,104,,HIGH,Sender transferred to 104 unique receivers
Fan-Out,A0483,,88,,HIGH,Sender transferred to 88 unique receivers
Fan-Out,A0484,,76,,HIGH,Sender transferred to 76 unique receivers
Fan-Out,A0485,,77,,HIGH,Sender transferred to 77 unique receivers
Fan-Out,A0486,,98,,HIGH,Sender transferred to 98 unique receivers
Fan-Out,A0487,,75,,HIGH,Sender transferred to 75 unique receivers
Fan-Out,A0488,,93,,HIGH,Sender transferred to 93 unique receivers
Fan-Out,A0489,,93,,HIGH,Sender transferred to 93 unique receivers
Fan-Out,A0490,,95,,HIGH,Sender transferred to 95 unique receivers
Fan-Out,A0491,,115,,HIGH,Sender transferred to 115 unique receivers
Fan-Out,A0492,,89,,HIGH,Sender transferred to 89 unique receivers
Fan-Out,A0493,,83,,HIGH,Sender transferred to 83 unique receivers
Fan-Out,A0494,,87,,HIGH,Sender transferred to 87 unique receivers
Fan-Out,A0495,,102,,HIGH,Sender transferred to 102 unique receivers
Fan-Out,A0496,,81,,HIGH,Sender transferred to 81 unique receivers
Fan-Out,A0497,,79,,HIGH,Sender transferred to 79 unique receivers
Fan-Out,A0498,,100,,HIGH,Sender transferred to 100 unique receivers
Fan-Out,A0499,,93,,HIGH,Sender transferred to 93 unique receivers
Fan-Out,A0500,,110,,HIGH,Sender transferred to 110 unique receivers
Fan-In,,A0001,84,,HIGH,Receiver accepted money from 84 unique senders
Fan-In,,A0002,83,,HIGH,Receiver accepted money from 83 unique senders
Fan-In,,A0003,78,,HIGH,Receiver accepted money from 78 unique senders
Fan-In,,A0004,70,,HIGH,Receiver accepted money from 70 unique senders
Fan-In,,A0005,80,,HIGH,Receiver accepted money from 80 unique senders
Fan-In,,A0006,77,,HIGH,Receiver accepted money from 77 unique senders
Fan-In,,A0007,114,,HIGH,Receiver accepted money from 114 unique senders
Fan-In,,A0008,58,,HIGH,Receiver accepted money from 58 unique senders
Fan-In,,A0009,86,,HIGH,Receiver accepted money from 86 unique senders
Fan-In,,A0010,65,,HIGH,Receiver accepted money from 65 unique senders
Fan-In,,A0011,61,,HIGH,Receiver accepted money from 61 unique senders
Fan-In,,A0012,132,,HIGH,Receiver accepted money from 132 unique senders
Fan-In,,A0013,76,,HIGH,Receiver accepted money from 76 unique senders
Fan-In,,A0014,77,,HIGH,Receiver accepted money from 77 unique senders
Fan-In,,A0015,65,,HIGH,Receiver accepted money from 65 unique senders
Fan-In,,A0016,71,,HIGH,Receiver accepted money from 71 unique senders
Fan-In,,A0017,84,,HIGH,Receiver accepted money from 84 unique senders
Fan-In,,A0018,62,,HIGH,Receiver accepted money from 62 unique senders
Fan-In,,A0019,137,,HIGH,Receiver accepted money from 137 unique senders
Fan-In,,A0020,74,,HIGH,Receiver accepted money from 74 unique senders
Fan-In,,A0021,160,,HIGH,Receiver accepted money from 160 unique senders
Fan-In,,A0022,120,,HIGH,Receiver accepted money from 120 unique senders
Fan-In,,A0023,131,,HIGH,Receiver accepted money from 131 unique senders
Fan-In,,A0024,131,,HIGH,Receiver accepted money from 131 unique senders
Fan-In,,A0025,62,,HIGH,Receiver accepted money from 62 unique senders
Fan-In,,A0026,73,,HIGH,Receiver accepted money from 73 unique senders
Fan-In,,A0027,74,,HIGH,Receiver accepted money from 74 unique senders
Fan-In,,A0028,134,,HIGH,Receiver accepted money from 134 unique senders
Fan-In,,A0029,76,,HIGH,Receiver accepted money from 76 unique senders
Fan-In,,A0030,167,,HIGH,Receiver accepted money from 167 unique senders
Fan-In,,A0031,144,,HIGH,Receiver accepted money from 144 unique senders
Fan-In,,A0032,68,,HIGH,Receiver accepted money from 68 unique senders
Fan-In,,A0033,73,,HIGH,Receiver accepted money from 73 unique senders
Fan-In,,A0034,74,,HIGH,Receiver accepted money from 74 unique senders
Fan-In,,A0035,64,,HIGH,Receiver accepted money from 64 unique senders
Fan-In,,A0036,71,,HIGH,Receiver accepted money from 71 unique senders
Fan-In,,A0037,156,,HIGH,Receiver accepted money from 156 unique senders
Fan-In,,A0038,76,,HIGH,Receiver accepted money from 76 unique senders
Fan-In,,A0039,77,,HIGH,Receiver accepted money from 77 unique senders
Fan-In,,A0040,74,,HIGH,Receiver accepted money from 74 unique senders
Fan-In,,A0041,80,,HIGH,Receiver accepted money from 80 unique senders
Fan-In,,A0042,78,,HIGH,Receiver accepted money from 78 unique senders
Fan-In,,A0043,66,,HIGH,Receiver accepted money from 66 unique senders
Fan-In,,A0044,74,,HIGH,Receiver accepted money from 74 unique senders
Fan-In,,A0045,78,,HIGH,Receiver accepted money from 78 unique senders
Fan-In,,A0046,81,,HIGH,Receiver accepted money from 81 unique senders
Fan-In,,A0047,74,,HIGH,Receiver accepted money from 74 unique senders
Fan-In,,A0048,68,,HIGH,Receiver accepted money from 68 unique senders
Fan-In,,A0049,83,,HIGH,Receiver accepted money from 83 unique senders
Fan-In,,A0050,157,,HIGH,Receiver accepted money from 157 unique senders
Fan-In,,A0051,71,,HIGH,Receiver accepted money from 71 unique senders
Fan-In,,A0052,65,,HIGH,Receiver accepted money from 65 unique senders
Fan-In,,A0053,171,,HIGH,Receiver accepted money from 171 unique senders
Fan-In,,A0054,86,,HIGH,Receiver accepted money from 86 unique senders
Fan-In,,A0055,159,,HIGH,Receiver accepted money from 159 unique senders
Fan-In,,A0056,142,,HIGH,Receiver accepted money from 142 unique senders
Fan-In,,A0057,139,,HIGH,Receiver accepted money from 139 unique senders
Fan-In,,A0058,171,,HIGH,Receiver accepted money from 171 unique senders
Fan-In,,A0059,81,,HIGH,Receiver accepted money from 81 unique senders
Fan-In,,A0060,85,,HIGH,Receiver accepted money from 85 unique senders
Fan-In,,A0061,169,,HIGH,Receiver accepted money from 169 unique senders
Fan-In,,A0062,69,,HIGH,Receiver accepted money from 69 unique senders
Fan-In,,A0063,83,,HIGH,Receiver accepted money from 83 unique senders
Fan-In,,A0064,71,,HIGH,Receiver accepted money from 71 unique senders
Fan-In,,A0065,69,,HIGH,Receiver accepted money from 69 unique senders
Fan-In,,A0066,85,,HIGH,Receiver accepted money from 85 unique senders
Fan-In,,A0067,80,,HIGH,Receiver accepted money from 80 unique senders
Fan-In,,A0068,69,,HIGH,Receiver accepted money from 69 unique senders
Fan-In,,A0069,63,,HIGH,Receiver accepted money from 63 unique senders
Fan-In,,A0070,169,,HIGH,Receiver accepted money from 169 unique senders
Fan-In,,A0071,85,,HIGH,Receiver accepted money from 85 unique senders
Fan-In,,A0072,68,,HIGH,Receiver accepted money from 68 unique senders
Fan-In,,A0073,70,,HIGH,Receiver accepted money from 70 unique senders
Fan-In,,A0074,72,,HIGH,Receiver accepted money from 72 unique senders
Fan-In,,A0075,156,,HIGH,Receiver accepted money from 156 unique senders
Fan-In,,A0076,81,,HIGH,Receiver accepted money from 81 unique senders
Fan-In,,A0077,79,,HIGH,Receiver accepted money from 79 unique senders
Fan-In,,A0078,92,,HIGH,Receiver accepted money from 92 unique senders
Fan-In,,A0079,83,,HIGH,Receiver accepted money from 83 unique senders
Fan-In,,A0080,76,,HIGH,Receiver accepted money from 76 unique senders
Fan-In,,A0081,64,,HIGH,Receiver accepted money from 64 unique senders
Fan-In,,A0082,81,,HIGH,Receiver accepted money from 81 unique senders
Fan-In,,A0083,69,,HIGH,Receiver accepted money from 69 unique senders
Fan-In,,A0084,74,,HIGH,Receiver accepted money from 74 unique senders
Fan-In,,A0085,76,,HIGH,Receiver accepted money from 76 unique senders
Fan-In,,A0086,85,,HIGH,Receiver accepted money from 85 unique senders
Fan-In,,A0087,64,,HIGH,Receiver accepted money from 64 unique senders
Fan-In,,A0088,68,,HIGH,Receiver accepted money from 68 unique senders
Fan-In,,A0089,77,,HIGH,Receiver accepted money from 77 unique senders
Fan-In,,A0090,76,,HIGH,Receiver accepted money from 76 unique senders
Fan-In,,A0091,73,,HIGH,Receiver accepted money from 73 unique senders
Fan-In,,A0092,68,,HIGH,Receiver accepted money from 68 unique senders
Fan-In,,A0093,72,,HIGH,Receiver accepted money from 72 unique senders
Fan-In,,A0094,135,,HIGH,Receiver accepted money from 135 unique senders
Fan-In,,A0095,174,,HIGH,Receiver accepted money from 174 unique senders
Fan-In,,A0096,78,,HIGH,Receiver accepted money from 78 unique senders
Fan-In,,A0097,152,,HIGH,Receiver accepted money from 152 unique senders
Fan-In,,A0098,133,,HIGH,Receiver accepted money from 133 unique senders
Fan-In,,A0099,157,,HIGH,Receiver accepted money from 157 unique senders
Fan-In,,A0100,82,,HIGH,Receiver accepted money from 82 unique senders
Fan-In,,A0101,79,,HIGH,Receiver accepted money from 79 unique senders
Fan-In,,A0102,70,,HIGH,Receiver accepted money from 70 unique senders
Fan-In,,A0103,67,,HIGH,Receiver accepted money from 67 unique senders
Fan-In,,A0104,153,,HIGH,Receiver accepted money from 153 unique senders
Fan-In,,A0105,77,,HIGH,Receiver accepted money from 77 unique senders
Fan-In,,A0106,145,,HIGH,Receiver accepted money from 145 unique senders
Fan-In,,A0107,76,,HIGH,Receiver accepted money from 76 unique senders
Fan-In,,A0108,129,,HIGH,Receiver accepted money from 129 unique senders
Fan-In,,A0109,66,,HIGH,Receiver accepted money from 66 unique senders
Fan-In,,A0110,80,,HIGH,Receiver accepted money from 80 unique senders
Fan-In,,A0111,71,,HIGH,Receiver accepted money from 71 unique senders
Fan-In,,A0112,74,,HIGH,Receiver accepted money from 74 unique senders
Fan-In,,A0113,76,,HIGH,Receiver accepted money from 76 unique senders
Fan-In,,A0114,151,,HIGH,Receiver accepted money from 151 unique senders
Fan-In,,A0115,76,,HIGH,Receiver accepted money from 76 unique senders
Fan-In,,A0116,173,,HIGH,Receiver accepted money from 173 unique senders
Fan-In,,A0117,94,,HIGH,Receiver accepted money from 94 unique senders
Fan-In,,A0118,67,,HIGH,Receiver accepted money from 67 unique senders
Fan-In,,A0119,77,,HIGH,Receiver accepted money from 77 unique senders
Fan-In,,A0120,75,,HIGH,Receiver accepted money from 75 unique senders
Fan-In,,A0121,84,,HIGH,Receiver accepted money from 84 unique senders
Fan-In,,A0122,155,,HIGH,Receiver accepted money from 155 unique senders
Fan-In,,A0123,81,,HIGH,Receiver accepted money from 81 unique senders
Fan-In,,A0124,67,,HIGH,Receiver accepted money from 67 unique senders
Fan-In,,A0125,77,,HIGH,Receiver accepted money from 77 unique senders
Fan-In,,A0126,79,,HIGH,Receiver accepted money from 79 unique senders
Fan-In,,A0127,125,,HIGH,Receiver accepted money from 125 unique senders
Fan-In,,A0128,63,,HIGH,Receiver accepted money from 63 unique senders
Fan-In,,A0129,71,,HIGH,Receiver accepted money from 71 unique senders
Fan-In,,A0130,175,,HIGH,Receiver accepted money from 175 unique senders
Fan-In,,A0131,73,,HIGH,Receiver accepted money from 73 unique senders
Fan-In,,A0132,79,,HIGH,Receiver accepted money from 79 unique senders
Fan-In,,A0133,140,,HIGH,Receiver accepted money from 140 unique senders
Fan-In,,A0134,90,,HIGH,Receiver accepted money from 90 unique senders
Fan-In,,A0135,76,,HIGH,Receiver accepted money from 76 unique senders
Fan-In,,A0136,77,,HIGH,Receiver accepted money from 77 unique senders
Fan-In,,A0137,72,,HIGH,Receiver accepted money from 72 unique senders
Fan-In,,A0138,83,,HIGH,Receiver accepted money from 83 unique senders
Fan-In,,A0139,68,,HIGH,Receiver accepted money from 68 unique senders
Fan-In,,A0140,74,,HIGH,Receiver accepted money from 74 unique senders
Fan-In,,A0141,76,,HIGH,Receiver accepted money from 76 unique senders
Fan-In,,A0142,129,,HIGH,Receiver accepted money from 129 unique senders
Fan-In,,A0143,94,,HIGH,Receiver accepted money from 94 unique senders
Fan-In,,A0144,80,,HIGH,Receiver accepted money from 80 unique senders
Fan-In,,A0145,75,,HIGH,Receiver accepted money from 75 unique senders
Fan-In,,A0146,75,,HIGH,Receiver accepted money from 75 unique senders
Fan-In,,A0147,152,,HIGH,Receiver accepted money from 152 unique senders
Fan-In,,A0148,71,,HIGH,Receiver accepted money from 71 unique senders
Fan-In,,A0149,77,,HIGH,Receiver accepted money from 77 unique senders
Fan-In,,A0150,75,,HIGH,Receiver accepted money from 75 unique senders
Fan-In,,A0151,93,,HIGH,Receiver accepted money from 93 unique senders
Fan-In,,A0152,88,,HIGH,Receiver accepted money from 88 unique senders
Fan-In,,A0153,76,,HIGH,Receiver accepted money from 76 unique senders
Fan-In,,A0154,79,,HIGH,Receiver accepted money from 79 unique senders
Fan-In,,A0155,73,,HIGH,Receiver accepted money from 73 unique senders
Fan-In,,A0156,84,,HIGH,Receiver accepted money from 84 unique senders
Fan-In,,A0157,153,,HIGH,Receiver accepted money from 153 unique senders
Fan-In,,A0158,128,,HIGH,Receiver accepted money from 128 unique senders
Fan-In,,A0159,64,,HIGH,Receiver accepted money from 64 unique senders
Fan-In,,A0160,70,,HIGH,Receiver accepted money from 70 unique senders
Fan-In,,A0161,67,,HIGH,Receiver accepted money from 67 unique senders
Fan-In,,A0162,89,,HIGH,Receiver accepted money from 89 unique senders
Fan-In,,A0163,68,,HIGH,Receiver accepted money from 68 unique senders
Fan-In,,A0164,71,,HIGH,Receiver accepted money from 71 unique senders
Fan-In,,A0165,79,,HIGH,Receiver accepted money from 79 unique senders
Fan-In,,A0166,64,,HIGH,Receiver accepted money from 64 unique senders
Fan-In,,A0167,66,,HIGH,Receiver accepted money from 66 unique senders
Fan-In,,A0168,121,,HIGH,Receiver accepted money from 121 unique senders
Fan-In,,A0169,85,,HIGH,Receiver accepted money from 85 unique senders
Fan-In,,A0170,66,,HIGH,Receiver accepted money from 66 unique senders
Fan-In,,A0171,66,,HIGH,Receiver accepted money from 66 unique senders
Fan-In,,A0172,76,,HIGH,Receiver accepted money from 76 unique senders
Fan-In,,A0173,64,,HIGH,Receiver accepted money from 64 unique senders
Fan-In,,A0174,69,,HIGH,Receiver accepted money from 69 unique senders
Fan-In,,A0175,122,,HIGH,Receiver accepted money from 122 unique senders
Fan-In,,A0176,72,,HIGH,Receiver accepted money from 72 unique senders
Fan-In,,A0177,71,,HIGH,Receiver accepted money from 71 unique senders
Fan-In,,A0178,70,,HIGH,Receiver accepted money from 70 unique senders
Fan-In,,A0179,82,,HIGH,Receiver accepted money from 82 unique senders
Fan-In,,A0180,74,,HIGH,Receiver accepted money from 74 unique senders
Fan-In,,A0181,66,,HIGH,Receiver accepted money from 66 unique senders
Fan-In,,A0182,70,,HIGH,Receiver accepted money from 70 unique senders
Fan-In,,A0183,96,,HIGH,Receiver accepted money from 96 unique senders
Fan-In,,A0184,155,,HIGH,Receiver accepted money from 155 unique senders
Fan-In,,A0185,71,,HIGH,Receiver accepted money from 71 unique senders
Fan-In,,A0186,73,,HIGH,Receiver accepted money from 73 unique senders
Fan-In,,A0187,169,,HIGH,Receiver accepted money from 169 unique senders
Fan-In,,A0188,140,,HIGH,Receiver accepted money from 140 unique senders
Fan-In,,A0189,60,,HIGH,Receiver accepted money from 60 unique senders
Fan-In,,A0190,79,,HIGH,Receiver accepted money from 79 unique senders
Fan-In,,A0191,148,,HIGH,Receiver accepted money from 148 unique senders
Fan-In,,A0192,158,,HIGH,Receiver accepted money from 158 unique senders
Fan-In,,A0193,66,,HIGH,Receiver accepted money from 66 unique senders
Fan-In,,A0194,84,,HIGH,Receiver accepted money from 84 unique senders
Fan-In,,A0195,66,,HIGH,Receiver accepted money from 66 unique senders
Fan-In,,A0196,70,,HIGH,Receiver accepted money from 70 unique senders
Fan-In,,A0197,73,,HIGH,Receiver accepted money from 73 unique senders
Fan-In,,A0198,108,,HIGH,Receiver accepted money from 108 unique senders
Fan-In,,A0199,74,,HIGH,Receiver accepted money from 74 unique senders
Fan-In,,A0200,150,,HIGH,Receiver accepted money from 150 unique senders
Fan-In,,A0201,76,,HIGH,Receiver accepted money from 76 unique senders
Fan-In,,A0202,82,,HIGH,Receiver accepted money from 82 unique senders
Fan-In,,A0203,80,,HIGH,Receiver accepted money from 80 unique senders
Fan-In,,A0204,64,,HIGH,Receiver accepted money from 64 unique senders
Fan-In,,A0205,164,,HIGH,Receiver accepted money from 164 unique senders
Fan-In,,A0206,72,,HIGH,Receiver accepted money from 72 unique senders
Fan-In,,A0207,75,,HIGH,Receiver accepted money from 75 unique senders
Fan-In,,A0208,71,,HIGH,Receiver accepted money from 71 unique senders
Fan-In,,A0209,83,,HIGH,Receiver accepted money from 83 unique senders
Fan-In,,A0210,90,,HIGH,Receiver accepted money from 90 unique senders
Fan-In,,A0211,139,,HIGH,Receiver accepted money from 139 unique senders
Fan-In,,A0212,71,,HIGH,Receiver accepted money from 71 unique senders
Fan-In,,A0213,79,,HIGH,Receiver accepted money from 79 unique senders
Fan-In,,A0214,77,,HIGH,Receiver accepted money from 77 unique senders
Fan-In,,A0215,67,,HIGH,Receiver accepted money from 67 unique senders
Fan-In,,A0216,58,,HIGH,Receiver accepted money from 58 unique senders
Fan-In,,A0217,57,,HIGH,Receiver accepted money from 57 unique senders
Fan-In,,A0218,74,,HIGH,Receiver accepted money from 74 unique senders
Fan-In,,A0219,76,,HIGH,Receiver accepted money from 76 unique senders
Fan-In,,A0220,80,,HIGH,Receiver accepted money from 80 unique senders
Fan-In,,A0221,76,,HIGH,Receiver accepted money from 76 unique senders
Fan-In,,A0222,108,,HIGH,Receiver accepted money from 108 unique senders
Fan-In,,A0223,83,,HIGH,Receiver accepted money from 83 unique senders
Fan-In,,A0224,75,,HIGH,Receiver accepted money from 75 unique senders
Fan-In,,A0225,72,,HIGH,Receiver accepted money from 72 unique senders
Fan-In,,A0226,73,,HIGH,Receiver accepted money from 73 unique senders
Fan-In,,A0227,153,,HIGH,Receiver accepted money from 153 unique senders
Fan-In,,A0228,66,,HIGH,Receiver accepted money from 66 unique senders
Fan-In,,A0229,73,,HIGH,Receiver accepted money from 73 unique senders
Fan-In,,A0230,69,,HIGH,Receiver accepted money from 69 unique senders
Fan-In,,A0231,88,,HIGH,Receiver accepted money from 88 unique senders
Fan-In,,A0232,71,,HIGH,Receiver accepted money from 71 unique senders
Fan-In,,A0233,79,,HIGH,Receiver accepted money from 79 unique senders
Fan-In,,A0234,82,,HIGH,Receiver accepted money from 82 unique senders
Fan-In,,A0235,75,,HIGH,Receiver accepted money from 75 unique senders
Fan-In,,A0236,167,,HIGH,Receiver accepted money from 167 unique senders
Fan-In,,A0237,87,,HIGH,Receiver accepted money from 87 unique senders
Fan-In,,A0238,150,,HIGH,Receiver accepted money from 150 unique senders
Fan-In,,A0239,83,,HIGH,Receiver accepted money from 83 unique senders
Fan-In,,A0240,137,,HIGH,Receiver accepted money from 137 unique senders
Fan-In,,A0241,61,,HIGH,Receiver accepted money from 61 unique senders
Fan-In,,A0242,96,,HIGH,Receiver accepted money from 96 unique senders
Fan-In,,A0243,75,,HIGH,Receiver accepted money from 75 unique senders
Fan-In,,A0244,69,,HIGH,Receiver accepted money from 69 unique senders
Fan-In,,A0245,150,,HIGH,Receiver accepted money from 150 unique senders
Fan-In,,A0246,71,,HIGH,Receiver accepted money from 71 unique senders
Fan-In,,A0247,70,,HIGH,Receiver accepted money from 70 unique senders
Fan-In,,A0248,63,,HIGH,Receiver accepted money from 63 unique senders
Fan-In,,A0249,148,,HIGH,Receiver accepted money from 148 unique senders
Fan-In,,A0250,91,,HIGH,Receiver accepted money from 91 unique senders
Fan-In,,A0251,71,,HIGH,Receiver accepted money from 71 unique senders
Fan-In,,A0252,174,,HIGH,Receiver accepted money from 174 unique senders
Fan-In,,A0253,83,,HIGH,Receiver accepted money from 83 unique senders
Fan-In,,A0254,84,,HIGH,Receiver accepted money from 84 unique senders
Fan-In,,A0255,72,,HIGH,Receiver accepted money from 72 unique senders
Fan-In,,A0256,83,,HIGH,Receiver accepted money from 83 unique senders
Fan-In,,A0257,155,,HIGH,Receiver accepted money from 155 unique senders
Fan-In,,A0258,74,,HIGH,Receiver accepted money from 74 unique senders
Fan-In,,A0259,73,,HIGH,Receiver accepted money from 73 unique senders
Fan-In,,A0260,72,,HIGH,Receiver accepted money from 72 unique senders
Fan-In,,A0261,73,,HIGH,Receiver accepted money from 73 unique senders
Fan-In,,A0262,88,,HIGH,Receiver accepted money from 88 unique senders
Fan-In,,A0263,90,,HIGH,Receiver accepted money from 90 unique senders
Fan-In,,A0264,72,,HIGH,Receiver accepted money from 72 unique senders
Fan-In,,A0265,184,,HIGH,Receiver accepted money from 184 unique senders
Fan-In,,A0266,77,,HIGH,Receiver accepted money from 77 unique senders
Fan-In,,A0267,86,,HIGH,Receiver accepted money from 86 unique senders
Fan-In,,A0268,157,,HIGH,Receiver accepted money from 157 unique senders
Fan-In,,A0269,156,,HIGH,Receiver accepted money from 156 unique senders
Fan-In,,A0270,69,,HIGH,Receiver accepted money from 69 unique senders
Fan-In,,A0271,139,,HIGH,Receiver accepted money from 139 unique senders
Fan-In,,A0272,78,,HIGH,Receiver accepted money from 78 unique senders
Fan-In,,A0273,85,,HIGH,Receiver accepted money from 85 unique senders
Fan-In,,A0274,84,,HIGH,Receiver accepted money from 84 unique senders
Fan-In,,A0275,80,,HIGH,Receiver accepted money from 80 unique senders
Fan-In,,A0276,79,,HIGH,Receiver accepted money from 79 unique senders
Fan-In,,A0277,84,,HIGH,Receiver accepted money from 84 unique senders
Fan-In,,A0278,166,,HIGH,Receiver accepted money from 166 unique senders
Fan-In,,A0279,125,,HIGH,Receiver accepted money from 125 unique senders
Fan-In,,A0280,70,,HIGH,Receiver accepted money from 70 unique senders
Fan-In,,A0281,68,,HIGH,Receiver accepted money from 68 unique senders
Fan-In,,A0282,153,,HIGH,Receiver accepted money from 153 unique senders
Fan-In,,A0283,76,,HIGH,Receiver accepted money from 76 unique senders
Fan-In,,A0284,67,,HIGH,Receiver accepted money from 67 unique senders
Fan-In,,A0285,75,,HIGH,Receiver accepted money from 75 unique senders
Fan-In,,A0286,58,,HIGH,Receiver accepted money from 58 unique senders
Fan-In,,A0287,79,,HIGH,Receiver accepted money from 79 unique senders
Fan-In,,A0288,153,,HIGH,Receiver accepted money from 153 unique senders
Fan-In,,A0289,81,,HIGH,Receiver accepted money from 81 unique senders
Fan-In,,A0290,81,,HIGH,Receiver accepted money from 81 unique senders
Fan-In,,A0291,129,,HIGH,Receiver accepted money from 129 unique senders
Fan-In,,A0292,74,,HIGH,Receiver accepted money from 74 unique senders
Fan-In,,A0293,84,,HIGH,Receiver accepted money from 84 unique senders
Fan-In,,A0294,150,,HIGH,Receiver accepted money from 150 unique senders
Fan-In,,A0295,73,,HIGH,Receiver accepted money from 73 unique senders
Fan-In,,A0296,73,,HIGH,Receiver accepted money from 73 unique senders
Fan-In,,A0297,88,,HIGH,Receiver accepted money from 88 unique senders
Fan-In,,A0298,71,,HIGH,Receiver accepted money from 71 unique senders
Fan-In,,A0299,81,,HIGH,Receiver accepted money from 81 unique senders
Fan-In,,A0300,73,,HIGH,Receiver accepted money from 73 unique senders
Fan-In,,A0301,58,,HIGH,Receiver accepted money from 58 unique senders
Fan-In,,A0302,63,,HIGH,Receiver accepted money from 63 unique senders
Fan-In,,A0303,66,,HIGH,Receiver accepted money from 66 unique senders
Fan-In,,A0304,69,,HIGH,Receiver accepted money from 69 unique senders
Fan-In,,A0305,74,,HIGH,Receiver accepted money from 74 unique senders
Fan-In,,A0306,81,,HIGH,Receiver accepted money from 81 unique senders
Fan-In,,A0307,63,,HIGH,Receiver accepted money from 63 unique senders
Fan-In,,A0308,72,,HIGH,Receiver accepted money from 72 unique senders
Fan-In,,A0309,181,,HIGH,Receiver accepted money from 181 unique senders
Fan-In,,A0310,65,,HIGH,Receiver accepted money from 65 unique senders
Fan-In,,A0311,91,,HIGH,Receiver accepted money from 91 unique senders
Fan-In,,A0312,85,,HIGH,Receiver accepted money from 85 unique senders
Fan-In,,A0313,84,,HIGH,Receiver accepted money from 84 unique senders
Fan-In,,A0314,74,,HIGH,Receiver accepted money from 74 unique senders
Fan-In,,A0315,148,,HIGH,Receiver accepted money from 148 unique senders
Fan-In,,A0316,65,,HIGH,Receiver accepted money from 65 unique senders
Fan-In,,A0317,69,,HIGH,Receiver accepted money from 69 unique senders
Fan-In,,A0318,77,,HIGH,Receiver accepted money from 77 unique senders
Fan-In,,A0319,137,,HIGH,Receiver accepted money from 137 unique senders
Fan-In,,A0320,56,,HIGH,Receiver accepted money from 56 unique senders
Fan-In,,A0321,145,,HIGH,Receiver accepted money from 145 unique senders
Fan-In,,A0322,85,,HIGH,Receiver accepted money from 85 unique senders
Fan-In,,A0323,60,,HIGH,Receiver accepted money from 60 unique senders
Fan-In,,A0324,63,,HIGH,Receiver accepted money from 63 unique senders
Fan-In,,A0325,71,,HIGH,Receiver accepted money from 71 unique senders
Fan-In,,A0326,139,,HIGH,Receiver accepted money from 139 unique senders
Fan-In,,A0327,80,,HIGH,Receiver accepted money from 80 unique senders
Fan-In,,A0328,82,,HIGH,Receiver accepted money from 82 unique senders
Fan-In,,A0329,68,,HIGH,Receiver accepted money from 68 unique senders
Fan-In,,A0330,80,,HIGH,Receiver accepted money from 80 unique senders
Fan-In,,A0331,61,,HIGH,Receiver accepted money from 61 unique senders
Fan-In,,A0332,73,,HIGH,Receiver accepted money from 73 unique senders
Fan-In,,A0333,84,,HIGH,Receiver accepted money from 84 unique senders
Fan-In,,A0334,78,,HIGH,Receiver accepted money from 78 unique senders
Fan-In,,A0335,169,,HIGH,Receiver accepted money from 169 unique senders
Fan-In,,A0336,65,,HIGH,Receiver accepted money from 65 unique senders
Fan-In,,A0337,79,,HIGH,Receiver accepted money from 79 unique senders
Fan-In,,A0338,68,,HIGH,Receiver accepted money from 68 unique senders
Fan-In,,A0339,68,,HIGH,Receiver accepted money from 68 unique senders
Fan-In,,A0340,81,,HIGH,Receiver accepted money from 81 unique senders
Fan-In,,A0341,156,,HIGH,Receiver accepted money from 156 unique senders
Fan-In,,A0342,70,,HIGH,Receiver accepted money from 70 unique senders
Fan-In,,A0343,81,,HIGH,Receiver accepted money from 81 unique senders
Fan-In,,A0344,76,,HIGH,Receiver accepted money from 76 unique senders
Fan-In,,A0345,58,,HIGH,Receiver accepted money from 58 unique senders
Fan-In,,A0346,70,,HIGH,Receiver accepted money from 70 unique senders
Fan-In,,A0347,60,,HIGH,Receiver accepted money from 60 unique senders
Fan-In,,A0348,80,,HIGH,Receiver accepted money from 80 unique senders
Fan-In,,A0349,87,,HIGH,Receiver accepted money from 87 unique senders
Fan-In,,A0350,82,,HIGH,Receiver accepted money from 82 unique senders
Fan-In,,A0351,131,,HIGH,Receiver accepted money from 131 unique senders
Fan-In,,A0352,81,,HIGH,Receiver accepted money from 81 unique senders
Fan-In,,A0353,77,,HIGH,Receiver accepted money from 77 unique senders
Fan-In,,A0354,72,,HIGH,Receiver accepted money from 72 unique senders
Fan-In,,A0355,64,,HIGH,Receiver accepted money from 64 unique senders
Fan-In,,A0356,59,,HIGH,Receiver accepted money from 59 unique senders
Fan-In,,A0357,81,,HIGH,Receiver accepted money from 81 unique senders
Fan-In,,A0358,84,,HIGH,Receiver accepted money from 84 unique senders
Fan-In,,A0359,63,,HIGH,Receiver accepted money from 63 unique senders
Fan-In,,A0360,68,,HIGH,Receiver accepted money from 68 unique senders
Fan-In,,A0361,67,,HIGH,Receiver accepted money from 67 unique senders
Fan-In,,A0362,71,,HIGH,Receiver accepted money from 71 unique senders
Fan-In,,A0363,76,,HIGH,Receiver accepted money from 76 unique senders
Fan-In,,A0364,75,,HIGH,Receiver accepted money from 75 unique senders
Fan-In,,A0365,81,,HIGH,Receiver accepted money from 81 unique senders
Fan-In,,A0366,85,,HIGH,Receiver accepted money from 85 unique senders
Fan-In,,A0367,73,,HIGH,Receiver accepted money from 73 unique senders
Fan-In,,A0368,63,,HIGH,Receiver accepted money from 63 unique senders
Fan-In,,A0369,72,,HIGH,Receiver accepted money from 72 unique senders
Fan-In,,A0370,59,,HIGH,Receiver accepted money from 59 unique senders
Fan-In,,A0371,81,,HIGH,Receiver accepted money from 81 unique senders
Fan-In,,A0372,62,,HIGH,Receiver accepted money from 62 unique senders
Fan-In,,A0373,175,,HIGH,Receiver accepted money from 175 unique senders
Fan-In,,A0374,160,,HIGH,Receiver accepted money from 160 unique senders
Fan-In,,A0375,155,,HIGH,Receiver accepted money from 155 unique senders
Fan-In,,A0376,67,,HIGH,Receiver accepted money from 67 unique senders
Fan-In,,A0377,87,,HIGH,Receiver accepted money from 87 unique senders
Fan-In,,A0378,81,,HIGH,Receiver accepted money from 81 unique senders
Fan-In,,A0379,87,,HIGH,Receiver accepted money from 87 unique senders
Fan-In,,A0380,70,,HIGH,Receiver accepted money from 70 unique senders
Fan-In,,A0381,90,,HIGH,Receiver accepted money from 90 unique senders
Fan-In,,A0382,71,,HIGH,Receiver accepted money from 71 unique senders
Fan-In,,A0383,72,,HIGH,Receiver accepted money from 72 unique senders
Fan-In,,A0384,143,,HIGH,Receiver accepted money from 143 unique senders
Fan-In,,A0385,75,,HIGH,Receiver accepted money from 75 unique senders
Fan-In,,A0386,75,,HIGH,Receiver accepted money from 75 unique senders
Fan-In,,A0387,84,,HIGH,Receiver accepted money from 84 unique senders
Fan-In,,A0388,75,,HIGH,Receiver accepted money from 75 unique senders
Fan-In,,A0389,80,,HIGH,Receiver accepted money from 80 unique senders
Fan-In,,A0390,70,,HIGH,Receiver accepted money from 70 unique senders
Fan-In,,A0391,92,,HIGH,Receiver accepted money from 92 unique senders
Fan-In,,A0392,82,,HIGH,Receiver accepted money from 82 unique senders
Fan-In,,A0393,71,,HIGH,Receiver accepted money from 71 unique senders
Fan-In,,A0394,148,,HIGH,Receiver accepted money from 148 unique senders
Fan-In,,A0395,90,,HIGH,Receiver accepted money from 90 unique senders
Fan-In,,A0396,164,,HIGH,Receiver accepted money from 164 unique senders
Fan-In,,A0397,72,,HIGH,Receiver accepted money from 72 unique senders
Fan-In,,A0398,74,,HIGH,Receiver accepted money from 74 unique senders
Fan-In,,A0399,86,,HIGH,Receiver accepted money from 86 unique senders
Fan-In,,A0400,75,,HIGH,Receiver accepted money from 75 unique senders
Fan-In,,A0401,58,,HIGH,Receiver accepted money from 58 unique senders
Fan-In,,A0402,74,,HIGH,Receiver accepted money from 74 unique senders
Fan-In,,A0403,70,,HIGH,Receiver accepted money from 70 unique senders
Fan-In,,A0404,64,,HIGH,Receiver accepted money from 64 unique senders
Fan-In,,A0405,80,,HIGH,Receiver accepted money from 80 unique senders
Fan-In,,A0406,146,,HIGH,Receiver accepted money from 146 unique senders
Fan-In,,A0407,75,,HIGH,Receiver accepted money from 75 unique senders
Fan-In,,A0408,61,,HIGH,Receiver accepted money from 61 unique senders
Fan-In,,A0409,160,,HIGH,Receiver accepted money from 160 unique senders
Fan-In,,A0410,58,,HIGH,Receiver accepted money from 58 unique senders
Fan-In,,A0411,71,,HIGH,Receiver accepted money from 71 unique senders
Fan-In,,A0412,71,,HIGH,Receiver accepted money from 71 unique senders
Fan-In,,A0413,74,,HIGH,Receiver accepted money from 74 unique senders
Fan-In,,A0414,72,,HIGH,Receiver accepted money from 72 unique senders
Fan-In,,A0415,71,,HIGH,Receiver accepted money from 71 unique senders
Fan-In,,A0416,75,,HIGH,Receiver accepted money from 75 unique senders
Fan-In,,A0417,81,,HIGH,Receiver accepted money from 81 unique senders
Fan-In,,A0418,86,,HIGH,Receiver accepted money from 86 unique senders
Fan-In,,A0419,78,,HIGH,Receiver accepted money from 78 unique senders
Fan-In,,A0420,68,,HIGH,Receiver accepted money from 68 unique senders
Fan-In,,A0421,70,,HIGH,Receiver accepted money from 70 unique senders
Fan-In,,A0422,70,,HIGH,Receiver accepted money from 70 unique senders
Fan-In,,A0423,77,,HIGH,Receiver accepted money from 77 unique senders
Fan-In,,A0424,85,,HIGH,Receiver accepted money from 85 unique senders
Fan-In,,A0425,158,,HIGH,Receiver accepted money from 158 unique senders
Fan-In,,A0426,142,,HIGH,Receiver accepted money from 142 unique senders
Fan-In,,A0427,69,,HIGH,Receiver accepted money from 69 unique senders
Fan-In,,A0428,84,,HIGH,Receiver accepted money from 84 unique senders
Fan-In,,A0429,92,,HIGH,Receiver accepted money from 92 unique senders
Fan-In,,A0430,71,,HIGH,Receiver accepted money from 71 unique senders
Fan-In,,A0431,148,,HIGH,Receiver accepted money from 148 unique senders
Fan-In,,A0432,77,,HIGH,Receiver accepted money from 77 unique senders
Fan-In,,A0433,85,,HIGH,Receiver accepted money from 85 unique senders
Fan-In,,A0434,84,,HIGH,Receiver accepted money from 84 unique senders
Fan-In,,A0435,124,,HIGH,Receiver accepted money from 124 unique senders
Fan-In,,A0436,86,,HIGH,Receiver accepted money from 86 unique senders
Fan-In,,A0437,86,,HIGH,Receiver accepted money from 86 unique senders
Fan-In,,A0438,69,,HIGH,Receiver accepted money from 69 unique senders
Fan-In,,A0439,75,,HIGH,Receiver accepted money from 75 unique senders
Fan-In,,A0440,155,,HIGH,Receiver accepted money from 155 unique senders
Fan-In,,A0441,65,,HIGH,Receiver accepted money from 65 unique senders
Fan-In,,A0442,71,,HIGH,Receiver accepted money from 71 unique senders
Fan-In,,A0443,77,,HIGH,Receiver accepted money from 77 unique senders
Fan-In,,A0444,76,,HIGH,Receiver accepted money from 76 unique senders
Fan-In,,A0445,156,,HIGH,Receiver accepted money from 156 unique senders
Fan-In,,A0446,84,,HIGH,Receiver accepted money from 84 unique senders
Fan-In,,A0447,180,,HIGH,Receiver accepted money from 180 unique senders
Fan-In,,A0448,97,,HIGH,Receiver accepted money from 97 unique senders
Fan-In,,A0449,72,,HIGH,Receiver accepted money from 72 unique senders
Fan-In,,A0450,69,,HIGH,Receiver accepted money from 69 unique senders
Fan-In,,A0451,64,,HIGH,Receiver accepted money from 64 unique senders
Fan-In,,A0452,78,,HIGH,Receiver accepted money from 78 unique senders
Fan-In,,A0453,69,,HIGH,Receiver accepted money from 69 unique senders
Fan-In,,A0454,154,,HIGH,Receiver accepted money from 154 unique senders
Fan-In,,A0455,75,,HIGH,Receiver accepted money from 75 unique senders
Fan-In,,A0456,75,,HIGH,Receiver accepted money from 75 unique senders
Fan-In,,A0457,63,,HIGH,Receiver accepted money from 63 unique senders
Fan-In,,A0458,155,,HIGH,Receiver accepted money from 155 unique senders
Fan-In,,A0459,92,,HIGH,Receiver accepted money from 92 unique senders
Fan-In,,A0460,77,,HIGH,Receiver accepted money from 77 unique senders
Fan-In,,A0461,65,,HIGH,Receiver accepted money from 65 unique senders
Fan-In,,A0462,79,,HIGH,Receiver accepted money from 79 unique senders
Fan-In,,A0463,75,,HIGH,Receiver accepted money from 75 unique senders
Fan-In,,A0464,74,,HIGH,Receiver accepted money from 74 unique senders
Fan-In,,A0465,64,,HIGH,Receiver accepted money from 64 unique senders
Fan-In,,A0466,71,,HIGH,Receiver accepted money from 71 unique senders
Fan-In,,A0467,81,,HIGH,Receiver accepted money from 81 unique senders
Fan-In,,A0468,74,,HIGH,Receiver accepted money from 74 unique senders
Fan-In,,A0469,65,,HIGH,Receiver accepted money from 65 unique senders
Fan-In,,A0470,161,,HIGH,Receiver accepted money from 161 unique senders
Fan-In,,A0471,84,,HIGH,Receiver accepted money from 84 unique senders
Fan-In,,A0472,158,,HIGH,Receiver accepted money from 158 unique senders
Fan-In,,A0473,124,,HIGH,Receiver accepted money from 124 unique senders
Fan-In,,A0474,75,,HIGH,Receiver accepted money from 75 unique senders
Fan-In,,A0475,132,,HIGH,Receiver accepted money from 132 unique senders
Fan-In,,A0476,67,,HIGH,Receiver accepted money from 67 unique senders
Fan-In,,A0477,69,,HIGH,Receiver accepted money from 69 unique senders
Fan-In,,A0478,62,,HIGH,Receiver accepted money from 62 unique senders
Fan-In,,A0479,74,,HIGH,Receiver accepted money from 74 unique senders
Fan-In,,A0480,76,,HIGH,Receiver accepted money from 76 unique senders
Fan-In,,A0481,171,,HIGH,Receiver accepted money from 171 unique senders
Fan-In,,A0482,123,,HIGH,Receiver accepted money from 123 unique senders
Fan-In,,A0483,66,,HIGH,Receiver accepted money from 66 unique senders
Fan-In,,A0484,166,,HIGH,Receiver accepted money from 166 unique senders
Fan-In,,A0485,69,,HIGH,Receiver accepted money from 69 unique senders
Fan-In,,A0486,73,,HIGH,Receiver accepted money from 73 unique senders
Fan-In,,A0487,66,,HIGH,Receiver accepted money from 66 unique senders
Fan-In,,A0488,65,,HIGH,Receiver accepted money from 65 unique senders
Fan-In,,A0489,68,,HIGH,Receiver accepted money from 68 unique senders
Fan-In,,A0490,84,,HIGH,Receiver accepted money from 84 unique senders
Fan-In,,A0491,72,,HIGH,Receiver accepted money from 72 unique senders
Fan-In,,A0492,65,,HIGH,Receiver accepted money from 65 unique senders
Fan-In,,A0493,72,,HIGH,Receiver accepted money from 72 unique senders
Fan-In,,A0494,87,,HIGH,Receiver accepted money from 87 unique senders
Fan-In,,A0495,83,,HIGH,Receiver accepted money from 83 unique senders
Fan-In,,A0496,77,,HIGH,Receiver accepted money from 77 unique senders
Fan-In,,A0497,72,,HIGH,Receiver accepted money from 72 unique senders
Fan-In,,A0498,73,,HIGH,Receiver accepted money from 73 unique senders
Fan-In,,A0499,76,,HIGH,Receiver accepted money from 76 unique senders
Fan-In,,A0500,80,,HIGH,Receiver accepted money from 80 unique senders
Circular Transfer,A0294,A0325,2,,HIGH,Bi-directional money flow detected
Circular Transfer,A0219,A0187,2,,HIGH,Bi-directional money flow detected
Circular Transfer,A0378,A0114,2,,HIGH,Bi-directional money flow detected
Circular Transfer,A0473,A0140,2,,HIGH,Bi-directional money flow detected
Circular Transfer,A0331,A0264,2,,HIGH,Bi-directional money flow detected
Circular Transfer,A0041,A0279,2,,HIGH,Bi-directional money flow detected
Circular Transfer,A0479,A0233,2,,HIGH,Bi-directional money flow detected
Circular Transfer,A0493,A0274,2,,HIGH,Bi-directional money flow detected
Circular Transfer,A0069,A0426,2,,HIGH,Bi-directional money flow detected
Circular Transfer,A0199,A0062,2,,HIGH,Bi-directional money flow detected
Circular Transfer,A0143,A0258,2,,HIGH,Bi-directional money flow detected
Circular Transfer,A0454,A0067,2,,HIGH,Bi-directional money flow detected
Circular Transfer,A0410,A0347,2,,HIGH,Bi-directional money flow detected
Circular Transfer,A0252,A0303,2,,HIGH,Bi-directional money flow detected
Circular Transfer,A0384,A0130,2,,HIGH,Bi-directional money flow detected
Circular Transfer,A0105,A0443,2,,HIGH,Bi-directional money flow detected
Circular Transfer,A0139,A0434,2,,HIGH,Bi-directional money flow detected
Circular Transfer,A0444,A0487,2,,HIGH,Bi-directional money flow detected
Circular Transfer,A0040,A0004,2,,HIGH,Bi-directional money flow detected
Circular Transfer,A0040,A0260,2,,HIGH,Bi-directional money flow detected
Circular Transfer,A0189,A0254,2,,HIGH,Bi-directional money flow detected
Circular Transfer,A0203,A0196,2,,HIGH,Bi-directional money flow detected
Circular Transfer,A0094,A0104,2,,HIGH,Bi-directional money flow detected
Circular Transfer,A0148,A0326,2,,HIGH,Bi-directional money flow detected
Circular Transfer,A0006,A0297,2,,HIGH,Bi-directional money flow detected
Circular Transfer,A0175,A0411,2,,HIGH,Bi-directional money flow detected
Circular Transfer,A0178,A0141,2,,HIGH,Bi-directional money flow detected
Circular Transfer,A0319,A0082,2,,HIGH,Bi-directional money flow detected
Circular Transfer,A0374,A0123,2,,HIGH,Bi-directional money flow detected
Circular Transfer,A0451,A0374,2,,HIGH,Bi-directional money flow detected
Circular Transfer,A0194,A0196,2,,HIGH,Bi-directional money flow detected
Circular Transfer,A0498,A0140,2,,HIGH,Bi-directional money flow detected
Circular Transfer,A0075,A0475,2,,HIGH,Bi-directional money flow detected
Circular Transfer,A0252,A0330,2,,HIGH,Bi-directional money flow detected
Circular Transfer,A0254,A0257,2,,HIGH,Bi-directional money flow detected
Circular Transfer,A0120,A0126,2,,HIGH,Bi-directional money flow detected
Circular Transfer,A0199,A0469,2,,HIGH,Bi-directional money flow detected
Circular Transfer,A0068,A0046,2,,HIGH,Bi-directional money flow detected
Circular Transfer,A0188,A0388,2,,HIGH,Bi-directional money flow detected
Circular Transfer,A0080,A0100,2,,HIGH,Bi-directional money flow detected
Circular Transfer,A0197,A0330,2,,HIGH,Bi-directional money flow detected
Circular Transfer,A0454,A0154,2,,HIGH,Bi-directional money flow detected
Circular Transfer,A0396,A0491,2,,HIGH,Bi-directional money flow detected
Circular Transfer,A0431,A0466,2,,HIGH,Bi-directional money flow detected
Circular Transfer,A0035,A0056,2,,HIGH,Bi-directional money flow detected
Circular Transfer,A0086,A0075,2,,HIGH,Bi-directional money flow detected
Circular Transfer,A0244,A0461,2,,HIGH,Bi-directional money flow detected
Circular Transfer,A0204,A0016,2,,HIGH,Bi-directional money flow detected
Circular Transfer,A0341,A0416,2,,HIGH,Bi-directional money flow detected
Circular Transfer,A0206,A0218,2,,HIGH,Bi-directional money flow detected
Circular Transfer,A0099,A0052,2,,HIGH,Bi-directional money flow detected
Circular Transfer,A0426,A0496,2,,HIGH,Bi-directional money flow detected
Circular Transfer,A0200,A0321,2,,HIGH,Bi-directional money flow detected
Circular Transfer,A0063,A0242,2,,HIGH,Bi-directional money flow detected
Circular Transfer,A0159,A0158,2,,HIGH,Bi-directional money flow detected
Circular Transfer,A0184,A0312,2,,HIGH,Bi-directional money flow detected
Circular Transfer,A0339,A0389,2,,HIGH,Bi-directional money flow detected
Circular Transfer,A0071,A0073,2,,HIGH,Bi-directional money flow detected
Circular Transfer,A0234,A0446,2,,HIGH,Bi-directional money flow detected
Circular Transfer,A0282,A0117,2,,HIGH,Bi-directional money flow detected
Circular Transfer,A0110,A0192,2,,HIGH,Bi-directional money flow detected
Circular Transfer,A0310,A0495,2,,HIGH,Bi-directional money flow detected
Circular Transfer,A0424,A0494,2,,HIGH,Bi-directional money flow detected
Circular Transfer,A0430,A0078,2,,HIGH,Bi-directional money flow detected
Circular Transfer,A0120,A0174,2,,HIGH,Bi-directional money flow detected
Circular Transfer,A0488,A0293,2,,HIGH,Bi-directional money flow detected
Circular Transfer,A0053,A0326,2,,HIGH,Bi-directional money flow detected
Circular Transfer,A0488,A0183,2,,HIGH,Bi-directional money flow detected
Circular Transfer,A0003,A0151,2,,HIGH,Bi-directional money flow detected
Circular Transfer,A0403,A0283,2,,HIGH,Bi-directional money flow detected
Circular Transfer,A0288,A0436,2,,HIGH,Bi-directional money flow detected
Circular Transfer,A0378,A0194,2,,HIGH,Bi-directional money flow detected
Circular Transfer,A0042,A0264,2,,HIGH,Bi-directional money flow detected
Circular Transfer,A0273,A0038,2,,HIGH,Bi-directional money flow detected
Circular Transfer,A0174,A0360,2,,HIGH,Bi-directional money flow detected
Circular Transfer,A0323,A0120,2,,HIGH,Bi-directional money flow detected
Circular Transfer,A0315,A0316,2,,HIGH,Bi-directional money flow detected
Circular Transfer,A0089,A0231,2,,HIGH,Bi-directional money flow detected
Circular Transfer,A0472,A0119,2,,HIGH,Bi-directional money flow detected
Circular Transfer,A0394,A0250,2,,HIGH,Bi-directional money flow detected
Circular Transfer,A0075,A0486,2,,HIGH,Bi-directional money flow detected
Circular Transfer,A0236,A0187,2,,HIGH,Bi-directional money flow detected
Circular Transfer,A0195,A0148,2,,HIGH,Bi-directional money flow detected
Circular Transfer,A0258,A0056,2,,HIGH,Bi-directional money flow detected
Circular Transfer,A0270,A0092,2,,HIGH,Bi-directional money flow detected
Circular Transfer,A0262,A0399,2,,HIGH,Bi-directional money flow detected
Circular Transfer,A0028,A0245,2,,HIGH,Bi-directional money flow detected
Circular Transfer,A0053,A0079,2,,HIGH,Bi-directional money flow detected
Circular Transfer,A0437,A0171,2,,HIGH,Bi-directional money flow detected
Circular Transfer,A0300,A0067,2,,HIGH,Bi-directional money flow detected
Circular Transfer,A0009,A0246,2,,HIGH,Bi-directional money flow detected
Circular Transfer,A0494,A0191,2,,HIGH,Bi-directional money flow detected
Circular Transfer,A0142,A0103,2,,HIGH,Bi-directional money flow detected
Circular Transfer,A0050,A0414,2,,HIGH,Bi-directional money flow detected
Circular Transfer,A0412,A0486,2,,HIGH,Bi-directional money flow detected
Circular Transfer,A0481,A0150,2,,HIGH,Bi-directional money flow detected
Circular Transfer,A0286,A0452,2,,HIGH,Bi-directional money flow detected
Circular Transfer,A0145,A0002,2,,HIGH,Bi-directional money flow detected
Circular Transfer,A0048,A0356,2,,HIGH,Bi-directional money flow detected
Circular Transfer,A0422,A0131,2,,HIGH,Bi-directional money flow detected
Circular Transfer,A0273,A0444,2,,HIGH,Bi-directional money flow detected
Circular Transfer,A0127,A0085,2,,HIGH,Bi-directional money flow detected
Circular Transfer,A0352,A0038,2,,HIGH,Bi-directional money flow detected
Circular Transfer,A0137,A0236,2,,HIGH,Bi-directional money flow detected
Circular Transfer,A0120,A0398,2,,HIGH,Bi-directional money flow detected
Circular Transfer,A0358,A0143,2,,HIGH,Bi-directional money flow detected
Circular Transfer,A0242,A0409,2,,HIGH,Bi-directional money flow detected
Circular Transfer,A0312,A0198,2,,HIGH,Bi-directional money flow detected
Circular Transfer,A0498,A0031,2,,HIGH,Bi-directional money flow detected
Circular Transfer,A0418,A0135,2,,HIGH,Bi-directional money flow detected
Circular Transfer,A0057,A0227,2,,HIGH,Bi-directional money flow detected
Circular Transfer,A0436,A0306,2,,HIGH,Bi-directional money flow detected
Circular Transfer,A0434,A0490,2,,HIGH,Bi-directional money flow detected
Circular Transfer,A0104,A0303,2,,HIGH,Bi-directional money flow detected
Circular Transfer,A0433,A0145,2,,HIGH,Bi-directional money flow detected
Circular Transfer,A0096,A0201,2,,HIGH,Bi-directional money flow detected
Circular Transfer,A0272,A0318,2,,HIGH,Bi-directional money flow detected
Circular Transfer,A0192,A0270,2,,HIGH,Bi-directional money flow detected
Circular Transfer,A0466,A0074,2,,HIGH,Bi-directional money flow detected
Circular Transfer,A0370,A0292,2,,HIGH,Bi-directional money flow detected
Circular Transfer,A0147,A0201,2,,HIGH,Bi-directional money flow detected
Circular Transfer,A0056,A0366,2,,HIGH,Bi-directional money flow detected
Circular Transfer,A0058,A0443,2,,HIGH,Bi-directional money flow detected
Circular Transfer,A0116,A0348,2,,HIGH,Bi-directional money flow detected
Circular Transfer,A0059,A0024,2,,HIGH,Bi-directional money flow detected
Circular Transfer,A0282,A0007,2,,HIGH,Bi-directional money flow detected
Circular Transfer,A0074,A0239,2,,HIGH,Bi-directional money flow detected
Circular Transfer,A0472,A0088,2,,HIGH,Bi-directional money flow detected
Circular Transfer,A0313,A0488,2,,HIGH,Bi-directional money flow detected
Circular Transfer,A0402,A0154,2,,HIGH,Bi-directional money flow detected
Circular Transfer,A0104,A0473,2,,HIGH,Bi-directional money flow detected
Circular Transfer,A0032,A0431,2,,HIGH,Bi-directional money flow detected
Circular Transfer,A0155,A0409,2,,HIGH,Bi-directional money flow detected
Circular Transfer,A0178,A0305,2,,HIGH,Bi-directional money flow detected
Circular Transfer,A0019,A0168,2,,HIGH,Bi-directional money flow detected
Circular Transfer,A0448,A0028,2,,HIGH,Bi-directional money flow detected
Circular Transfer,A0293,A0202,2,,HIGH,Bi-directional money flow detected
Circular Transfer,A0386,A0354,2,,HIGH,Bi-directional money flow detected
Circular Transfer,A0494,A0010,2,,HIGH,Bi-directional money flow detected
Circular Transfer,A0024,A0076,2,,HIGH,Bi-directional money flow detected
Circular Transfer,A0185,A0125,2,,HIGH,Bi-directional money flow detected
Circular Transfer,A0413,A0090,2,,HIGH,Bi-directional money flow detected
Circular Transfer,A0499,A0481,2,,HIGH,Bi-directional money flow detected
Circular Transfer,A0391,A0079,2,,HIGH,Bi-directional money flow detected
Circular Transfer,A0079,A0268,2,,HIGH,Bi-directional money flow detected
Circular Transfer,A0346,A0053,2,,HIGH,Bi-directional money flow detected
Circular Transfer,A0098,A0335,2,,HIGH,Bi-directional money flow detected
Circular Transfer,A0110,A0475,2,,HIGH,Bi-directional money flow detected
Circular Transfer,A0476,A0378,2,,HIGH,Bi-directional money flow detected
Circular Transfer,A0351,A0388,2,,HIGH,Bi-directional money flow detected
Circular Transfer,A0283,A0200,2,,HIGH,Bi-directional money flow detected
Circular Transfer,A0185,A0131,2,,HIGH,Bi-directional money flow detected
Circular Transfer,A0417,A0261,2,,HIGH,Bi-directional money flow detected
Circular Transfer,A0279,A0348,2,,HIGH,Bi-directional money flow detected
Circular Transfer,A0161,A0045,2,,HIGH,Bi-directional money flow detected
Circular Transfer,A0470,A0425,2,,HIGH,Bi-directional money flow detected
Circular Transfer,A0288,A0042,2,,HIGH,Bi-directional money flow detected
Circular Transfer,A0091,A0035,2,,HIGH,Bi-directional money flow detected
Circular Transfer,A0075,A0474,2,,HIGH,Bi-directional money flow detected
Circular Transfer,A0447,A0085,2,,HIGH,Bi-directional money flow detected
Circular Transfer,A0465,A0141,2,,HIGH,Bi-directional money flow detected
Circular Transfer,A0251,A0353,2,,HIGH,Bi-directional money flow detected
Circular Transfer,A0479,A0277,2,,HIGH,Bi-directional money flow detected
Circular Transfer,A0184,A0030,2,,HIGH,Bi-directional money flow detected
Circular Transfer,A0378,A0032,2,,HIGH,Bi-directional money flow detected
Circular Transfer,A0459,A0050,2,,HIGH,Bi-directional money flow detected
Circular Transfer,A0007,A0257,2,,HIGH,Bi-directional money flow detected
Circular Transfer,A0096,A0243,2,,HIGH,Bi-directional money flow detected
Circular Transfer,A0351,A0321,2,,HIGH,Bi-directional money flow detected
Circular Transfer,A0187,A0422,2,,HIGH,Bi-directional money flow detected
Circular Transfer,A0293,A0257,2,,HIGH,Bi-directional money flow detected
Circular Transfer,A0156,A0159,2,,HIGH,Bi-directional money flow detected
Circular Transfer,A0245,A0159,2,,HIGH,Bi-directional money flow detected
Circular Transfer,A0419,A0114,2,,HIGH,Bi-directional money flow detected
Circular Transfer,A0121,A0133,2,,HIGH,Bi-directional money flow detected
Circular Transfer,A0101,A0092,2,,HIGH,Bi-directional money flow detected
Circular Transfer,A0073,A0230,2,,HIGH,Bi-directional money flow detected
Circular Transfer,A0148,A0482,2,,HIGH,Bi-directional money flow detected
Circular Transfer,A0282,A0238,2,,HIGH,Bi-directional money flow detected
Circular Transfer,A0358,A0119,2,,HIGH,Bi-directional money flow detected
Circular Transfer,A0467,A0093,2,,HIGH,Bi-directional money flow detected
Circular Transfer,A0448,A0305,2,,HIGH,Bi-directional money flow detected
Circular Transfer,A0437,A0031,2,,HIGH,Bi-directional money flow detected
Circular Transfer,A0096,A0316,2,,HIGH,Bi-directional money flow detected
Circular Transfer,A0110,A0127,2,,HIGH,Bi-directional money flow detected
Circular Transfer,A0024,A0030,2,,HIGH,Bi-directional money flow detected
Circular Transfer,A0268,A0130,2,,HIGH,Bi-directional money flow detected
Circular Transfer,A0265,A0248,2,,HIGH,Bi-directional money flow detected
Circular Transfer,A0337,A0378,2,,HIGH,Bi-directional money flow detected
Circular Transfer,A0473,A0070,2,,HIGH,Bi-directional money flow detected
Circular Transfer,A0073,A0031,2,,HIGH,Bi-directional money flow detected
Circular Transfer,A0389,A0067,2,,HIGH,Bi-directional money flow detected
Circular Transfer,A0380,A0227,2,,HIGH,Bi-directional money flow detected
Circular Transfer,A0211,A0391,2,,HIGH,Bi-directional money flow detected
Circular Transfer,A0395,A0068,2,,HIGH,Bi-directional money flow detected
Circular Transfer,A0055,A0132,2,,HIGH,Bi-directional money flow detected
Circular Transfer,A0254,A0022,2,,HIGH,Bi-directional money flow detected
Circular Transfer,A0384,A0425,2,,HIGH,Bi-directional money flow detected
Circular Transfer,A0260,A0419,2,,HIGH,Bi-directional money flow detected
Circular Transfer,A0156,A0211,2,,HIGH,Bi-directional money flow detected
Circular Transfer,A0384,A0378,2,,HIGH,Bi-directional money flow detected
Circular Transfer,A0170,A0493,2,,HIGH,Bi-directional money flow detected
Circular Transfer,A0104,A0395,2,,HIGH,Bi-directional money flow detected
Circular Transfer,A0398,A0350,2,,HIGH,Bi-directional money flow detected
Circular Transfer,A0345,A0028,2,,HIGH,Bi-directional money flow detected
Circular Transfer,A0005,A0269,2,,HIGH,Bi-directional money flow detected
Circular Transfer,A0099,A0030,2,,HIGH,Bi-directional money flow detected
Circular Transfer,A0286,A0152,2,,HIGH,Bi-directional money flow detected
Circular Transfer,A0459,A0394,2,,HIGH,Bi-directional money flow detected
Circular Transfer,A0406,A0188,2,,HIGH,Bi-directional money flow detected
Circular Transfer,A0117,A0447,2,,HIGH,Bi-directional money flow detected
Circular Transfer,A0174,A0252,2,,HIGH,Bi-directional money flow detected
Circular Transfer,A0270,A0212,2,,HIGH,Bi-directional money flow detected
Circular Transfer,A0165,A0409,2,,HIGH,Bi-directional money flow detected
Circular Transfer,A0361,A0124,2,,HIGH,Bi-directional money flow detected
Circular Transfer,A0076,A0090,2,,HIGH,Bi-directional money flow detected
Circular Transfer,A0353,A0423,2,,HIGH,Bi-directional money flow detected
Circular Transfer,A0151,A0088,2,,HIGH,Bi-directional money flow detected
Circular Transfer,A0062,A0109,2,,HIGH,Bi-directional money flow detected
Circular Transfer,A0251,A0125,2,,HIGH,Bi-directional money flow detected
Circular Transfer,A0440,A0281,2,,HIGH,Bi-directional money flow detected
Circular Transfer,A0075,A0186,2,,HIGH,Bi-directional money flow detected
Circular Transfer,A0137,A0312,2,,HIGH,Bi-directional money flow detected
Circular Transfer,A0140,A0046,2,,HIGH,Bi-directional money flow detected
Circular Transfer,A0139,A0184,2,,HIGH,Bi-directional money flow detected
Circular Transfer,A0226,A0243,2,,HIGH,Bi-directional money flow detected
Circular Transfer,A0056,A0195,2,,HIGH,Bi-directional money flow detected
Circular Transfer,A0100,A0121,2,,HIGH,Bi-directional money flow detected
Circular Transfer,A0141,A0453,2,,HIGH,Bi-directional money flow detected
Circular Transfer,A0339,A0089,2,,HIGH,Bi-directional money flow detected
Circular Transfer,A0323,A0475,2,,HIGH,Bi-directional money flow detected
Circular Transfer,A0196,A0076,2,,HIGH,Bi-directional money flow detected
Circular Transfer,A0166,A0154,2,,HIGH,Bi-directional money flow detected
Circular Transfer,A0223,A0415,2,,HIGH,Bi-directional money flow detected
Circular Transfer,A0046,A0349,2,,HIGH,Bi-directional money flow detected
Circular Transfer,A0018,A0328,2,,HIGH,Bi-directional money flow detected
Circular Transfer,A0115,A0098,2,,HIGH,Bi-directional money flow detected
Circular Transfer,A0089,A0086,2,,HIGH,Bi-directional money flow detected
Circular Transfer,A0448,A0434,2,,HIGH,Bi-directional money flow detected
Circular Transfer,A0380,A0059,2,,HIGH,Bi-directional money flow detected
Circular Transfer,A0294,A0487,2,,HIGH,Bi-directional money flow detected
Circular Transfer,A0021,A0417,2,,HIGH,Bi-directional money flow detected
Circular Transfer,A0106,A0045,2,,HIGH,Bi-directional money flow detected
Circular Transfer,A0207,A0225,2,,HIGH,Bi-directional money flow detected
Circular Transfer,A0469,A0420,2,,HIGH,Bi-directional money flow detected
Circular Transfer,A0252,A0026,2,,HIGH,Bi-directional money flow detected
Circular Transfer,A0475,A0130,2,,HIGH,Bi-directional money flow detected
Circular Transfer,A0292,A0206,2,,HIGH,Bi-directional money flow detected
Circular Transfer,A0075,A0070,2,,HIGH,Bi-directional money flow detected
Circular Transfer,A0196,A0238,2,,HIGH,Bi-directional money flow detected
Circular Transfer,A0130,A0101,2,,HIGH,Bi-directional money flow detected
Circular Transfer,A0402,A0318,2,,HIGH,Bi-directional money flow detected
Circular Transfer,A0258,A0191,2,,HIGH,Bi-directional money flow detected
Circular Transfer,A0068,A0378,2,,HIGH,Bi-directional money flow detected
Circular Transfer,A0059,A0445,2,,HIGH,Bi-directional money flow detected
Circular Transfer,A0231,A0167,2,,HIGH,Bi-directional money flow detected
Circular Transfer,A0074,A0010,2,,HIGH,Bi-directional money flow detected
Circular Transfer,A0438,A0016,2,,HIGH,Bi-directional money flow detected
Circular Transfer,A0282,A0203,2,,HIGH,Bi-directional money flow detected
Circular Transfer,A0498,A0231,2,,HIGH,Bi-directional money flow detected
Circular Transfer,A0114,A0183,2,,HIGH,Bi-directional money flow detected
Circular Transfer,A0181,A0192,2,,HIGH,Bi-directional money flow detected
Circular Transfer,A0239,A0102,2,,HIGH,Bi-directional money flow detected
Circular Transfer,A0156,A0447,2,,HIGH,Bi-directional money flow detected
Circular Transfer,A0224,A0458,2,,HIGH,Bi-directional money flow detected
Circular Transfer,A0493,A0140,2,,HIGH,Bi-directional money flow detected
Circular Transfer,A0157,A0069,2,,HIGH,Bi-directional money flow detected
Circular Transfer,A0021,A0129,2,,HIGH,Bi-directional money flow detected
Circular Transfer,A0294,A0136,2,,HIGH,Bi-directional money flow detected
Circular Transfer,A0483,A0373,2,,HIGH,Bi-directional money flow detected
Circular Transfer,A0472,A0210,2,,HIGH,Bi-directional money flow detected
Circular Transfer,A0491,A0281,2,,HIGH,Bi-directional money flow detected
Circular Transfer,A0082,A0408,2,,HIGH,Bi-directional money flow detected
Circular Transfer,A0187,A0246,2,,HIGH,Bi-directional money flow detected
Circular Transfer,A0124,A0366,2,,HIGH,Bi-directional money flow detected
Circular Transfer,A0343,A0158,2,,HIGH,Bi-directional money flow detected
Circular Transfer,A0244,A0155,2,,HIGH,Bi-directional money flow detected
Circular Transfer,A0271,A0010,2,,HIGH,Bi-directional money flow detected
Circular Transfer,A0157,A0422,2,,HIGH,Bi-directional money flow detected
Circular Transfer,A0088,A0367,2,,HIGH,Bi-directional money flow detected
Circular Transfer,A0151,A0221,2,,HIGH,Bi-directional money flow detected
Circular Transfer,A0052,A0431,2,,HIGH,Bi-directional money flow detected
Circular Transfer,A0228,A0482,2,,HIGH,Bi-directional money flow detected
Circular Transfer,A0082,A0477,2,,HIGH,Bi-directional money flow detected
Circular Transfer,A0044,A0094,2,,HIGH,Bi-directional money flow detected
Circular Transfer,A0423,A0464,2,,HIGH,Bi-directional money flow detected
Circular Transfer,A0117,A0217,2,,HIGH,Bi-directional money flow detected
Circular Transfer,A0364,A0247,2,,HIGH,Bi-directional money flow detected
Circular Transfer,A0335,A0291,2,,HIGH,Bi-directional money flow detected
Circular Transfer,A0218,A0072,2,,HIGH,Bi-directional money flow detected
Circular Transfer,A0023,A0290,2,,HIGH,Bi-directional money flow detected
Circular Transfer,A0409,A0087,2,,HIGH,Bi-directional money flow detected
Circular Transfer,A0309,A0108,2,,HIGH,Bi-directional money flow detected
Circular Transfer,A0030,A0368,2,,HIGH,Bi-directional money flow detected
Circular Transfer,A0473,A0194,2,,HIGH,Bi-directional money flow detected
Circular Transfer,A0432,A0341,2,,HIGH,Bi-directional money flow detected
Circular Transfer,A0114,A0309,2,,HIGH,Bi-directional money flow detected
Circular Transfer,A0017,A0405,2,,HIGH,Bi-directional money flow detected
Circular Transfer,A0076,A0010,2,,HIGH,Bi-directional money flow detected
Circular Transfer,A0106,A0055,2,,HIGH,Bi-directional money flow detected
Circular Transfer,A0409,A0222,2,,HIGH,Bi-directional money flow detected
Circular Transfer,A0195,A0471,2,,HIGH,Bi-directional money flow detected
Circular Transfer,A0284,A0429,2,,HIGH,Bi-directional money flow detected
Circular Transfer,A0021,A0358,2,,HIGH,Bi-directional money flow detected
Circular Transfer,A0473,A0366,2,,HIGH,Bi-directional money flow detected
Circular Transfer,A0151,A0499,2,,HIGH,Bi-directional money flow detected
Circular Transfer,A0330,A0017,2,,HIGH,Bi-directional money flow detected
Circular Transfer,A0484,A0188,2,,HIGH,Bi-directional money flow detected
Circular Transfer,A0184,A0079,2,,HIGH,Bi-directional money flow detected
Circular Transfer,A0074,A0390,2,,HIGH,Bi-directional money flow detected
Circular Transfer,A0489,A0296,2,,HIGH,Bi-directional money flow detected
Circular Transfer,A0071,A0330,2,,HIGH,Bi-directional money flow detected
Circular Transfer,A0089,A0271,2,,HIGH,Bi-directional money flow detected
Circular Transfer,A0396,A0247,2,,HIGH,Bi-directional money flow detected
Circular Transfer,A0315,A0191,2,,HIGH,Bi-directional money flow detected
Circular Transfer,A0185,A0037,2,,HIGH,Bi-directional money flow detected
Circular Transfer,A0179,A0185,2,,HIGH,Bi-directional money flow detected
Circular Transfer,A0185,A0368,2,,HIGH,Bi-directional money flow detected
Circular Transfer,A0001,A0223,2,,HIGH,Bi-directional money flow detected
Circular Transfer,A0088,A0206,2,,HIGH,Bi-directional money flow detected
Circular Transfer,A0438,A0062,2,,HIGH,Bi-directional money flow detected
Circular Transfer,A0075,A0351,2,,HIGH,Bi-directional money flow detected
Circular Transfer,A0063,A0050,2,,HIGH,Bi-directional money flow detected
Circular Transfer,A0183,A0327,2,,HIGH,Bi-directional money flow detected
Circular Transfer,A0103,A0326,2,,HIGH,Bi-directional money flow detected
Circular Transfer,A0114,A0025,2,,HIGH,Bi-directional money flow detected
Circular Transfer,A0321,A0364,2,,HIGH,Bi-directional money flow detected
Circular Transfer,A0278,A0327,2,,HIGH,Bi-directional money flow detected
Circular Transfer,A0182,A0243,2,,HIGH,Bi-directional money flow detected
Circular Transfer,A0181,A0475,2,,HIGH,Bi-directional money flow detected
Circular Transfer,A0114,A0325,2,,HIGH,Bi-directional money flow detected
Circular Transfer,A0145,A0465,2,,HIGH,Bi-directional money flow detected
Circular Transfer,A0196,A0376,2,,HIGH,Bi-directional money flow detected
Circular Transfer,A0022,A0006,2,,HIGH,Bi-directional money flow detected
Circular Transfer,A0001,A0285,2,,HIGH,Bi-directional money flow detected
Circular Transfer,A0396,A0315,2,,HIGH,Bi-directional money flow detected
Circular Transfer,A0234,A0389,2,,HIGH,Bi-directional money flow detected
Circular Transfer,A0181,A0171,2,,HIGH,Bi-directional money flow detected
Circular Transfer,A0212,A0180,2,,HIGH,Bi-directional money flow detected
Circular Transfer,A0377,A0191,2,,HIGH,Bi-directional money flow detected
Circular Transfer,A0163,A0071,2,,HIGH,Bi-directional money flow detected
Circular Transfer,A0414,A0379,2,,HIGH,Bi-directional money flow detected
Circular Transfer,A0136,A0177,2,,HIGH,Bi-directional money flow detected
Circular Transfer,A0005,A0051,2,,HIGH,Bi-directional money flow detected
Circular Transfer,A0374,A0074,2,,HIGH,Bi-directional money flow detected
Circular Transfer,A0050,A0424,2,,HIGH,Bi-directional money flow detected
Circular Transfer,A0106,A0236,2,,HIGH,Bi-directional money flow detected
Circular Transfer,A0097,A0440,2,,HIGH,Bi-directional money flow detected
Circular Transfer,A0315,A0036,2,,HIGH,Bi-directional money flow detected
Circular Transfer,A0458,A0431,2,,HIGH,Bi-directional money flow detected
Circular Transfer,A0023,A0425,2,,HIGH,Bi-directional money flow detected
Circular Transfer,A0122,A0032,2,,HIGH,Bi-directional money flow detected
Circular Transfer,A0265,A0345,2,,HIGH,Bi-directional money flow detected
Circular Transfer,A0358,A0210,2,,HIGH,Bi-directional money flow detected
Circular Transfer,A0484,A0432,2,,HIGH,Bi-directional money flow detected
Circular Transfer,A0372,A0055,2,,HIGH,Bi-directional money flow detected
Circular Transfer,A0393,A0467,2,,HIGH,Bi-directional money flow detected
Circular Transfer,A0291,A0277,2,,HIGH,Bi-directional money flow detected
Circular Transfer,A0343,A0199,2,,HIGH,Bi-directional money flow detected
Circular Transfer,A0354,A0422,2,,HIGH,Bi-directional money flow detected
Circular Transfer,A0345,A0470,2,,HIGH,Bi-directional money flow detected
Circular Transfer,A0071,A0342,2,,HIGH,Bi-directional money flow detected
Circular Transfer,A0271,A0188,2,,HIGH,Bi-directional money flow detected
Circular Transfer,A0099,A0053,2,,HIGH,Bi-directional money flow detected
Circular Transfer,A0309,A0346,2,,HIGH,Bi-directional money flow detected
Circular Transfer,A0311,A0498,2,,HIGH,Bi-directional money flow detected
Circular Transfer,A0317,A0376,2,,HIGH,Bi-directional money flow detected
Circular Transfer,A0115,A0278,2,,HIGH,Bi-directional money flow detected
Circular Transfer,A0474,A0032,2,,HIGH,Bi-directional money flow detected
Circular Transfer,A0338,A0329,2,,HIGH,Bi-directional money flow detected
Circular Transfer,A0264,A0209,2,,HIGH,Bi-directional money flow detected
Circular Transfer,A0259,A0059,2,,HIGH,Bi-directional money flow detected
Circular Transfer,A0448,A0024,2,,HIGH,Bi-directional money flow detected
Circular Transfer,A0104,A0160,2,,HIGH,Bi-directional money flow detected
Circular Transfer,A0156,A0484,2,,HIGH,Bi-directional money flow detected
Circular Transfer,A0373,A0392,2,,HIGH,Bi-directional money flow detected
Circular Transfer,A0438,A0071,2,,HIGH,Bi-directional money flow detected
Circular Transfer,A0195,A0163,2,,HIGH,Bi-directional money flow detected
Circular Transfer,A0442,A0439,2,,HIGH,Bi-directional money flow detected
Circular Transfer,A0205,A0357,2,,HIGH,Bi-directional money flow detected
Circular Transfer,A0125,A0197,2,,HIGH,Bi-directional money flow detected
Circular Transfer,A0054,A0467,2,,HIGH,Bi-directional money flow detected
Circular Transfer,A0330,A0295,2,,HIGH,Bi-directional money flow detected
Circular Transfer,A0181,A0301,2,,HIGH,Bi-directional money flow detected
Circular Transfer,A0258,A0188,2,,HIGH,Bi-directional money flow detected
Circular Transfer,A0321,A0023,2,,HIGH,Bi-directional money flow detected
Circular Transfer,A0135,A0185,2,,HIGH,Bi-directional money flow detected
Circular Transfer,A0436,A0291,2,,HIGH,Bi-directional money flow detected
Circular Transfer,A0253,A0099,2,,HIGH,Bi-directional money flow detected
Circular Transfer,A0170,A0462,2,,HIGH,Bi-directional money flow detected
Circular Transfer,A0205,A0164,2,,HIGH,Bi-directional money flow detected
Circular Transfer,A0495,A0437,2,,HIGH,Bi-directional money flow detected
Circular Transfer,A0128,A0147,2,,HIGH,Bi-directional money flow detected
Circular Transfer,A0208,A0089,2,,HIGH,Bi-directional money flow detected
Circular Transfer,A0188,A0237,2,,HIGH,Bi-directional money flow detected
Circular Transfer,A0287,A0426,2,,HIGH,Bi-directional money flow detected
Circular Transfer,A0270,A0489,2,,HIGH,Bi-directional money flow detected
Circular Transfer,A0008,A0228,2,,HIGH,Bi-directional money flow detected
Circular Transfer,A0500,A0351,2,,HIGH,Bi-directional money flow detected
Circular Transfer,A0161,A0411,2,,HIGH,Bi-directional money flow detected
Circular Transfer,A0120,A0077,2,,HIGH,Bi-directional money flow detected
Circular Transfer,A0335,A0059,2,,HIGH,Bi-directional money flow detected
Circular Transfer,A0326,A0278,2,,HIGH,Bi-directional money flow detected
Circular Transfer,A0233,A0432,2,,HIGH,Bi-directional money flow detected
Circular Transfer,A0315,A0021,2,,HIGH,Bi-directional money flow detected
Circular Transfer,A0011,A0007,2,,HIGH,Bi-directional money flow detected
Circular Transfer,A0470,A0384,2,,HIGH,Bi-directional money flow detected
Circular Transfer,A0222,A0012,2,,HIGH,Bi-directional money flow detected
Circular Transfer,A0079,A0010,2,,HIGH,Bi-directional money flow detected
Circular Transfer,A0053,A0055,2,,HIGH,Bi-directional money flow detected
Circular Transfer,A0228,A0266,2,,HIGH,Bi-directional money flow detected
Circular Transfer,A0444,A0216,2,,HIGH,Bi-directional money flow detected
Circular Transfer,A0122,A0408,2,,HIGH,Bi-directional money flow detected
Circular Transfer,A0435,A0431,2,,HIGH,Bi-directional money flow detected
Circular Transfer,A0079,A0422,2,,HIGH,Bi-directional money flow detected
Circular Transfer,A0191,A0465,2,,HIGH,Bi-directional money flow detected
Circular Transfer,A0146,A0197,2,,HIGH,Bi-directional money flow detected
Circular Transfer,A0431,A0374,2,,HIGH,Bi-directional money flow detected
Circular Transfer,A0294,A0261,2,,HIGH,Bi-directional money flow detected
Circular Transfer,A0047,A0064,2,,HIGH,Bi-directional money flow detected
Circular Transfer,A0150,A0256,2,,HIGH,Bi-directional money flow detected
Circular Transfer,A0387,A0263,2,,HIGH,Bi-directional money flow detected
Circular Transfer,A0194,A0312,2,,HIGH,Bi-directional money flow detected
Circular Transfer,A0272,A0019,2,,HIGH,Bi-directional money flow detected
Circular Transfer,A0187,A0281,2,,HIGH,Bi-directional money flow detected
Circular Transfer,A0108,A0046,2,,HIGH,Bi-directional money flow detected
Circular Transfer,A0381,A0219,2,,HIGH,Bi-directional money flow detected
Circular Transfer,A0370,A0084,2,,HIGH,Bi-directional money flow detected
Circular Transfer,A0440,A0311,2,,HIGH,Bi-directional money flow detected
Circular Transfer,A0396,A0373,2,,HIGH,Bi-directional money flow detected
Circular Transfer,A0287,A0027,2,,HIGH,Bi-directional money flow detected
Circular Transfer,A0006,A0048,2,,HIGH,Bi-directional money flow detected
Circular Transfer,A0164,A0244,2,,HIGH,Bi-directional money flow detected
Circular Transfer,A0474,A0095,2,,HIGH,Bi-directional money flow detected
Circular Transfer,A0431,A0413,2,,HIGH,Bi-directional money flow detected
Circular Transfer,A0023,A0081,2,,HIGH,Bi-directional money flow detected
Circular Transfer,A0149,A0322,2,,HIGH,Bi-directional money flow detected
Circular Transfer,A0406,A0136,2,,HIGH,Bi-directional money flow detected
Circular Transfer,A0057,A0211,2,,HIGH,Bi-directional money flow detected
Circular Transfer,A0491,A0243,2,,HIGH,Bi-directional money flow detected
Circular Transfer,A0220,A0341,2,,HIGH,Bi-directional money flow detected
Circular Transfer,A0087,A0111,2,,HIGH,Bi-directional money flow detected
Circular Transfer,A0416,A0104,2,,HIGH,Bi-directional money flow detected
Circular Transfer,A0395,A0136,2,,HIGH,Bi-directional money flow detected
Circular Transfer,A0044,A0309,2,,HIGH,Bi-directional money flow detected
Circular Transfer,A0258,A0177,2,,HIGH,Bi-directional money flow detected
Circular Transfer,A0397,A0200,2,,HIGH,Bi-directional money flow detected
Circular Transfer,A0454,A0058,2,,HIGH,Bi-directional money flow detected
Circular Transfer,A0450,A0202,2,,HIGH,Bi-directional money flow detected
Circular Transfer,A0377,A0265,2,,HIGH,Bi-directional money flow detected
Circular Transfer,A0131,A0211,2,,HIGH,Bi-directional money flow detected
Circular Transfer,A0079,A0021,2,,HIGH,Bi-directional money flow detected
Circular Transfer,A0144,A0103,2,,HIGH,Bi-directional money flow detected
Circular Transfer,A0315,A0188,2,,HIGH,Bi-directional money flow detected
Circular Transfer,A0116,A0496,2,,HIGH,Bi-directional money flow detected
Circular Transfer,A0044,A0169,2,,HIGH,Bi-directional money flow detected
Circular Transfer,A0405,A0423,2,,HIGH,Bi-directional money flow detected
Circular Transfer,A0499,A0471,2,,HIGH,Bi-directional money flow detected
Circular Transfer,A0361,A0024,2,,HIGH,Bi-directional money flow detected
Circular Transfer,A0168,A0346,2,,HIGH,Bi-directional money flow detected
Circular Transfer,A0001,A0373,2,,HIGH,Bi-directional money flow detected
Circular Transfer,A0040,A0419,2,,HIGH,Bi-directional money flow detected
Circular Transfer,A0057,A0051,2,,HIGH,Bi-directional money flow detected
Circular Transfer,A0490,A0047,2,,HIGH,Bi-directional money flow detected
Circular Transfer,A0375,A0297,2,,HIGH,Bi-directional money flow detected
Circular Transfer,A0195,A0189,2,,HIGH,Bi-directional money flow detected
Circular Transfer,A0062,A0284,2,,HIGH,Bi-directional money flow detected
Circular Transfer,A0369,A0219,2,,HIGH,Bi-directional money flow detected
Circular Transfer,A0116,A0157,2,,HIGH,Bi-directional money flow detected
Circular Transfer,A0145,A0212,2,,HIGH,Bi-directional money flow detected
Circular Transfer,A0227,A0462,2,,HIGH,Bi-directional money flow detected
Circular Transfer,A0440,A0294,2,,HIGH,Bi-directional money flow detected
Circular Transfer,A0431,A0279,2,,HIGH,Bi-directional money flow detected
Circular Transfer,A0376,A0098,2,,HIGH,Bi-directional money flow detected
Circular Transfer,A0014,A0092,2,,HIGH,Bi-directional money flow detected
Circular Transfer,A0281,A0473,2,,HIGH,Bi-directional money flow detected
Circular Transfer,A0225,A0381,2,,HIGH,Bi-directional money flow detected
Circular Transfer,A0122,A0052,2,,HIGH,Bi-directional money flow detected
Circular Transfer,A0094,A0200,2,,HIGH,Bi-directional money flow detected
Circular Transfer,A0162,A0055,2,,HIGH,Bi-directional money flow detected
Circular Transfer,A0034,A0028,2,,HIGH,Bi-directional money flow detected
Circular Transfer,A0471,A0021,2,,HIGH,Bi-directional money flow detected
Circular Transfer,A0238,A0135,2,,HIGH,Bi-directional money flow detected
Circular Transfer,A0451,A0286,2,,HIGH,Bi-directional money flow detected
Circular Transfer,A0394,A0076,2,,HIGH,Bi-directional money flow detected
Circular Transfer,A0073,A0200,2,,HIGH,Bi-directional money flow detected
Circular Transfer,A0044,A0025,2,,HIGH,Bi-directional money flow detected
Circular Transfer,A0452,A0412,2,,HIGH,Bi-directional money flow detected
Circular Transfer,A0109,A0175,2,,HIGH,Bi-directional money flow detected
Circular Transfer,A0264,A0296,2,,HIGH,Bi-directional money flow detected
Circular Transfer,A0410,A0039,2,,HIGH,Bi-directional money flow detected
Circular Transfer,A0352,A0196,2,,HIGH,Bi-directional money flow detected
Circular Transfer,A0242,A0243,2,,HIGH,Bi-directional money flow detected
Circular Transfer,A0475,A0070,2,,HIGH,Bi-directional money flow detected
Circular Transfer,A0188,A0344,2,,HIGH,Bi-directional money flow detected
Circular Transfer,A0379,A0428,2,,HIGH,Bi-directional money flow detected
Circular Transfer,A0199,A0262,2,,HIGH,Bi-directional money flow detected
Circular Transfer,A0471,A0205,2,,HIGH,Bi-directional money flow detected
Circular Transfer,A0255,A0195,2,,HIGH,Bi-directional money flow detected
Circular Transfer,A0484,A0374,2,,HIGH,Bi-directional money flow detected
Circular Transfer,A0179,A0060,2,,HIGH,Bi-directional money flow detected
Circular Transfer,A0285,A0439,2,,HIGH,Bi-directional money flow detected
Circular Transfer,A0058,A0146,2,,HIGH,Bi-directional money flow detected
Circular Transfer,A0409,A0430,2,,HIGH,Bi-directional money flow detected
Circular Transfer,A0491,A0447,2,,HIGH,Bi-directional money flow detected
Circular Transfer,A0314,A0190,2,,HIGH,Bi-directional money flow detected
Circular Transfer,A0142,A0341,2,,HIGH,Bi-directional money flow detected
Circular Transfer,A0144,A0376,2,,HIGH,Bi-directional money flow detected
Circular Transfer,A0228,A0061,2,,HIGH,Bi-directional money flow detected
Circular Transfer,A0288,A0175,2,,HIGH,Bi-directional money flow detected
Circular Transfer,A0302,A0194,2,,HIGH,Bi-directional money flow detected
Circular Transfer,A0156,A0422,2,,HIGH,Bi-directional money flow detected
Circular Transfer,A0114,A0281,2,,HIGH,Bi-directional money flow detected
Circular Transfer,A0348,A0095,2,,HIGH,Bi-directional money flow detected
Circular Transfer,A0092,A0413,2,,HIGH,Bi-directional money flow detected
Circular Transfer,A0053,A0223,2,,HIGH,Bi-directional money flow detected
Circular Transfer,A0127,A0434,2,,HIGH,Bi-directional money flow detected
Circular Transfer,A0325,A0416,2,,HIGH,Bi-directional money flow detected
Circular Transfer,A0413,A0374,2,,HIGH,Bi-directional money flow detected
Circular Transfer,A0123,A0415,2,,HIGH,Bi-directional money flow detected
Circular Transfer,A0457,A0437,2,,HIGH,Bi-directional money flow detected
Circular Transfer,A0192,A0409,2,,HIGH,Bi-directional money flow detected
Circular Transfer,A0398,A0270,2,,HIGH,Bi-directional money flow detected
Circular Transfer,A0392,A0245,2,,HIGH,Bi-directional money flow detected
Circular Transfer,A0079,A0188,2,,HIGH,Bi-directional money flow detected
Circular Transfer,A0342,A0260,2,,HIGH,Bi-directional money flow detected
Circular Transfer,A0353,A0090,2,,HIGH,Bi-directional money flow detected
Circular Transfer,A0046,A0184,2,,HIGH,Bi-directional money flow detected
Circular Transfer,A0005,A0484,2,,HIGH,Bi-directional money flow detected
Circular Transfer,A0067,A0113,2,,HIGH,Bi-directional money flow detected
Circular Transfer,A0495,A0376,2,,HIGH,Bi-directional money flow detected
Circular Transfer,A0488,A0013,2,,HIGH,Bi-directional money flow detected
Circular Transfer,A0374,A0442,2,,HIGH,Bi-directional money flow detected
Circular Transfer,A0147,A0205,2,,HIGH,Bi-directional money flow detected
Circular Transfer,A0031,A0080,2,,HIGH,Bi-directional money flow detected
Circular Transfer,A0200,A0291,2,,HIGH,Bi-directional money flow detected
Circular Transfer,A0427,A0482,2,,HIGH,Bi-directional money flow detected
Circular Transfer,A0252,A0070,2,,HIGH,Bi-directional money flow detected
Circular Transfer,A0053,A0285,2,,HIGH,Bi-directional money flow detected
Circular Transfer,A0196,A0033,2,,HIGH,Bi-directional money flow detected
Circular Transfer,A0075,A0271,2,,HIGH,Bi-directional money flow detected
Circular Transfer,A0041,A0488,2,,HIGH,Bi-directional money flow detected
Circular Transfer,A0119,A0199,2,,HIGH,Bi-directional money flow detected
Circular Transfer,A0288,A0236,2,,HIGH,Bi-directional money flow detected
Circular Transfer,A0305,A0168,2,,HIGH,Bi-directional money flow detected
Circular Transfer,A0075,A0314,2,,HIGH,Bi-directional money flow detected
Circular Transfer,A0136,A0130,2,,HIGH,Bi-directional money flow detected
Circular Transfer,A0222,A0123,2,,HIGH,Bi-directional money flow detected
Circular Transfer,A0484,A0288,2,,HIGH,Bi-directional money flow detected
Circular Transfer,A0373,A0429,2,,HIGH,Bi-directional money flow detected
Circular Transfer,A0408,A0281,2,,HIGH,Bi-directional money flow detected
Circular Transfer,A0346,A0223,2,,HIGH,Bi-directional money flow detected
Circular Transfer,A0482,A0275,2,,HIGH,Bi-directional money flow detected
Circular Transfer,A0373,A0099,2,,HIGH,Bi-directional money flow detected
Circular Transfer,A0176,A0391,2,,HIGH,Bi-directional money flow detected
Circular Transfer,A0307,A0130,2,,HIGH,Bi-directional money flow detected
Circular Transfer,A0239,A0393,2,,HIGH,Bi-directional money flow detected
Circular Transfer,A0403,A0266,2,,HIGH,Bi-directional money flow detected
Circular Transfer,A0499,A0236,2,,HIGH,Bi-directional money flow detected
Circular Transfer,A0492,A0133,2,,HIGH,Bi-directional money flow detected
Circular Transfer,A0382,A0010,2,,HIGH,Bi-directional money flow detected
Circular Transfer,A0262,A0229,2,,HIGH,Bi-directional money flow detected
Circular Transfer,A0112,A0197,2,,HIGH,Bi-directional money flow detected
Circular Transfer,A0454,A0312,2,,HIGH,Bi-directional money flow detected
Circular Transfer,A0192,A0227,2,,HIGH,Bi-directional money flow detected
Circular Transfer,A0169,A0335,2,,HIGH,Bi-directional money flow detected
Circular Transfer,A0476,A0342,2,,HIGH,Bi-directional money flow detected
Circular Transfer,A0183,A0187,2,,HIGH,Bi-directional money flow detected
Circular Transfer,A0288,A0058,2,,HIGH,Bi-directional money flow detected
Circular Transfer,A0460,A0379,2,,HIGH,Bi-directional money flow detected
Circular Transfer,A0278,A0187,2,,HIGH,Bi-directional money flow detected
Circular Transfer,A0109,A0223,2,,HIGH,Bi-directional money flow detected
Circular Transfer,A0265,A0064,2,,HIGH,Bi-directional money flow detected
Circular Transfer,A0117,A0246,2,,HIGH,Bi-directional money flow detected
Circular Transfer,A0116,A0346,2,,HIGH,Bi-directional money flow detected
Circular Transfer,A0401,A0446,2,,HIGH,Bi-directional money flow detected
Circular Transfer,A0212,A0020,2,,HIGH,Bi-directional money flow detected
Circular Transfer,A0398,A0407,2,,HIGH,Bi-directional money flow detected
Circular Transfer,A0031,A0107,2,,HIGH,Bi-directional money flow detected
Circular Transfer,A0350,A0475,2,,HIGH,Bi-directional money flow detected
Circular Transfer,A0448,A0210,2,,HIGH,Bi-directional money flow detected
Circular Transfer,A0019,A0199,2,,HIGH,Bi-directional money flow detected
Circular Transfer,A0281,A0282,2,,HIGH,Bi-directional money flow detected
Circular Transfer,A0147,A0188,2,,HIGH,Bi-directional money flow detected
Circular Transfer,A0472,A0065,2,,HIGH,Bi-directional money flow detected
Circular Transfer,A0202,A0305,2,,HIGH,Bi-directional money flow detected
Circular Transfer,A0482,A0095,2,,HIGH,Bi-directional money flow detected
Circular Transfer,A0381,A0377,2,,HIGH,Bi-directional money flow detected
Circular Transfer,A0381,A0025,2,,HIGH,Bi-directional money flow detected
Circular Transfer,A0157,A0391,2,,HIGH,Bi-directional money flow detected
Circular Transfer,A0484,A0345,2,,HIGH,Bi-directional money flow detected
Circular Transfer,A0312,A0265,2,,HIGH,Bi-directional money flow detected
Circular Transfer,A0427,A0491,2,,HIGH,Bi-directional money flow detected
Circular Transfer,A0299,A0262,2,,HIGH,Bi-directional money flow detected
Circular Transfer,A0431,A0168,2,,HIGH,Bi-directional money flow detected
Circular Transfer,A0054,A0159,2,,HIGH,Bi-directional money flow detected
Circular Transfer,A0176,A0136,2,,HIGH,Bi-directional money flow detected
Circular Transfer,A0381,A0188,2,,HIGH,Bi-directional money flow detected
Circular Transfer,A0433,A0475,2,,HIGH,Bi-directional money flow detected
Circular Transfer,A0324,A0098,2,,HIGH,Bi-directional money flow detected
Circular Transfer,A0485,A0042,2,,HIGH,Bi-directional money flow detected
Circular Transfer,A0057,A0217,2,,HIGH,Bi-directional money flow detected
Circular Transfer,A0433,A0448,2,,HIGH,Bi-directional money flow detected
Circular Transfer,A0134,A0411,2,,HIGH,Bi-directional money flow detected
Circular Transfer,A0127,A0357,2,,HIGH,Bi-directional money flow detected
Circular Transfer,A0434,A0266,2,,HIGH,Bi-directional money flow detected
Circular Transfer,A0302,A0086,2,,HIGH,Bi-directional money flow detected
Circular Transfer,A0304,A0498,2,,HIGH,Bi-directional money flow detected
Circular Transfer,A0094,A0342,2,,HIGH,Bi-directional money flow detected
Circular Transfer,A0346,A0393,2,,HIGH,Bi-directional money flow detected
Circular Transfer,A0156,A0129,2,,HIGH,Bi-directional money flow detected
Circular Transfer,A0074,A0027,2,,HIGH,Bi-directional money flow detected
Circular Transfer,A0026,A0309,2,,HIGH,Bi-directional money flow detected
Circular Transfer,A0268,A0327,2,,HIGH,Bi-directional money flow detected
Circular Transfer,A0475,A0194,2,,HIGH,Bi-directional money flow detected
Circular Transfer,A0071,A0394,2,,HIGH,Bi-directional money flow detected
Circular Transfer,A0469,A0146,2,,HIGH,Bi-directional money flow detected
Circular Transfer,A0460,A0449,2,,HIGH,Bi-directional money flow detected
Circular Transfer,A0372,A0373,2,,HIGH,Bi-directional money flow detected
Circular Transfer,A0406,A0261,2,,HIGH,Bi-directional money flow detected
Circular Transfer,A0369,A0377,2,,HIGH,Bi-directional money flow detected
Circular Transfer,A0488,A0273,2,,HIGH,Bi-directional money flow detected
Circular Transfer,A0198,A0424,2,,HIGH,Bi-directional money flow detected
Circular Transfer,A0257,A0123,2,,HIGH,Bi-directional money flow detected
Circular Transfer,A0325,A0041,2,,HIGH,Bi-directional money flow detected
Circular Transfer,A0055,A0463,2,,HIGH,Bi-directional money flow detected
Circular Transfer,A0052,A0269,2,,HIGH,Bi-directional money flow detected
Circular Transfer,A0382,A0439,2,,HIGH,Bi-directional money flow detected
Circular Transfer,A0309,A0152,2,,HIGH,Bi-directional money flow detected
Circular Transfer,A0267,A0244,2,,HIGH,Bi-directional money flow detected
Circular Transfer,A0122,A0179,2,,HIGH,Bi-directional money flow detected
Circular Transfer,A0247,A0309,2,,HIGH,Bi-directional money flow detected
Circular Transfer,A0130,A0341,2,,HIGH,Bi-directional money flow detected
Circular Transfer,A0428,A0223,2,,HIGH,Bi-directional money flow detected
Circular Transfer,A0136,A0127,2,,HIGH,Bi-directional money flow detected
Circular Transfer,A0030,A0335,2,,HIGH,Bi-directional money flow detected
Circular Transfer,A0220,A0233,2,,HIGH,Bi-directional money flow detected
Circular Transfer,A0037,A0057,2,,HIGH,Bi-directional money flow detected
Circular Transfer,A0335,A0292,2,,HIGH,Bi-directional money flow detected
Circular Transfer,A0235,A0022,2,,HIGH,Bi-directional money flow detected
Circular Transfer,A0477,A0476,2,,HIGH,Bi-directional money flow detected
Circular Transfer,A0261,A0200,2,,HIGH,Bi-directional money flow detected
Circular Transfer,A0187,A0316,2,,HIGH,Bi-directional money flow detected
Circular Transfer,A0026,A0417,2,,HIGH,Bi-directional money flow detected
Circular Transfer,A0321,A0105,2,,HIGH,Bi-directional money flow detected
Circular Transfer,A0298,A0032,2,,HIGH,Bi-directional money flow detected
Circular Transfer,A0333,A0187,2,,HIGH,Bi-directional money flow detected
Circular Transfer,A0051,A0141,2,,HIGH,Bi-directional money flow detected
Circular Transfer,A0230,A0222,2,,HIGH,Bi-directional money flow detected
Circular Transfer,A0071,A0011,2,,HIGH,Bi-directional money flow detected
Circular Transfer,A0112,A0270,2,,HIGH,Bi-directional money flow detected
Circular Transfer,A0106,A0371,2,,HIGH,Bi-directional money flow detected
Circular Transfer,A0195,A0040,2,,HIGH,Bi-directional money flow detected
Circular Transfer,A0099,A0106,2,,HIGH,Bi-directional money flow detected
Circular Transfer,A0473,A0332,2,,HIGH,Bi-directional money flow detected
Circular Transfer,A0428,A0019,2,,HIGH,Bi-directional money flow detected
Circular Transfer,A0070,A0254,2,,HIGH,Bi-directional money flow detected
Circular Transfer,A0385,A0377,2,,HIGH,Bi-directional money flow detected
Circular Transfer,A0222,A0257,2,,HIGH,Bi-directional money flow detected
Circular Transfer,A0031,A0268,2,,HIGH,Bi-directional money flow detected
Circular Transfer,A0151,A0398,2,,HIGH,Bi-directional money flow detected
Circular Transfer,A0089,A0485,2,,HIGH,Bi-directional money flow detected
Circular Transfer,A0490,A0349,2,,HIGH,Bi-directional money flow detected
Circular Transfer,A0421,A0458,2,,HIGH,Bi-directional money flow detected
Circular Transfer,A0353,A0021,2,,HIGH,Bi-directional money flow detected
Circular Transfer,A0217,A0276,2,,HIGH,Bi-directional money flow detected
Circular Transfer,A0231,A0456,2,,HIGH,Bi-directional money flow detected
Circular Transfer,A0199,A0238,2,,HIGH,Bi-directional money flow detected
Circular Transfer,A0246,A0229,2,,HIGH,Bi-directional money flow detected
Circular Transfer,A0151,A0157,2,,HIGH,Bi-directional money flow detected
Circular Transfer,A0284,A0293,2,,HIGH,Bi-directional money flow detected
Circular Transfer,A0322,A0058,2,,HIGH,Bi-directional money flow detected
Circular Transfer,A0295,A0061,2,,HIGH,Bi-directional money flow detected
Circular Transfer,A0344,A0434,2,,HIGH,Bi-directional money flow detected
Circular Transfer,A0312,A0432,2,,HIGH,Bi-directional money flow detected
Circular Transfer,A0124,A0040,2,,HIGH,Bi-directional money flow detected
Circular Transfer,A0165,A0041,2,,HIGH,Bi-directional money flow detected
Circular Transfer,A0106,A0459,2,,HIGH,Bi-directional money flow detected
Circular Transfer,A0436,A0388,2,,HIGH,Bi-directional money flow detected
Circular Transfer,A0124,A0122,2,,HIGH,Bi-directional money flow detected
Circular Transfer,A0087,A0036,2,,HIGH,Bi-directional money flow detected
Circular Transfer,A0472,A0304,2,,HIGH,Bi-directional money flow detected
Circular Transfer,A0019,A0165,2,,HIGH,Bi-directional money flow detected
Circular Transfer,A0358,A0232,2,,HIGH,Bi-directional money flow detected
Circular Transfer,A0460,A0075,2,,HIGH,Bi-directional money flow detected
Circular Transfer,A0406,A0375,2,,HIGH,Bi-directional money flow detected
Circular Transfer,A0450,A0037,2,,HIGH,Bi-directional money flow detected
Circular Transfer,A0309,A0240,2,,HIGH,Bi-directional money flow detected
Circular Transfer,A0427,A0116,2,,HIGH,Bi-directional money flow detected
Circular Transfer,A0306,A0267,2,,HIGH,Bi-directional money flow detected
Circular Transfer,A0475,A0158,2,,HIGH,Bi-directional money flow detected
Circular Transfer,A0027,A0288,2,,HIGH,Bi-directional money flow detected
Circular Transfer,A0034,A0115,2,,HIGH,Bi-directional money flow detected
Circular Transfer,A0279,A0105,2,,HIGH,Bi-directional money flow detected
Circular Transfer,A0488,A0484,2,,HIGH,Bi-directional money flow detected
Circular Transfer,A0376,A0446,2,,HIGH,Bi-directional money flow detected
Circular Transfer,A0011,A0434,2,,HIGH,Bi-directional money flow detected
Circular Transfer,A0019,A0187,2,,HIGH,Bi-directional money flow detected
Circular Transfer,A0427,A0106,2,,HIGH,Bi-directional money flow detected
Circular Transfer,A0255,A0283,2,,HIGH,Bi-directional money flow detected
Circular Transfer,A0226,A0339,2,,HIGH,Bi-directional money flow detected
Circular Transfer,A0388,A0310,2,,HIGH,Bi-directional money flow detected
Circular Transfer,A0489,A0446,2,,HIGH,Bi-directional money flow detected
Circular Transfer,A0261,A0257,2,,HIGH,Bi-directional money flow detected
Circular Transfer,A0470,A0029,2,,HIGH,Bi-directional money flow detected
Circular Transfer,A0460,A0225,2,,HIGH,Bi-directional money flow detected
Circular Transfer,A0250,A0222,2,,HIGH,Bi-directional money flow detected
Circular Transfer,A0108,A0375,2,,HIGH,Bi-directional money flow detected
Circular Transfer,A0005,A0309,2,,HIGH,Bi-directional money flow detected
Circular Transfer,A0240,A0149,2,,HIGH,Bi-directional money flow detected
Circular Transfer,A0486,A0233,2,,HIGH,Bi-directional money flow detected
Circular Transfer,A0298,A0125,2,,HIGH,Bi-directional money flow detected
Circular Transfer,A0187,A0111,2,,HIGH,Bi-directional money flow detected
Circular Transfer,A0121,A0492,2,,HIGH,Bi-directional money flow detected
Circular Transfer,A0113,A0441,2,,HIGH,Bi-directional money flow detected
Circular Transfer,A0431,A0064,2,,HIGH,Bi-directional money flow detected
Circular Transfer,A0071,A0150,2,,HIGH,Bi-directional money flow detected
Circular Transfer,A0022,A0065,2,,HIGH,Bi-directional money flow detected
Circular Transfer,A0471,A0440,2,,HIGH,Bi-directional money flow detected
Circular Transfer,A0021,A0111,2,,HIGH,Bi-directional money flow detected
Circular Transfer,A0338,A0233,2,,HIGH,Bi-directional money flow detected
Circular Transfer,A0173,A0394,2,,HIGH,Bi-directional money flow detected
Circular Transfer,A0053,A0016,2,,HIGH,Bi-directional money flow detected
Circular Transfer,A0411,A0336,2,,HIGH,Bi-directional money flow detected
Circular Transfer,A0435,A0014,2,,HIGH,Bi-directional money flow detected
Circular Transfer,A0121,A0365,2,,HIGH,Bi-directional money flow detected
Circular Transfer,A0374,A0351,2,,HIGH,Bi-directional money flow detected
Circular Transfer,A0443,A0140,2,,HIGH,Bi-directional money flow detected
Circular Transfer,A0101,A0186,2,,HIGH,Bi-directional money flow detected
Circular Transfer,A0406,A0081,2,,HIGH,Bi-directional money flow detected
Circular Transfer,A0085,A0486,2,,HIGH,Bi-directional money flow detected
Circular Transfer,A0421,A0409,2,,HIGH,Bi-directional money flow detected
Circular Transfer,A0079,A0374,2,,HIGH,Bi-directional money flow detected
Circular Transfer,A0412,A0037,2,,HIGH,Bi-directional money flow detected
Circular Transfer,A0148,A0101,2,,HIGH,Bi-directional money flow detected
Circular Transfer,A0375,A0455,2,,HIGH,Bi-directional money flow detected
Circular Transfer,A0435,A0397,2,,HIGH,Bi-directional money flow detected
Circular Transfer,A0148,A0495,2,,HIGH,Bi-directional money flow detected
Circular Transfer,A0271,A0290,2,,HIGH,Bi-directional money flow detected
Circular Transfer,A0447,A0024,2,,HIGH,Bi-directional money flow detected
Circular Transfer,A0082,A0333,2,,HIGH,Bi-directional money flow detected
Circular Transfer,A0231,A0271,2,,HIGH,Bi-directional money flow detected
Circular Transfer,A0183,A0167,2,,HIGH,Bi-directional money flow detected
Circular Transfer,A0222,A0282,2,,HIGH,Bi-directional money flow detected
Circular Transfer,A0228,A0238,2,,HIGH,Bi-directional money flow detected
Circular Transfer,A0234,A0055,2,,HIGH,Bi-directional money flow detected
Circular Transfer,A0484,A0425,2,,HIGH,Bi-directional money flow detected
Circular Transfer,A0417,A0288,2,,HIGH,Bi-directional money flow detected
Circular Transfer,A0487,A0474,2,,HIGH,Bi-directional money flow detected
Circular Transfer,A0390,A0184,2,,HIGH,Bi-directional money flow detected
Circular Transfer,A0447,A0386,2,,HIGH,Bi-directional money flow detected
Circular Transfer,A0034,A0367,2,,HIGH,Bi-directional money flow detected
Circular Transfer,A0041,A0413,2,,HIGH,Bi-directional money flow detected
Circular Transfer,A0197,A0032,2,,HIGH,Bi-directional money flow detected
Circular Transfer,A0133,A0162,2,,HIGH,Bi-directional money flow detected
Circular Transfer,A0132,A0053,2,,HIGH,Bi-directional money flow detected
Circular Transfer,A0125,A0166,2,,HIGH,Bi-directional money flow detected
Circular Transfer,A0426,A0094,2,,HIGH,Bi-directional money flow detected
Circular Transfer,A0183,A0011,2,,HIGH,Bi-directional money flow detected
Circular Transfer,A0395,A0484,2,,HIGH,Bi-directional money flow detected
Circular Transfer,A0432,A0293,2,,HIGH,Bi-directional money flow detected
Circular Transfer,A0393,A0004,2,,HIGH,Bi-directional money flow detected
Circular Transfer,A0472,A0105,2,,HIGH,Bi-directional money flow detected
Circular Transfer,A0005,A0129,2,,HIGH,Bi-directional money flow detected
Circular Transfer,A0059,A0227,2,,HIGH,Bi-directional money flow detected
Circular Transfer,A0252,A0380,2,,HIGH,Bi-directional money flow detected
Circular Transfer,A0380,A0237,2,,HIGH,Bi-directional money flow detected
Circular Transfer,A0409,A0392,2,,HIGH,Bi-directional money flow detected
Circular Transfer,A0099,A0453,2,,HIGH,Bi-directional money flow detected
Circular Transfer,A0474,A0121,2,,HIGH,Bi-directional money flow detected
Circular Transfer,A0051,A0133,2,,HIGH,Bi-directional money flow detected
Circular Transfer,A0177,A0235,2,,HIGH,Bi-directional money flow detected
Circular Transfer,A0238,A0472,2,,HIGH,Bi-directional money flow detected
Circular Transfer,A0134,A0371,2,,HIGH,Bi-directional money flow detected
Circular Transfer,A0254,A0195,2,,HIGH,Bi-directional money flow detected
Circular Transfer,A0231,A0295,2,,HIGH,Bi-directional money flow detected
Circular Transfer,A0008,A0069,2,,HIGH,Bi-directional money flow detected
Circular Transfer,A0361,A0063,2,,HIGH,Bi-directional money flow detected
Circular Transfer,A0215,A0401,2,,HIGH,Bi-directional money flow detected
Circular Transfer,A0149,A0445,2,,HIGH,Bi-directional money flow detected
Circular Transfer,A0238,A0337,2,,HIGH,Bi-directional money flow detected
Circular Transfer,A0414,A0331,2,,HIGH,Bi-directional money flow detected
Circular Transfer,A0208,A0315,2,,HIGH,Bi-directional money flow detected
Circular Transfer,A0366,A0480,2,,HIGH,Bi-directional money flow detected
Circular Transfer,A0147,A0334,2,,HIGH,Bi-directional money flow detected
Circular Transfer,A0082,A0100,2,,HIGH,Bi-directional money flow detected
Circular Transfer,A0118,A0175,2,,HIGH,Bi-directional money flow detected
Circular Transfer,A0488,A0219,2,,HIGH,Bi-directional money flow detected
Circular Transfer,A0338,A0155,2,,HIGH,Bi-directional money flow detected
Circular Transfer,A0418,A0110,2,,HIGH,Bi-directional money flow detected
Circular Transfer,A0297,A0396,2,,HIGH,Bi-directional money flow detected
Circular Transfer,A0119,A0050,2,,HIGH,Bi-directional money flow detected
Circular Transfer,A0265,A0384,2,,HIGH,Bi-directional money flow detected
Circular Transfer,A0371,A0037,2,,HIGH,Bi-directional money flow detected
Circular Transfer,A0125,A0427,2,,HIGH,Bi-directional money flow detected
Circular Transfer,A0382,A0354,2,,HIGH,Bi-directional money flow detected
Circular Transfer,A0297,A0170,2,,HIGH,Bi-directional money flow detected
Circular Transfer,A0285,A0288,2,,HIGH,Bi-directional money flow detected
Circular Transfer,A0187,A0081,2,,HIGH,Bi-directional money flow detected
Circular Transfer,A0472,A0287,2,,HIGH,Bi-directional money flow detected
Circular Transfer,A0392,A0080,2,,HIGH,Bi-directional money flow detected
Circular Transfer,A0140,A0488,2,,HIGH,Bi-directional money flow detected
Circular Transfer,A0436,A0429,2,,HIGH,Bi-directional money flow detected
Circular Transfer,A0147,A0426,2,,HIGH,Bi-directional money flow detected
Circular Transfer,A0132,A0213,2,,HIGH,Bi-directional money flow detected
Circular Transfer,A0408,A0447,2,,HIGH,Bi-directional money flow detected
Circular Transfer,A0366,A0238,2,,HIGH,Bi-directional money flow detected
Circular Transfer,A0425,A0148,2,,HIGH,Bi-directional money flow detected
Circular Transfer,A0025,A0375,2,,HIGH,Bi-directional money flow detected
Circular Transfer,A0411,A0357,2,,HIGH,Bi-directional money flow detected
Circular Transfer,A0394,A0181,2,,HIGH,Bi-directional money flow detected
Circular Transfer,A0109,A0203,2,,HIGH,Bi-directional money flow detected
Circular Transfer,A0141,A0259,2,,HIGH,Bi-directional money flow detected
Circular Transfer,A0470,A0475,2,,HIGH,Bi-directional money flow detected
Circular Transfer,A0257,A0395,2,,HIGH,Bi-directional money flow detected
Circular Transfer,A0296,A0222,2,,HIGH,Bi-directional money flow detected
Circular Transfer,A0427,A0453,2,,HIGH,Bi-directional money flow detected
Circular Transfer,A0207,A0161,2,,HIGH,Bi-directional money flow detected
Circular Transfer,A0376,A0381,2,,HIGH,Bi-directional money flow detected
Circular Transfer,A0399,A0395,2,,HIGH,Bi-directional money flow detected
Circular Transfer,A0152,A0278,2,,HIGH,Bi-directional money flow detected
Circular Transfer,A0039,A0053,2,,HIGH,Bi-directional money flow detected
Circular Transfer,A0404,A0352,2,,HIGH,Bi-directional money flow detected
Circular Transfer,A0292,A0304,2,,HIGH,Bi-directional money flow detected
Circular Transfer,A0169,A0058,2,,HIGH,Bi-directional money flow detected
Circular Transfer,A0425,A0196,2,,HIGH,Bi-directional money flow detected
Circular Transfer,A0299,A0174,2,,HIGH,Bi-directional money flow detected
Circular Transfer,A0314,A0321,2,,HIGH,Bi-directional money flow detected
Circular Transfer,A0012,A0070,2,,HIGH,Bi-directional money flow detected
Circular Transfer,A0378,A0098,2,,HIGH,Bi-directional money flow detected
Circular Transfer,A0071,A0070,2,,HIGH,Bi-directional money flow detected
Circular Transfer,A0444,A0080,2,,HIGH,Bi-directional money flow detected
Circular Transfer,A0475,A0463,2,,HIGH,Bi-directional money flow detected
Circular Transfer,A0394,A0110,2,,HIGH,Bi-directional money flow detected
Circular Transfer,A0258,A0425,2,,HIGH,Bi-directional money flow detected
Circular Transfer,A0238,A0222,2,,HIGH,Bi-directional money flow detected
Circular Transfer,A0359,A0373,2,,HIGH,Bi-directional money flow detected
Circular Transfer,A0070,A0020,2,,HIGH,Bi-directional money flow detected
Circular Transfer,A0069,A0279,2,,HIGH,Bi-directional money flow detected
Circular Transfer,A0046,A0365,2,,HIGH,Bi-directional money flow detected
Circular Transfer,A0425,A0100,2,,HIGH,Bi-directional money flow detected
Circular Transfer,A0061,A0120,2,,HIGH,Bi-directional money flow detected
Circular Transfer,A0321,A0197,2,,HIGH,Bi-directional money flow detected
Circular Transfer,A0482,A0040,2,,HIGH,Bi-directional money flow detected
Circular Transfer,A0391,A0028,2,,HIGH,Bi-directional money flow detected
Circular Transfer,A0374,A0032,2,,HIGH,Bi-directional money flow detected
Circular Transfer,A0498,A0485,2,,HIGH,Bi-directional money flow detected
Circular Transfer,A0139,A0149,2,,HIGH,Bi-directional money flow detected
Circular Transfer,A0458,A0211,2,,HIGH,Bi-directional money flow detected
Circular Transfer,A0289,A0018,2,,HIGH,Bi-directional money flow detected
Circular Transfer,A0272,A0249,2,,HIGH,Bi-directional money flow detected
Circular Transfer,A0122,A0296,2,,HIGH,Bi-directional money flow detected
Circular Transfer,A0381,A0279,2,,HIGH,Bi-directional money flow detected
Circular Transfer,A0315,A0268,2,,HIGH,Bi-directional money flow detected
Circular Transfer,A0348,A0067,2,,HIGH,Bi-directional money flow detected
Circular Transfer,A0400,A0471,2,,HIGH,Bi-directional money flow detected
Circular Transfer,A0159,A0200,2,,HIGH,Bi-directional money flow detected
Circular Transfer,A0348,A0481,2,,HIGH,Bi-directional money flow detected
Circular Transfer,A0007,A0032,2,,HIGH,Bi-directional money flow detected
Circular Transfer,A0051,A0139,2,,HIGH,Bi-directional money flow detected
Circular Transfer,A0026,A0419,2,,HIGH,Bi-directional money flow detected
Circular Transfer,A0143,A0091,2,,HIGH,Bi-directional money flow detected
Circular Transfer,A0184,A0490,2,,HIGH,Bi-directional money flow detected
Circular Transfer,A0291,A0445,2,,HIGH,Bi-directional money flow detected
Circular Transfer,A0232,A0467,2,,HIGH,Bi-directional money flow detected
Circular Transfer,A0140,A0319,2,,HIGH,Bi-directional money flow detected
Circular Transfer,A0439,A0050,2,,HIGH,Bi-directional money flow detected
Circular Transfer,A0321,A0323,2,,HIGH,Bi-directional money flow detected
Circular Transfer,A0018,A0283,2,,HIGH,Bi-directional money flow detected
Circular Transfer,A0271,A0375,2,,HIGH,Bi-directional money flow detected
Circular Transfer,A0157,A0217,2,,HIGH,Bi-directional money flow detected
Circular Transfer,A0385,A0374,2,,HIGH,Bi-directional money flow detected
Circular Transfer,A0414,A0168,2,,HIGH,Bi-directional money flow detected
Circular Transfer,A0245,A0080,2,,HIGH,Bi-directional money flow detected
Circular Transfer,A0265,A0473,2,,HIGH,Bi-directional money flow detected
Circular Transfer,A0448,A0496,2,,HIGH,Bi-directional money flow detected
Circular Transfer,A0210,A0400,2,,HIGH,Bi-directional money flow detected
Circular Transfer,A0497,A0351,2,,HIGH,Bi-directional money flow detected
Circular Transfer,A0179,A0040,2,,HIGH,Bi-directional money flow detected
Circular Transfer,A0104,A0242,2,,HIGH,Bi-directional money flow detected
Circular Transfer,A0110,A0050,2,,HIGH,Bi-directional money flow detected
Circular Transfer,A0165,A0362,2,,HIGH,Bi-directional money flow detected
Circular Transfer,A0116,A0323,2,,HIGH,Bi-directional money flow detected
Circular Transfer,A0279,A0321,2,,HIGH,Bi-directional money flow detected
Circular Transfer,A0394,A0367,2,,HIGH,Bi-directional money flow detected
Circular Transfer,A0425,A0114,2,,HIGH,Bi-directional money flow detected
Circular Transfer,A0227,A0262,2,,HIGH,Bi-directional money flow detected
Circular Transfer,A0396,A0252,2,,HIGH,Bi-directional money flow detected
Circular Transfer,A0488,A0439,2,,HIGH,Bi-directional money flow detected
Circular Transfer,A0032,A0362,2,,HIGH,Bi-directional money flow detected
Circular Transfer,A0050,A0152,2,,HIGH,Bi-directional money flow detected
Circular Transfer,A0375,A0370,2,,HIGH,Bi-directional money flow detected
Circular Transfer,A0185,A0408,2,,HIGH,Bi-directional money flow detected
Circular Transfer,A0116,A0112,2,,HIGH,Bi-directional money flow detected
Circular Transfer,A0007,A0242,2,,HIGH,Bi-directional money flow detected
Circular Transfer,A0009,A0212,2,,HIGH,Bi-directional money flow detected
Circular Transfer,A0061,A0192,2,,HIGH,Bi-directional money flow detected
Circular Transfer,A0201,A0035,2,,HIGH,Bi-directional money flow detected
Circular Transfer,A0319,A0440,2,,HIGH,Bi-directional money flow detected
Circular Transfer,A0328,A0116,2,,HIGH,Bi-directional money flow detected
Circular Transfer,A0160,A0217,2,,HIGH,Bi-directional money flow detected
Circular Transfer,A0326,A0249,2,,HIGH,Bi-directional money flow detected
Circular Transfer,A0201,A0337,2,,HIGH,Bi-directional money flow detected
Circular Transfer,A0206,A0315,2,,HIGH,Bi-directional money flow detected
Circular Transfer,A0108,A0384,2,,HIGH,Bi-directional money flow detected
Circular Transfer,A0272,A0044,2,,HIGH,Bi-directional money flow detected
Circular Transfer,A0373,A0183,2,,HIGH,Bi-directional money flow detected
Circular Transfer,A0225,A0119,2,,HIGH,Bi-directional money flow detected
Circular Transfer,A0003,A0236,2,,HIGH,Bi-directional money flow detected
Circular Transfer,A0305,A0200,2,,HIGH,Bi-directional money flow detected
Circular Transfer,A0420,A0242,2,,HIGH,Bi-directional money flow detected
Circular Transfer,A0200,A0429,2,,HIGH,Bi-directional money flow detected
Circular Transfer,A0466,A0122,2,,HIGH,Bi-directional money flow detected
Circular Transfer,A0452,A0113,2,,HIGH,Bi-directional money flow detected
Circular Transfer,A0214,A0174,2,,HIGH,Bi-directional money flow detected
Circular Transfer,A0200,A0099,2,,HIGH,Bi-directional money flow detected
Circular Transfer,A0425,A0098,2,,HIGH,Bi-directional money flow detected
Circular Transfer,A0069,A0290,2,,HIGH,Bi-directional money flow detected
Circular Transfer,A0495,A0461,2,,HIGH,Bi-directional money flow detected
Circular Transfer,A0060,A0167,2,,HIGH,Bi-directional money flow detected
Circular Transfer,A0406,A0205,2,,HIGH,Bi-directional money flow detected
Circular Transfer,A0280,A0087,2,,HIGH,Bi-directional money flow detected
Circular Transfer,A0187,A0449,2,,HIGH,Bi-directional money flow detected
Circular Transfer,A0462,A0354,2,,HIGH,Bi-directional money flow detected
Circular Transfer,A0155,A0188,2,,HIGH,Bi-directional money flow detected
Circular Transfer,A0363,A0467,2,,HIGH,Bi-directional money flow detected
Circular Transfer,A0016,A0042,2,,HIGH,Bi-directional money flow detected
Circular Transfer,A0482,A0154,2,,HIGH,Bi-directional money flow detected
Circular Transfer,A0097,A0456,2,,HIGH,Bi-directional money flow detected
Circular Transfer,A0375,A0097,2,,HIGH,Bi-directional money flow detected
Circular Transfer,A0151,A0024,2,,HIGH,Bi-directional money flow detected
Circular Transfer,A0406,A0265,2,,HIGH,Bi-directional money flow detected
Circular Transfer,A0029,A0274,2,,HIGH,Bi-directional money flow detected
Circular Transfer,A0316,A0205,2,,HIGH,Bi-directional money flow detected
Circular Transfer,A0168,A0455,2,,HIGH,Bi-directional money flow detected
Circular Transfer,A0117,A0132,2,,HIGH,Bi-directional money flow detected
Circular Transfer,A0053,A0249,2,,HIGH,Bi-directional money flow detected
Circular Transfer,A0341,A0056,2,,HIGH,Bi-directional money flow detected
Circular Transfer,A0041,A0425,2,,HIGH,Bi-directional money flow detected
Circular Transfer,A0051,A0024,2,,HIGH,Bi-directional money flow detected
Circular Transfer,A0322,A0028,2,,HIGH,Bi-directional money flow detected
Circular Transfer,A0295,A0174,2,,HIGH,Bi-directional money flow detected
Circular Transfer,A0315,A0375,2,,HIGH,Bi-directional money flow detected
Circular Transfer,A0130,A0277,2,,HIGH,Bi-directional money flow detected
Circular Transfer,A0326,A0363,2,,HIGH,Bi-directional money flow detected
Circular Transfer,A0256,A0070,2,,HIGH,Bi-directional money flow detected
Circular Transfer,A0036,A0384,2,,HIGH,Bi-directional money flow detected
Circular Transfer,A0295,A0141,2,,HIGH,Bi-directional money flow detected
Circular Transfer,A0238,A0496,2,,HIGH,Bi-directional money flow detected
Circular Transfer,A0355,A0409,2,,HIGH,Bi-directional money flow detected
Circular Transfer,A0078,A0498,2,,HIGH,Bi-directional money flow detected
Circular Transfer,A0238,A0398,2,,HIGH,Bi-directional money flow detected
Circular Transfer,A0490,A0252,2,,HIGH,Bi-directional money flow detected
Circular Transfer,A0475,A0037,2,,HIGH,Bi-directional money flow detected
Circular Transfer,A0284,A0269,2,,HIGH,Bi-directional money flow detected
Circular Transfer,A0341,A0064,2,,HIGH,Bi-directional money flow detected
Circular Transfer,A0285,A0378,2,,HIGH,Bi-directional money flow detected
Circular Transfer,A0218,A0320,2,,HIGH,Bi-directional money flow detected
Circular Transfer,A0373,A0142,2,,HIGH,Bi-directional money flow detected
Circular Transfer,A0313,A0457,2,,HIGH,Bi-directional money flow detected
Circular Transfer,A0405,A0188,2,,HIGH,Bi-directional money flow detected
Circular Transfer,A0097,A0473,2,,HIGH,Bi-directional money flow detected
Circular Transfer,A0264,A0007,2,,HIGH,Bi-directional money flow detected
Circular Transfer,A0038,A0333,2,,HIGH,Bi-directional money flow detected
Circular Transfer,A0360,A0242,2,,HIGH,Bi-directional money flow detected
Circular Transfer,A0496,A0401,2,,HIGH,Bi-directional money flow detected
Circular Transfer,A0194,A0106,2,,HIGH,Bi-directional money flow detected
Circular Transfer,A0033,A0331,2,,HIGH,Bi-directional money flow detected
Circular Transfer,A0386,A0029,2,,HIGH,Bi-directional money flow detected
Circular Transfer,A0187,A0075,2,,HIGH,Bi-directional money flow detected
Circular Transfer,A0240,A0429,2,,HIGH,Bi-directional money flow detected
Circular Transfer,A0095,A0070,2,,HIGH,Bi-directional money flow detected
Circular Transfer,A0277,A0481,2,,HIGH,Bi-directional money flow detected
Circular Transfer,A0240,A0099,2,,HIGH,Bi-directional money flow detected
Circular Transfer,A0088,A0357,2,,HIGH,Bi-directional money flow detected
Circular Transfer,A0466,A0481,2,,HIGH,Bi-directional money flow detected
Circular Transfer,A0495,A0270,2,,HIGH,Bi-directional money flow detected
Circular Transfer,A0439,A0150,2,,HIGH,Bi-directional money flow detected
Circular Transfer,A0211,A0198,2,,HIGH,Bi-directional money flow detected
Circular Transfer,A0183,A0351,2,,HIGH,Bi-directional money flow detected
Circular Transfer,A0383,A0088,2,,HIGH,Bi-directional money flow detected
Circular Transfer,A0236,A0209,2,,HIGH,Bi-directional money flow detected
Circular Transfer,A0339,A0360,2,,HIGH,Bi-directional money flow detected
Circular Transfer,A0433,A0420,2,,HIGH,Bi-directional money flow detected
Circular Transfer,A0497,A0086,2,,HIGH,Bi-directional money flow detected
Circular Transfer,A0094,A0333,2,,HIGH,Bi-directional money flow detected
Circular Transfer,A0031,A0205,2,,HIGH,Bi-directional money flow detected
Circular Transfer,A0360,A0095,2,,HIGH,Bi-directional money flow detected
Circular Transfer,A0053,A0178,2,,HIGH,Bi-directional money flow detected
Circular Transfer,A0245,A0401,2,,HIGH,Bi-directional money flow detected
Circular Transfer,A0012,A0420,2,,HIGH,Bi-directional money flow detected
Circular Transfer,A0097,A0118,2,,HIGH,Bi-directional money flow detected
Circular Transfer,A0440,A0374,2,,HIGH,Bi-directional money flow detected
Circular Transfer,A0350,A0456,2,,HIGH,Bi-directional money flow detected
Circular Transfer,A0252,A0008,2,,HIGH,Bi-directional money flow detected
Circular Transfer,A0133,A0191,2,,HIGH,Bi-directional money flow detected
Circular Transfer,A0075,A0318,2,,HIGH,Bi-directional money flow detected
Circular Transfer,A0431,A0473,2,,HIGH,Bi-directional money flow detected
Circular Transfer,A0062,A0470,2,,HIGH,Bi-directional money flow detected
Circular Transfer,A0040,A0075,2,,HIGH,Bi-directional money flow detected
Circular Transfer,A0393,A0188,2,,HIGH,Bi-directional money flow detected
Circular Transfer,A0416,A0438,2,,HIGH,Bi-directional money flow detected
Circular Transfer,A0188,A0447,2,,HIGH,Bi-directional money flow detected
Circular Transfer,A0044,A0300,2,,HIGH,Bi-directional money flow detected
Circular Transfer,A0358,A0388,2,,HIGH,Bi-directional money flow detected
Circular Transfer,A0190,A0400,2,,HIGH,Bi-directional money flow detected
Circular Transfer,A0023,A0171,2,,HIGH,Bi-directional money flow detected
Circular Transfer,A0412,A0318,2,,HIGH,Bi-directional money flow detected
Circular Transfer,A0037,A0486,2,,HIGH,Bi-directional money flow detected
Circular Transfer,A0335,A0352,2,,HIGH,Bi-directional money flow detected
Circular Transfer,A0429,A0075,2,,HIGH,Bi-directional money flow detected
Circular Transfer,A0403,A0305,2,,HIGH,Bi-directional money flow detected
Circular Transfer,A0245,A0261,2,,HIGH,Bi-directional money flow detected
Circular Transfer,A0272,A0313,2,,HIGH,Bi-directional money flow detected
Circular Transfer,A0246,A0455,2,,HIGH,Bi-directional money flow detected
Circular Transfer,A0021,A0308,2,,HIGH,Bi-directional money flow detected
Circular Transfer,A0200,A0317,2,,HIGH,Bi-directional money flow detected
Circular Transfer,A0103,A0355,2,,HIGH,Bi-directional money flow detected
Circular Transfer,A0294,A0104,2,,HIGH,Bi-directional money flow detected
Circular Transfer,A0065,A0005,2,,HIGH,Bi-directional money flow detected
Circular Transfer,A0330,A0383,2,,HIGH,Bi-directional money flow detected
Circular Transfer,A0250,A0229,2,,HIGH,Bi-directional money flow detected
Circular Transfer,A0468,A0084,2,,HIGH,Bi-directional money flow detected
Circular Transfer,A0126,A0044,2,,HIGH,Bi-directional money flow detected
Circular Transfer,A0184,A0469,2,,HIGH,Bi-directional money flow detected
Circular Transfer,A0215,A0422,2,,HIGH,Bi-directional money flow detected
Circular Transfer,A0138,A0050,2,,HIGH,Bi-directional money flow detected
Circular Transfer,A0487,A0200,2,,HIGH,Bi-directional money flow detected
Circular Transfer,A0026,A0254,2,,HIGH,Bi-directional money flow detected
Circular Transfer,A0012,A0017,2,,HIGH,Bi-directional money flow detected
Circular Transfer,A0031,A0188,2,,HIGH,Bi-directional money flow detected
Circular Transfer,A0308,A0098,2,,HIGH,Bi-directional money flow detected
Circular Transfer,A0023,A0011,2,,HIGH,Bi-directional money flow detected
Circular Transfer,A0160,A0478,2,,HIGH,Bi-directional money flow detected
Circular Transfer,A0305,A0282,2,,HIGH,Bi-directional money flow detected
Circular Transfer,A0137,A0373,2,,HIGH,Bi-directional money flow detected
Circular Transfer,A0254,A0122,2,,HIGH,Bi-directional money flow detected
Circular Transfer,A0370,A0387,2,,HIGH,Bi-directional money flow detected
Circular Transfer,A0105,A0454,2,,HIGH,Bi-directional money flow detected
Circular Transfer,A0093,A0406,2,,HIGH,Bi-directional money flow detected
Circular Transfer,A0160,A0224,2,,HIGH,Bi-directional money flow detected
Circular Transfer,A0038,A0113,2,,HIGH,Bi-directional money flow detected
Circular Transfer,A0349,A0320,2,,HIGH,Bi-directional money flow detected
Circular Transfer,A0077,A0339,2,,HIGH,Bi-directional money flow detected
Circular Transfer,A0460,A0011,2,,HIGH,Bi-directional money flow detected
Circular Transfer,A0119,A0114,2,,HIGH,Bi-directional money flow detected
Circular Transfer,A0468,A0431,2,,HIGH,Bi-directional money flow detected
Circular Transfer,A0168,A0094,2,,HIGH,Bi-directional money flow detected
Circular Transfer,A0237,A0241,2,,HIGH,Bi-directional money flow detected
Circular Transfer,A0349,A0302,2,,HIGH,Bi-directional money flow detected
Circular Transfer,A0407,A0318,2,,HIGH,Bi-directional money flow detected
Circular Transfer,A0243,A0374,2,,HIGH,Bi-directional money flow detected
Circular Transfer,A0238,A0304,2,,HIGH,Bi-directional money flow detected
Circular Transfer,A0100,A0410,2,,HIGH,Bi-directional money flow detected
Circular Transfer,A0483,A0023,2,,HIGH,Bi-directional money flow detected
Circular Transfer,A0324,A0028,2,,HIGH,Bi-directional money flow detected
Circular Transfer,A0452,A0055,2,,HIGH,Bi-directional money flow detected
Circular Transfer,A0234,A0495,2,,HIGH,Bi-directional money flow detected
Circular Transfer,A0429,A0473,2,,HIGH,Bi-directional money flow detected
Circular Transfer,A0219,A0043,2,,HIGH,Bi-directional money flow detected
Circular Transfer,A0391,A0367,2,,HIGH,Bi-directional money flow detected
Circular Transfer,A0265,A0192,2,,HIGH,Bi-directional money flow detected
Circular Transfer,A0057,A0426,2,,HIGH,Bi-directional money flow detected
Circular Transfer,A0294,A0475,2,,HIGH,Bi-directional money flow detected
Circular Transfer,A0104,A0368,2,,HIGH,Bi-directional money flow detected
Circular Transfer,A0028,A0192,2,,HIGH,Bi-directional money flow detected
Circular Transfer,A0099,A0469,2,,HIGH,Bi-directional money flow detected
Circular Transfer,A0269,A0296,2,,HIGH,Bi-directional money flow detected
Circular Transfer,A0252,A0436,2,,HIGH,Bi-directional money flow detected
Circular Transfer,A0394,A0085,2,,HIGH,Bi-directional money flow detected
Circular Transfer,A0347,A0134,2,,HIGH,Bi-directional money flow detected
Circular Transfer,A0157,A0390,2,,HIGH,Bi-directional money flow detected
Circular Transfer,A0297,A0246,2,,HIGH,Bi-directional money flow detected
Circular Transfer,A0237,A0120,2,,HIGH,Bi-directional money flow detected
Circular Transfer,A0332,A0259,2,,HIGH,Bi-directional money flow detected
Circular Transfer,A0248,A0024,2,,HIGH,Bi-directional money flow detected
Circular Transfer,A0106,A0061,2,,HIGH,Bi-directional money flow detected
Circular Transfer,A0456,A0425,2,,HIGH,Bi-directional money flow detected
Circular Transfer,A0016,A0335,2,,HIGH,Bi-directional money flow detected
Circular Transfer,A0138,A0167,2,,HIGH,Bi-directional money flow detected
Circular Transfer,A0256,A0272,2,,HIGH,Bi-directional money flow detected
Circular Transfer,A0050,A0235,2,,HIGH,Bi-directional money flow detected
Circular Transfer,A0278,A0151,2,,HIGH,Bi-directional money flow detected
Circular Transfer,A0198,A0208,2,,HIGH,Bi-directional money flow detected
Circular Transfer,A0221,A0348,2,,HIGH,Bi-directional money flow detected
Circular Transfer,A0408,A0439,2,,HIGH,Bi-directional money flow detected
Circular Transfer,A0293,A0493,2,,HIGH,Bi-directional money flow detected
Circular Transfer,A0053,A0252,2,,HIGH,Bi-directional money flow detected
Circular Transfer,A0133,A0205,2,,HIGH,Bi-directional money flow detected
Circular Transfer,A0060,A0070,2,,HIGH,Bi-directional money flow detected
Circular Transfer,A0265,A0331,2,,HIGH,Bi-directional money flow detected
Circular Transfer,A0271,A0265,2,,HIGH,Bi-directional money flow detected
Circular Transfer,A0146,A0208,2,,HIGH,Bi-directional money flow detected
Circular Transfer,A0398,A0208,2,,HIGH,Bi-directional money flow detected
Circular Transfer,A0257,A0150,2,,HIGH,Bi-directional money flow detected
Circular Transfer,A0118,A0389,2,,HIGH,Bi-directional money flow detected
Circular Transfer,A0464,A0241,2,,HIGH,Bi-directional money flow detected
Circular Transfer,A0306,A0401,2,,HIGH,Bi-directional money flow detected
Circular Transfer,A0211,A0254,2,,HIGH,Bi-directional money flow detected
Circular Transfer,A0183,A0086,2,,HIGH,Bi-directional money flow detected
Circular Transfer,A0247,A0111,2,,HIGH,Bi-directional money flow detected
Circular Transfer,A0282,A0133,2,,HIGH,Bi-directional money flow detected
Circular Transfer,A0064,A0008,2,,HIGH,Bi-directional money flow detected
Circular Transfer,A0399,A0150,2,,HIGH,Bi-directional money flow detected
Circular Transfer,A0224,A0129,2,,HIGH,Bi-directional money flow detected
Circular Transfer,A0079,A0433,2,,HIGH,Bi-directional money flow detected
Circular Transfer,A0352,A0067,2,,HIGH,Bi-directional money flow detected
Circular Transfer,A0175,A0139,2,,HIGH,Bi-directional money flow detected
Circular Transfer,A0395,A0415,2,,HIGH,Bi-directional money flow detected
Circular Transfer,A0171,A0106,2,,HIGH,Bi-directional money flow detected
Circular Transfer,A0218,A0271,2,,HIGH,Bi-directional money flow detected
Circular Transfer,A0155,A0374,2,,HIGH,Bi-directional money flow detected
Circular Transfer,A0325,A0263,2,,HIGH,Bi-directional money flow detected
Circular Transfer,A0267,A0141,2,,HIGH,Bi-directional money flow detected
Circular Transfer,A0070,A0248,2,,HIGH,Bi-directional money flow detected
Circular Transfer,A0379,A0142,2,,HIGH,Bi-directional money flow detected
Circular Transfer,A0294,A0290,2,,HIGH,Bi-directional money flow detected
Circular Transfer,A0210,A0045,2,,HIGH,Bi-directional money flow detected
Circular Transfer,A0294,A0168,2,,HIGH,Bi-directional money flow detected
Circular Transfer,A0065,A0330,2,,HIGH,Bi-directional money flow detected
Circular Transfer,A0318,A0261,2,,HIGH,Bi-directional money flow detected
Circular Transfer,A0350,A0282,2,,HIGH,Bi-directional money flow detected
Circular Transfer,A0332,A0184,2,,HIGH,Bi-directional money flow detected
Circular Transfer,A0453,A0019,2,,HIGH,Bi-directional money flow detected
Circular Transfer,A0286,A0162,2,,HIGH,Bi-directional money flow detected
Circular Transfer,A0495,A0155,2,,HIGH,Bi-directional money flow detected
Circular Transfer,A0361,A0149,2,,HIGH,Bi-directional money flow detected
Circular Transfer,A0232,A0447,2,,HIGH,Bi-directional money flow detected
Circular Transfer,A0472,A0255,2,,HIGH,Bi-directional money flow detected
Circular Transfer,A0439,A0231,2,,HIGH,Bi-directional money flow detected
Circular Transfer,A0077,A0415,2,,HIGH,Bi-directional money flow detected
Circular Transfer,A0346,A0204,2,,HIGH,Bi-directional money flow detected
Circular Transfer,A0433,A0395,2,,HIGH,Bi-directional money flow detected
Circular Transfer,A0227,A0494,2,,HIGH,Bi-directional money flow detected
Circular Transfer,A0468,A0309,2,,HIGH,Bi-directional money flow detected
Circular Transfer,A0152,A0349,2,,HIGH,Bi-directional money flow detected
Circular Transfer,A0153,A0283,2,,HIGH,Bi-directional money flow detected
Circular Transfer,A0467,A0172,2,,HIGH,Bi-directional money flow detected
Circular Transfer,A0106,A0262,2,,HIGH,Bi-directional money flow detected
Circular Transfer,A0119,A0302,2,,HIGH,Bi-directional money flow detected
Circular Transfer,A0145,A0072,2,,HIGH,Bi-directional money flow detected
Circular Transfer,A0242,A0136,2,,HIGH,Bi-directional money flow detected
Circular Transfer,A0156,A0421,2,,HIGH,Bi-directional money flow detected
Circular Transfer,A0194,A0117,2,,HIGH,Bi-directional money flow detected
Circular Transfer,A0146,A0152,2,,HIGH,Bi-directional money flow detected
Circular Transfer,A0451,A0215,2,,HIGH,Bi-directional money flow detected
Circular Transfer,A0336,A0353,2,,HIGH,Bi-directional money flow detected
Circular Transfer,A0322,A0244,2,,HIGH,Bi-directional money flow detected
Circular Transfer,A0275,A0198,2,,HIGH,Bi-directional money flow detected
Circular Transfer,A0396,A0222,2,,HIGH,Bi-directional money flow detected
Circular Transfer,A0126,A0106,2,,HIGH,Bi-directional money flow detected
Circular Transfer,A0353,A0396,2,,HIGH,Bi-directional money flow detected
Circular Transfer,A0173,A0176,2,,HIGH,Bi-directional money flow detected
Circular Transfer,A0338,A0289,2,,HIGH,Bi-directional money flow detected
Circular Transfer,A0352,A0462,2,,HIGH,Bi-directional money flow detected
Circular Transfer,A0490,A0117,2,,HIGH,Bi-directional money flow detected
Circular Transfer,A0470,A0443,2,,HIGH,Bi-directional money flow detected
Circular Transfer,A0316,A0374,2,,HIGH,Bi-directional money flow detected
Circular Transfer,A0436,A0309,2,,HIGH,Bi-directional money flow detected
Circular Transfer,A0405,A0426,2,,HIGH,Bi-directional money flow detected
Circular Transfer,A0189,A0299,2,,HIGH,Bi-directional money flow detected
Circular Transfer,A0084,A0346,2,,HIGH,Bi-directional money flow detected
Circular Transfer,A0426,A0269,2,,HIGH,Bi-directional money flow detected
Circular Transfer,A0306,A0170,2,,HIGH,Bi-directional money flow detected
Circular Transfer,A0478,A0453,2,,HIGH,Bi-directional money flow detected
Circular Transfer,A0192,A0362,2,,HIGH,Bi-directional money flow detected
Circular Transfer,A0157,A0298,2,,HIGH,Bi-directional money flow detected
Circular Transfer,A0037,A0070,2,,HIGH,Bi-directional money flow detected
Circular Transfer,A0409,A0427,2,,HIGH,Bi-directional money flow detected
Circular Transfer,A0411,A0492,2,,HIGH,Bi-directional money flow detected
Circular Transfer,A0271,A0212,2,,HIGH,Bi-directional money flow detected
Circular Transfer,A0400,A0122,2,,HIGH,Bi-directional money flow detected
Circular Transfer,A0124,A0182,2,,HIGH,Bi-directional money flow detected
Circular Transfer,A0417,A0092,2,,HIGH,Bi-directional money flow detected
Circular Transfer,A0310,A0039,2,,HIGH,Bi-directional money flow detected
Circular Transfer,A0096,A0054,2,,HIGH,Bi-directional money flow detected
Circular Transfer,A0153,A0030,2,,HIGH,Bi-directional money flow detected
Circular Transfer,A0065,A0395,2,,HIGH,Bi-directional money flow detected
Circular Transfer,A0458,A0021,2,,HIGH,Bi-directional money flow detected
Circular Transfer,A0014,A0302,2,,HIGH,Bi-directional money flow detected
Circular Transfer,A0062,A0214,2,,HIGH,Bi-directional money flow detected
Circular Transfer,A0436,A0417,2,,HIGH,Bi-directional money flow detected
Circular Transfer,A0489,A0113,2,,HIGH,Bi-directional money flow detected
Circular Transfer,A0183,A0314,2,,HIGH,Bi-directional money flow detected
Circular Transfer,A0244,A0431,2,,HIGH,Bi-directional money flow detected
Circular Transfer,A0278,A0271,2,,HIGH,Bi-directional money flow detected
Circular Transfer,A0271,A0177,2,,HIGH,Bi-directional money flow detected
Circular Transfer,A0024,A0470,2,,HIGH,Bi-directional money flow detected
Circular Transfer,A0459,A0491,2,,HIGH,Bi-directional money flow detected
Circular Transfer,A0434,A0143,2,,HIGH,Bi-directional money flow detected
Circular Transfer,A0483,A0133,2,,HIGH,Bi-directional money flow detected
Circular Transfer,A0122,A0182,2,,HIGH,Bi-directional money flow detected
Circular Transfer,A0188,A0219,2,,HIGH,Bi-directional money flow detected
Circular Transfer,A0055,A0286,2,,HIGH,Bi-directional money flow detected
Circular Transfer,A0131,A0180,2,,HIGH,Bi-directional money flow detected
Circular Transfer,A0197,A0296,2,,HIGH,Bi-directional money flow detected
Circular Transfer,A0406,A0279,2,,HIGH,Bi-directional money flow detected
Circular Transfer,A0402,A0055,2,,HIGH,Bi-directional money flow detected
Circular Transfer,A0178,A0240,2,,HIGH,Bi-directional money flow detected
Circular Transfer,A0406,A0130,2,,HIGH,Bi-directional money flow detected
Circular Transfer,A0440,A0261,2,,HIGH,Bi-directional money flow detected
Circular Transfer,A0026,A0405,2,,HIGH,Bi-directional money flow detected
Circular Transfer,A0406,A0104,2,,HIGH,Bi-directional money flow detected
Circular Transfer,A0285,A0384,2,,HIGH,Bi-directional money flow detected
Circular Transfer,A0114,A0354,2,,HIGH,Bi-directional money flow detected
Circular Transfer,A0441,A0475,2,,HIGH,Bi-directional money flow detected
Circular Transfer,A0333,A0017,2,,HIGH,Bi-directional money flow detected
Circular Transfer,A0206,A0434,2,,HIGH,Bi-directional money flow detected
Circular Transfer,A0158,A0292,2,,HIGH,Bi-directional money flow detected
Circular Transfer,A0422,A0462,2,,HIGH,Bi-directional money flow detected
Circular Transfer,A0014,A0123,2,,HIGH,Bi-directional money flow detected
Circular Transfer,A0275,A0159,2,,HIGH,Bi-directional money flow detected
Circular Transfer,A0230,A0228,2,,HIGH,Bi-directional money flow detected
Circular Transfer,A0309,A0358,2,,HIGH,Bi-directional money flow detected
Circular Transfer,A0105,A0485,2,,HIGH,Bi-directional money flow detected
Circular Transfer,A0455,A0117,2,,HIGH,Bi-directional money flow detected
Circular Transfer,A0108,A0130,2,,HIGH,Bi-directional money flow detected
Circular Transfer,A0481,A0058,2,,HIGH,Bi-directional money flow detected
Circular Transfer,A0444,A0465,2,,HIGH,Bi-directional money flow detected
Circular Transfer,A0327,A0368,2,,HIGH,Bi-directional money flow detected
Circular Transfer,A0116,A0108,2,,HIGH,Bi-directional money flow detected
Circular Transfer,A0068,A0272,2,,HIGH,Bi-directional money flow detected
Circular Transfer,A0048,A0347,2,,HIGH,Bi-directional money flow detected
Circular Transfer,A0099,A0360,2,,HIGH,Bi-directional money flow detected
Circular Transfer,A0335,A0467,2,,HIGH,Bi-directional money flow detected
Circular Transfer,A0443,A0444,2,,HIGH,Bi-directional money flow detected
Circular Transfer,A0122,A0019,2,,HIGH,Bi-directional money flow detected
Circular Transfer,A0238,A0386,2,,HIGH,Bi-directional money flow detected
Circular Transfer,A0299,A0348,2,,HIGH,Bi-directional money flow detected
Circular Transfer,A0243,A0254,2,,HIGH,Bi-directional money flow detected
Circular Transfer,A0297,A0263,2,,HIGH,Bi-directional money flow detected
Circular Transfer,A0256,A0438,2,,HIGH,Bi-directional money flow detected
Circular Transfer,A0099,A0115,2,,HIGH,Bi-directional money flow detected
Circular Transfer,A0057,A0268,2,,HIGH,Bi-directional money flow detected
Circular Transfer,A0408,A0354,2,,HIGH,Bi-directional money flow detected
Circular Transfer,A0284,A0004,2,,HIGH,Bi-directional money flow detected
Circular Transfer,A0470,A0242,2,,HIGH,Bi-directional money flow detected
Circular Transfer,A0029,A0031,2,,HIGH,Bi-directional money flow detected
Circular Transfer,A0055,A0151,2,,HIGH,Bi-directional money flow detected
Circular Transfer,A0247,A0466,2,,HIGH,Bi-directional money flow detected
Circular Transfer,A0214,A0077,2,,HIGH,Bi-directional money flow detected
Circular Transfer,A0460,A0161,2,,HIGH,Bi-directional money flow detected
Circular Transfer,A0367,A0227,2,,HIGH,Bi-directional money flow detected
Circular Transfer,A0019,A0200,2,,HIGH,Bi-directional money flow detected
Circular Transfer,A0154,A0462,2,,HIGH,Bi-directional money flow detected
Circular Transfer,A0195,A0385,2,,HIGH,Bi-directional money flow detected
Circular Transfer,A0285,A0075,2,,HIGH,Bi-directional money flow detected
Circular Transfer,A0038,A0275,2,,HIGH,Bi-directional money flow detected
Circular Transfer,A0482,A0361,2,,HIGH,Bi-directional money flow detected
Circular Transfer,A0257,A0114,2,,HIGH,Bi-directional money flow detected
Circular Transfer,A0452,A0007,2,,HIGH,Bi-directional money flow detected
Circular Transfer,A0309,A0339,2,,HIGH,Bi-directional money flow detected
Circular Transfer,A0098,A0381,2,,HIGH,Bi-directional money flow detected
Circular Transfer,A0032,A0136,2,,HIGH,Bi-directional money flow detected
Circular Transfer,A0028,A0474,2,,HIGH,Bi-directional money flow detected
Circular Transfer,A0313,A0031,2,,HIGH,Bi-directional money flow detected
Circular Transfer,A0095,A0271,2,,HIGH,Bi-directional money flow detected
Circular Transfer,A0101,A0160,2,,HIGH,Bi-directional money flow detected
Circular Transfer,A0190,A0045,2,,HIGH,Bi-directional money flow detected
Circular Transfer,A0452,A0047,2,,HIGH,Bi-directional money flow detected
Circular Transfer,A0141,A0157,2,,HIGH,Bi-directional money flow detected
Circular Transfer,A0372,A0035,2,,HIGH,Bi-directional money flow detected
Circular Transfer,A0427,A0110,2,,HIGH,Bi-directional money flow detected
Circular Transfer,A0380,A0418,2,,HIGH,Bi-directional money flow detected
Circular Transfer,A0007,A0147,2,,HIGH,Bi-directional money flow detected
Circular Transfer,A0042,A0294,2,,HIGH,Bi-directional money flow detected
Circular Transfer,A0096,A0075,2,,HIGH,Bi-directional money flow detected
Circular Transfer,A0379,A0208,2,,HIGH,Bi-directional money flow detected
Circular Transfer,A0242,A0132,2,,HIGH,Bi-directional money flow detected
Circular Transfer,A0191,A0330,2,,HIGH,Bi-directional money flow detected
Circular Transfer,A0447,A0291,2,,HIGH,Bi-directional money flow detected
Circular Transfer,A0470,A0118,2,,HIGH,Bi-directional money flow detected
Circular Transfer,A0201,A0229,2,,HIGH,Bi-directional money flow detected
Circular Transfer,A0340,A0386,2,,HIGH,Bi-directional money flow detected
Circular Transfer,A0409,A0346,2,,HIGH,Bi-directional money flow detected
Circular Transfer,A0240,A0097,2,,HIGH,Bi-directional money flow detected
Circular Transfer,A0192,A0417,2,,HIGH,Bi-directional money flow detected
Circular Transfer,A0496,A0021,2,,HIGH,Bi-directional money flow detected
Circular Transfer,A0176,A0374,2,,HIGH,Bi-directional money flow detected
Circular Transfer,A0005,A0020,2,,HIGH,Bi-directional money flow detected
Circular Transfer,A0437,A0236,2,,HIGH,Bi-directional money flow detected
Circular Transfer,A0482,A0278,2,,HIGH,Bi-directional money flow detected
Circular Transfer,A0206,A0110,2,,HIGH,Bi-directional money flow detected
Circular Transfer,A0193,A0097,2,,HIGH,Bi-directional money flow detected
Circular Transfer,A0249,A0300,2,,HIGH,Bi-directional money flow detected
Circular Transfer,A0078,A0391,2,,HIGH,Bi-directional money flow detected
Circular Transfer,A0354,A0339,2,,HIGH,Bi-directional money flow detected
Circular Transfer,A0199,A0306,2,,HIGH,Bi-directional money flow detected
Circular Transfer,A0238,A0388,2,,HIGH,Bi-directional money flow detected
Circular Transfer,A0295,A0091,2,,HIGH,Bi-directional money flow detected
Circular Transfer,A0282,A0024,2,,HIGH,Bi-directional money flow detected
Circular Transfer,A0098,A0238,2,,HIGH,Bi-directional money flow detected
Circular Transfer,A0396,A0157,2,,HIGH,Bi-directional money flow detected
Circular Transfer,A0222,A0443,2,,HIGH,Bi-directional money flow detected
Circular Transfer,A0017,A0432,2,,HIGH,Bi-directional money flow detected
Circular Transfer,A0454,A0385,2,,HIGH,Bi-directional money flow detected
Circular Transfer,A0421,A0237,2,,HIGH,Bi-directional money flow detected
Circular Transfer,A0034,A0133,2,,HIGH,Bi-directional money flow detected
Circular Transfer,A0448,A0228,2,,HIGH,Bi-directional money flow detected
Circular Transfer,A0294,A0012,2,,HIGH,Bi-directional money flow detected
Circular Transfer,A0296,A0461,2,,HIGH,Bi-directional money flow detected
Circular Transfer,A0061,A0286,2,,HIGH,Bi-directional money flow detected
Circular Transfer,A0103,A0135,2,,HIGH,Bi-directional money flow detected
Circular Transfer,A0478,A0047,2,,HIGH,Bi-directional money flow detected
Circular Transfer,A0132,A0030,2,,HIGH,Bi-directional money flow detected
Circular Transfer,A0316,A0290,2,,HIGH,Bi-directional money flow detected
Circular Transfer,A0279,A0293,2,,HIGH,Bi-directional money flow detected
Circular Transfer,A0190,A0361,2,,HIGH,Bi-directional money flow detected
Circular Transfer,A0247,A0036,2,,HIGH,Bi-directional money flow detected
Circular Transfer,A0422,A0482,2,,HIGH,Bi-directional money flow detected
Circular Transfer,A0255,A0223,2,,HIGH,Bi-directional money flow detected
Circular Transfer,A0283,A0147,2,,HIGH,Bi-directional money flow detected
Circular Transfer,A0411,A0496,2,,HIGH,Bi-directional money flow detected
Circular Transfer,A0447,A0142,2,,HIGH,Bi-directional money flow detected
Circular Transfer,A0426,A0051,2,,HIGH,Bi-directional money flow detected
Circular Transfer,A0263,A0407,2,,HIGH,Bi-directional money flow detected
Circular Transfer,A0371,A0125,2,,HIGH,Bi-directional money flow detected
Circular Transfer,A0264,A0482,2,,HIGH,Bi-directional money flow detected
Circular Transfer,A0275,A0002,2,,HIGH,Bi-directional money flow detected
Circular Transfer,A0498,A0312,2,,HIGH,Bi-directional money flow detected
Circular Transfer,A0500,A0236,2,,HIGH,Bi-directional money flow detected
Circular Transfer,A0500,A0453,2,,HIGH,Bi-directional money flow detected
Circular Transfer,A0454,A0490,2,,HIGH,Bi-directional money flow detected
Circular Transfer,A0207,A0167,2,,HIGH,Bi-directional money flow detected
Circular Transfer,A0313,A0196,2,,HIGH,Bi-directional money flow detected
Circular Transfer,A0323,A0060,2,,HIGH,Bi-directional money flow detected
Circular Transfer,A0053,A0385,2,,HIGH,Bi-directional money flow detected
Circular Transfer,A0271,A0413,2,,HIGH,Bi-directional money flow detected
Circular Transfer,A0198,A0235,2,,HIGH,Bi-directional money flow detected
Circular Transfer,A0045,A0314,2,,HIGH,Bi-directional money flow detected
Circular Transfer,A0050,A0344,2,,HIGH,Bi-directional money flow detected
Circular Transfer,A0481,A0047,2,,HIGH,Bi-directional money flow detected
Circular Transfer,A0158,A0447,2,,HIGH,Bi-directional money flow detected
Circular Transfer,A0451,A0303,2,,HIGH,Bi-directional money flow detected
Circular Transfer,A0369,A0265,2,,HIGH,Bi-directional money flow detected
Circular Transfer,A0437,A0019,2,,HIGH,Bi-directional money flow detected
Circular Transfer,A0324,A0088,2,,HIGH,Bi-directional money flow detected
Circular Transfer,A0349,A0454,2,,HIGH,Bi-directional money flow detected
Circular Transfer,A0110,A0408,2,,HIGH,Bi-directional money flow detected
Circular Transfer,A0374,A0196,2,,HIGH,Bi-directional money flow detected
Circular Transfer,A0387,A0168,2,,HIGH,Bi-directional money flow detected
Circular Transfer,A0472,A0458,2,,HIGH,Bi-directional money flow detected
Circular Transfer,A0155,A0056,2,,HIGH,Bi-directional money flow detected
Circular Transfer,A0155,A0396,2,,HIGH,Bi-directional money flow detected
Circular Transfer,A0455,A0338,2,,HIGH,Bi-directional money flow detected
Circular Transfer,A0428,A0343,2,,HIGH,Bi-directional money flow detected
Circular Transfer,A0307,A0167,2,,HIGH,Bi-directional money flow detected
Circular Transfer,A0456,A0057,2,,HIGH,Bi-directional money flow detected
Circular Transfer,A0070,A0290,2,,HIGH,Bi-directional money flow detected
Circular Transfer,A0221,A0172,2,,HIGH,Bi-directional money flow detected
Circular Transfer,A0130,A0039,2,,HIGH,Bi-directional money flow detected
Circular Transfer,A0023,A0005,2,,HIGH,Bi-directional money flow detected
Circular Transfer,A0210,A0381,2,,HIGH,Bi-directional money flow detected
Circular Transfer,A0462,A0145,2,,HIGH,Bi-directional money flow detected
Circular Transfer,A0090,A0059,2,,HIGH,Bi-directional money flow detected
Circular Transfer,A0454,A0373,2,,HIGH,Bi-directional money flow detected
Circular Transfer,A0172,A0454,2,,HIGH,Bi-directional money flow detected
Circular Transfer,A0031,A0290,2,,HIGH,Bi-directional money flow detected
Circular Transfer,A0272,A0141,2,,HIGH,Bi-directional money flow detected
Circular Transfer,A0240,A0169,2,,HIGH,Bi-directional money flow detected
Circular Transfer,A0232,A0422,2,,HIGH,Bi-directional money flow detected
Circular Transfer,A0240,A0409,2,,HIGH,Bi-directional money flow detected
Circular Transfer,A0211,A0036,2,,HIGH,Bi-directional money flow detected
Circular Transfer,A0172,A0493,2,,HIGH,Bi-directional money flow detected
Circular Transfer,A0218,A0146,2,,HIGH,Bi-directional money flow detected
Circular Transfer,A0484,A0167,2,,HIGH,Bi-directional money flow detected
Circular Transfer,A0333,A0256,2,,HIGH,Bi-directional money flow detected
Circular Transfer,A0359,A0093,2,,HIGH,Bi-directional money flow detected
Circular Transfer,A0032,A0268,2,,HIGH,Bi-directional money flow detected
Circular Transfer,A0067,A0116,2,,HIGH,Bi-directional money flow detected
Circular Transfer,A0364,A0336,2,,HIGH,Bi-directional money flow detected
Circular Transfer,A0222,A0408,2,,HIGH,Bi-directional money flow detected
Circular Transfer,A0481,A0373,2,,HIGH,Bi-directional money flow detected
Circular Transfer,A0282,A0039,2,,HIGH,Bi-directional money flow detected
Circular Transfer,A0478,A0451,2,,HIGH,Bi-directional money flow detected
Circular Transfer,A0105,A0335,2,,HIGH,Bi-directional money flow detected
Circular Transfer,A0137,A0258,2,,HIGH,Bi-directional money flow detected
Circular Transfer,A0348,A0047,2,,HIGH,Bi-directional money flow detected
Circular Transfer,A0318,A0092,2,,HIGH,Bi-directional money flow detected
Circular Transfer,A0469,A0067,2,,HIGH,Bi-directional money flow detected
Circular Transfer,A0202,A0227,2,,HIGH,Bi-directional money flow detected
Circular Transfer,A0237,A0186,2,,HIGH,Bi-directional money flow detected
Circular Transfer,A0168,A0467,2,,HIGH,Bi-directional money flow detected
Circular Transfer,A0495,A0142,2,,HIGH,Bi-directional money flow detected
Circular Transfer,A0024,A0006,2,,HIGH,Bi-directional money flow detected
Circular Transfer,A0090,A0452,2,,HIGH,Bi-directional money flow detected
Circular Transfer,A0253,A0370,2,,HIGH,Bi-directional money flow detected
Circular Transfer,A0234,A0204,2,,HIGH,Bi-directional money flow detected
Circular Transfer,A0282,A0461,2,,HIGH,Bi-directional money flow detected
Circular Transfer,A0313,A0114,2,,HIGH,Bi-directional money flow detected
Circular Transfer,A0023,A0380,2,,HIGH,Bi-directional money flow detected
Circular Transfer,A0084,A0152,2,,HIGH,Bi-directional money flow detected
Circular Transfer,A0318,A0057,2,,HIGH,Bi-directional money flow detected
Circular Transfer,A0457,A0134,2,,HIGH,Bi-directional money flow detected
Circular Transfer,A0245,A0432,2,,HIGH,Bi-directional money flow detected
Circular Transfer,A0190,A0223,2,,HIGH,Bi-directional money flow detected
Circular Transfer,A0085,A0475,2,,HIGH,Bi-directional money flow detected
Circular Transfer,A0366,A0472,2,,HIGH,Bi-directional money flow detected
Circular Transfer,A0051,A0065,2,,HIGH,Bi-directional money flow detected
Circular Transfer,A0086,A0220,2,,HIGH,Bi-directional money flow detected
Circular Transfer,A0453,A0156,2,,HIGH,Bi-directional money flow detected
Circular Transfer,A0277,A0223,2,,HIGH,Bi-directional money flow detected
Circular Transfer,A0306,A0205,2,,HIGH,Bi-directional money flow detected
Circular Transfer,A0306,A0390,2,,HIGH,Bi-directional money flow detected
Circular Transfer,A0094,A0207,2,,HIGH,Bi-directional money flow detected
Circular Transfer,A0393,A0193,2,,HIGH,Bi-directional money flow detected
Circular Transfer,A0307,A0230,2,,HIGH,Bi-directional money flow detected
Circular Transfer,A0037,A0125,2,,HIGH,Bi-directional money flow detected
Circular Transfer,A0302,A0223,2,,HIGH,Bi-directional money flow detected
Circular Transfer,A0111,A0162,2,,HIGH,Bi-directional money flow detected
Circular Transfer,A0363,A0036,2,,HIGH,Bi-directional money flow detected
Circular Transfer,A0415,A0132,2,,HIGH,Bi-directional money flow detected
Circular Transfer,A0323,A0176,2,,HIGH,Bi-directional money flow detected
Circular Transfer,A0384,A0022,2,,HIGH,Bi-directional money flow detected
Circular Transfer,A0044,A0334,2,,HIGH,Bi-directional money flow detected
Circular Transfer,A0274,A0179,2,,HIGH,Bi-directional money flow detected
Circular Transfer,A0249,A0422,2,,HIGH,Bi-directional money flow detected
Circular Transfer,A0012,A0150,2,,HIGH,Bi-directional money flow detected
Circular Transfer,A0472,A0227,2,,HIGH,Bi-directional money flow detected
Circular Transfer,A0196,A0321,2,,HIGH,Bi-directional money flow detected
Circular Transfer,A0106,A0190,2,,HIGH,Bi-directional money flow detected
Circular Transfer,A0287,A0073,2,,HIGH,Bi-directional money flow detected
Circular Transfer,A0458,A0487,2,,HIGH,Bi-directional money flow detected
Circular Transfer,A0461,A0012,2,,HIGH,Bi-directional money flow detected
Circular Transfer,A0344,A0105,2,,HIGH,Bi-directional money flow detected
Circular Transfer,A0149,A0341,2,,HIGH,Bi-directional money flow detected
Circular Transfer,A0454,A0101,2,,HIGH,Bi-directional money flow detected
Circular Transfer,A0495,A0229,2,,HIGH,Bi-directional money flow detected
Circular Transfer,A0070,A0056,2,,HIGH,Bi-directional money flow detected
Circular Transfer,A0070,A0396,2,,HIGH,Bi-directional money flow detected
Circular Transfer,A0111,A0401,2,,HIGH,Bi-directional money flow detected
Circular Transfer,A0454,A0371,2,,HIGH,Bi-directional money flow detected
Circular Transfer,A0495,A0059,2,,HIGH,Bi-directional money flow detected
Circular Transfer,A0435,A0281,2,,HIGH,Bi-directional money flow detected
Circular Transfer,A0482,A0076,2,,HIGH,Bi-directional money flow detected
Circular Transfer,A0273,A0278,2,,HIGH,Bi-directional money flow detected
Circular Transfer,A0015,A0276,2,,HIGH,Bi-directional money flow detected
Circular Transfer,A0428,A0490,2,,HIGH,Bi-directional money flow detected
Circular Transfer,A0235,A0122,2,,HIGH,Bi-directional money flow detected
Circular Transfer,A0304,A0325,2,,HIGH,Bi-directional money flow detected
Circular Transfer,A0057,A0362,2,,HIGH,Bi-directional money flow detected
Circular Transfer,A0472,A0369,2,,HIGH,Bi-directional money flow detected
Circular Transfer,A0077,A0081,2,,HIGH,Bi-directional money flow detected
Circular Transfer,A0304,A0129,2,,HIGH,Bi-directional money flow detected
Circular Transfer,A0454,A0028,2,,HIGH,Bi-directional money flow detected
Circular Transfer,A0160,A0418,2,,HIGH,Bi-directional money flow detected
Circular Transfer,A0369,A0354,2,,HIGH,Bi-directional money flow detected
Circular Transfer,A0084,A0112,2,,HIGH,Bi-directional money flow detected
Circular Transfer,A0452,A0156,2,,HIGH,Bi-directional money flow detected
Circular Transfer,A0377,A0331,2,,HIGH,Bi-directional money flow detected
Circular Transfer,A0399,A0271,2,,HIGH,Bi-directional money flow detected
Circular Transfer,A0109,A0023,2,,HIGH,Bi-directional money flow detected
Circular Transfer,A0319,A0473,2,,HIGH,Bi-directional money flow detected
Circular Transfer,A0377,A0104,2,,HIGH,Bi-directional money flow detected
Circular Transfer,A0333,A0050,2,,HIGH,Bi-directional money flow detected
Circular Transfer,A0076,A0464,2,,HIGH,Bi-directional money flow detected
Circular Transfer,A0302,A0189,2,,HIGH,Bi-directional money flow detected
Circular Transfer,A0416,A0231,2,,HIGH,Bi-directional money flow detected
Circular Transfer,A0229,A0294,2,,HIGH,Bi-directional money flow detected
Circular Transfer,A0047,A0314,2,,HIGH,Bi-directional money flow detected
Circular Transfer,A0474,A0389,2,,HIGH,Bi-directional money flow detected
Circular Transfer,A0492,A0208,2,,HIGH,Bi-directional money flow detected
Circular Transfer,A0437,A0451,2,,HIGH,Bi-directional money flow detected
Circular Transfer,A0033,A0131,2,,HIGH,Bi-directional money flow detected
Circular Transfer,A0134,A0157,2,,HIGH,Bi-directional money flow detected
Circular Transfer,A0044,A0198,2,,HIGH,Bi-directional money flow detected
Circular Transfer,A0086,A0123,2,,HIGH,Bi-directional money flow detected
Circular Transfer,A0220,A0484,2,,HIGH,Bi-directional money flow detected
Circular Transfer,A0229,A0056,2,,HIGH,Bi-directional money flow detected
Circular Transfer,A0146,A0237,2,,HIGH,Bi-directional money flow detected
Circular Transfer,A0207,A0070,2,,HIGH,Bi-directional money flow detected
Circular Transfer,A0191,A0009,2,,HIGH,Bi-directional money flow detected
Circular Transfer,A0203,A0249,2,,HIGH,Bi-directional money flow detected
Circular Transfer,A0208,A0255,2,,HIGH,Bi-directional money flow detected
Circular Transfer,A0358,A0409,2,,HIGH,Bi-directional money flow detected
Circular Transfer,A0233,A0474,2,,HIGH,Bi-directional money flow detected
Circular Transfer,A0053,A0157,2,,HIGH,Bi-directional money flow detected
Circular Transfer,A0375,A0273,2,,HIGH,Bi-directional money flow detected
Circular Transfer,A0478,A0326,2,,HIGH,Bi-directional money flow detected
Circular Transfer,A0407,A0030,2,,HIGH,Bi-directional money flow detected
Circular Transfer,A0409,A0152,2,,HIGH,Bi-directional money flow detected
Circular Transfer,A0278,A0154,2,,HIGH,Bi-directional money flow detected
Circular Transfer,A0147,A0029,2,,HIGH,Bi-directional money flow detected
Circular Transfer,A0217,A0145,2,,HIGH,Bi-directional money flow detected
Circular Transfer,A0028,A0327,2,,HIGH,Bi-directional money flow detected
Circular Transfer,A0120,A0094,2,,HIGH,Bi-directional money flow detected
Circular Transfer,A0386,A0408,2,,HIGH,Bi-directional money flow detected
Circular Transfer,A0052,A0316,2,,HIGH,Bi-directional money flow detected
Circular Transfer,A0423,A0274,2,,HIGH,Bi-directional money flow detected
Circular Transfer,A0244,A0269,2,,HIGH,Bi-directional money flow detected
Circular Transfer,A0358,A0068,2,,HIGH,Bi-directional money flow detected
Circular Transfer,A0052,A0268,2,,HIGH,Bi-directional money flow detected
Circular Transfer,A0095,A0394,2,,HIGH,Bi-directional money flow detected
Circular Transfer,A0294,A0473,2,,HIGH,Bi-directional money flow detected
Circular Transfer,A0288,A0483,2,,HIGH,Bi-directional money flow detected
Circular Transfer,A0126,A0371,2,,HIGH,Bi-directional money flow detected
Circular Transfer,A0234,A0093,2,,HIGH,Bi-directional money flow detected
Circular Transfer,A0213,A0155,2,,HIGH,Bi-directional money flow detected
Circular Transfer,A0155,A0054,2,,HIGH,Bi-directional money flow detected
Circular Transfer,A0115,A0410,2,,HIGH,Bi-directional money flow detected
Circular Transfer,A0151,A0227,2,,HIGH,Bi-directional money flow detected
Circular Transfer,A0448,A0277,2,,HIGH,Bi-directional money flow detected
Circular Transfer,A0332,A0101,2,,HIGH,Bi-directional money flow detected
Circular Transfer,A0130,A0235,2,,HIGH,Bi-directional money flow detected
Circular Transfer,A0249,A0435,2,,HIGH,Bi-directional money flow detected
Circular Transfer,A0056,A0356,2,,HIGH,Bi-directional money flow detected
Circular Transfer,A0434,A0472,2,,HIGH,Bi-directional money flow detected
Circular Transfer,A0181,A0176,2,,HIGH,Bi-directional money flow detected
Circular Transfer,A0125,A0478,2,,HIGH,Bi-directional money flow detected
Circular Transfer,A0256,A0485,2,,HIGH,Bi-directional money flow detected
Circular Transfer,A0335,A0276,2,,HIGH,Bi-directional money flow detected
Circular Transfer,A0309,A0254,2,,HIGH,Bi-directional money flow detected
Circular Transfer,A0138,A0438,2,,HIGH,Bi-directional money flow detected
Circular Transfer,A0253,A0068,2,,HIGH,Bi-directional money flow detected
Circular Transfer,A0208,A0222,2,,HIGH,Bi-directional money flow detected
Circular Transfer,A0109,A0124,2,,HIGH,Bi-directional money flow detected
Circular Transfer,A0389,A0338,2,,HIGH,Bi-directional money flow detected
Circular Transfer,A0061,A0256,2,,HIGH,Bi-directional money flow detected
Circular Transfer,A0188,A0487,2,,HIGH,Bi-directional money flow detected
Circular Transfer,A0236,A0007,2,,HIGH,Bi-directional money flow detected
Circular Transfer,A0215,A0396,2,,HIGH,Bi-directional money flow detected
Circular Transfer,A0456,A0187,2,,HIGH,Bi-directional money flow detected
Circular Transfer,A0223,A0017,2,,HIGH,Bi-directional money flow detected
Circular Transfer,A0450,A0481,2,,HIGH,Bi-directional money flow detected
Circular Transfer,A0308,A0042,2,,HIGH,Bi-directional money flow detected
Circular Transfer,A0414,A0171,2,,HIGH,Bi-directional money flow detected
Circular Transfer,A0222,A0460,2,,HIGH,Bi-directional money flow detected
Circular Transfer,A0353,A0354,2,,HIGH,Bi-directional money flow detected
Circular Transfer,A0131,A0021,2,,HIGH,Bi-directional money flow detected
Circular Transfer,A0422,A0236,2,,HIGH,Bi-directional money flow detected
Circular Transfer,A0186,A0113,2,,HIGH,Bi-directional money flow detected
Circular Transfer,A0133,A0056,2,,HIGH,Bi-directional money flow detected
Circular Transfer,A0436,A0013,2,,HIGH,Bi-directional money flow detected
Circular Transfer,A0106,A0470,2,,HIGH,Bi-directional money flow detected
Circular Transfer,A0009,A0242,2,,HIGH,Bi-directional money flow detected
Circular Transfer,A0052,A0002,2,,HIGH,Bi-directional money flow detected
Circular Transfer,A0011,A0024,2,,HIGH,Bi-directional money flow detected
Circular Transfer,A0294,A0295,2,,HIGH,Bi-directional money flow detected
Circular Transfer,A0287,A0286,2,,HIGH,Bi-directional money flow detected
Circular Transfer,A0370,A0080,2,,HIGH,Bi-directional money flow detected
Circular Transfer,A0281,A0485,2,,HIGH,Bi-directional money flow detected
Circular Transfer,A0190,A0338,2,,HIGH,Bi-directional money flow detected
Circular Transfer,A0160,A0294,2,,HIGH,Bi-directional money flow detected
Circular Transfer,A0500,A0122,2,,HIGH,Bi-directional money flow detected
Circular Transfer,A0131,A0265,2,,HIGH,Bi-directional money flow detected
Circular Transfer,A0151,A0059,2,,HIGH,Bi-directional money flow detected
Circular Transfer,A0177,A0300,2,,HIGH,Bi-directional money flow detected
Circular Transfer,A0223,A0125,2,,HIGH,Bi-directional money flow detected
Circular Transfer,A0155,A0092,2,,HIGH,Bi-directional money flow detected
Circular Transfer,A0002,A0239,2,,HIGH,Bi-directional money flow detected
Circular Transfer,A0214,A0049,2,,HIGH,Bi-directional money flow detected
Circular Transfer,A0252,A0052,2,,HIGH,Bi-directional money flow detected
Circular Transfer,A0482,A0382,2,,HIGH,Bi-directional money flow detected
Circular Transfer,A0257,A0468,2,,HIGH,Bi-directional money flow detected
Circular Transfer,A0223,A0330,2,,HIGH,Bi-directional money flow detected
Circular Transfer,A0005,A0354,2,,HIGH,Bi-directional money flow detected
Circular Transfer,A0347,A0455,2,,HIGH,Bi-directional money flow detected
Circular Transfer,A0221,A0369,2,,HIGH,Bi-directional money flow detected
Circular Transfer,A0108,A0500,2,,HIGH,Bi-directional money flow detected
Circular Transfer,A0110,A0040,2,,HIGH,Bi-directional money flow detected
Circular Transfer,A0210,A0322,2,,HIGH,Bi-directional money flow detected
Circular Transfer,A0126,A0071,2,,HIGH,Bi-directional money flow detected
Circular Transfer,A0167,A0131,2,,HIGH,Bi-directional money flow detected
Circular Transfer,A0221,A0149,2,,HIGH,Bi-directional money flow detected
Circular Transfer,A0309,A0294,2,,HIGH,Bi-directional money flow detected
Circular Transfer,A0069,A0448,2,,HIGH,Bi-directional money flow detected
Circular Transfer,A0378,A0106,2,,HIGH,Bi-directional money flow detected
Circular Transfer,A0007,A0278,2,,HIGH,Bi-directional money flow detected
Circular Transfer,A0433,A0351,2,,HIGH,Bi-directional money flow detected
Circular Transfer,A0184,A0347,2,,HIGH,Bi-directional money flow detected
Circular Transfer,A0167,A0118,2,,HIGH,Bi-directional money flow detected
Circular Transfer,A0226,A0104,2,,HIGH,Bi-directional money flow detected
Circular Transfer,A0075,A0042,2,,HIGH,Bi-directional money flow detected
Circular Transfer,A0464,A0272,2,,HIGH,Bi-directional money flow detected
Circular Transfer,A0313,A0477,2,,HIGH,Bi-directional money flow detected
Circular Transfer,A0274,A0053,2,,HIGH,Bi-directional money flow detected
Circular Transfer,A0312,A0160,2,,HIGH,Bi-directional money flow detected
Circular Transfer,A0012,A0351,2,,HIGH,Bi-directional money flow detected
Circular Transfer,A0471,A0127,2,,HIGH,Bi-directional money flow detected
Circular Transfer,A0406,A0005,2,,HIGH,Bi-directional money flow detected
Circular Transfer,A0431,A0272,2,,HIGH,Bi-directional money flow detected
Circular Transfer,A0306,A0440,2,,HIGH,Bi-directional money flow detected
Circular Transfer,A0493,A0078,2,,HIGH,Bi-directional money flow detected
Circular Transfer,A0192,A0180,2,,HIGH,Bi-directional money flow detected
Circular Transfer,A0247,A0046,2,,HIGH,Bi-directional money flow detected
Circular Transfer,A0230,A0409,2,,HIGH,Bi-directional money flow detected
Circular Transfer,A0373,A0422,2,,HIGH,Bi-directional money flow detected
Circular Transfer,A0242,A0245,2,,HIGH,Bi-directional money flow detected
Circular Transfer,A0206,A0035,2,,HIGH,Bi-directional money flow detected
Circular Transfer,A0115,A0360,2,,HIGH,Bi-directional money flow detected
Circular Transfer,A0209,A0292,2,,HIGH,Bi-directional money flow detected
Circular Transfer,A0058,A0361,2,,HIGH,Bi-directional money flow detected
Circular Transfer,A0444,A0486,2,,HIGH,Bi-directional money flow detected
Circular Transfer,A0165,A0449,2,,HIGH,Bi-directional money flow detected
Circular Transfer,A0094,A0154,2,,HIGH,Bi-directional money flow detected
Circular Transfer,A0202,A0240,2,,HIGH,Bi-directional money flow detected
Circular Transfer,A0288,A0133,2,,HIGH,Bi-directional money flow detected
Circular Transfer,A0291,A0234,2,,HIGH,Bi-directional money flow detected
Circular Transfer,A0191,A0230,2,,HIGH,Bi-directional money flow detected
Circular Transfer,A0056,A0106,2,,HIGH,Bi-directional money flow detected
Circular Transfer,A0187,A0500,2,,HIGH,Bi-directional money flow detected
Circular Transfer,A0104,A0446,2,,HIGH,Bi-directional money flow detected
Circular Transfer,A0494,A0443,2,,HIGH,Bi-directional money flow detected
Circular Transfer,A0481,A0249,2,,HIGH,Bi-directional money flow detected
Circular Transfer,A0138,A0256,2,,HIGH,Bi-directional money flow detected
Circular Transfer,A0010,A0319,2,,HIGH,Bi-directional money flow detected
Circular Transfer,A0257,A0332,2,,HIGH,Bi-directional money flow detected
Circular Transfer,A0395,A0057,2,,HIGH,Bi-directional money flow detected
Circular Transfer,A0475,A0022,2,,HIGH,Bi-directional money flow detected
Circular Transfer,A0334,A0186,2,,HIGH,Bi-directional money flow detected
Circular Transfer,A0101,A0151,2,,HIGH,Bi-directional money flow detected
Circular Transfer,A0210,A0083,2,,HIGH,Bi-directional money flow detected
Circular Transfer,A0161,A0341,2,,HIGH,Bi-directional money flow detected
Circular Transfer,A0190,A0382,2,,HIGH,Bi-directional money flow detected
Circular Transfer,A0318,A0046,2,,HIGH,Bi-directional money flow detected
Circular Transfer,A0353,A0413,2,,HIGH,Bi-directional money flow detected
Circular Transfer,A0466,A0495,2,,HIGH,Bi-directional money flow detected
Circular Transfer,A0214,A0427,2,,HIGH,Bi-directional money flow detected
Circular Transfer,A0322,A0157,2,,HIGH,Bi-directional money flow detected
Circular Transfer,A0125,A0435,2,,HIGH,Bi-directional money flow detected
Circular Transfer,A0216,A0324,2,,HIGH,Bi-directional money flow detected
Circular Transfer,A0222,A0328,2,,HIGH,Bi-directional money flow detected
Circular Transfer,A0130,A0172,2,,HIGH,Bi-directional money flow detected
Circular Transfer,A0461,A0473,2,,HIGH,Bi-directional money flow detected
Circular Transfer,A0421,A0419,2,,HIGH,Bi-directional money flow detected
Circular Transfer,A0244,A0316,2,,HIGH,Bi-directional money flow detected
Circular Transfer,A0412,A0213,2,,HIGH,Bi-directional money flow detected
Circular Transfer,A0037,A0050,2,,HIGH,Bi-directional money flow detected
Circular Transfer,A0047,A0074,2,,HIGH,Bi-directional money flow detected
Circular Transfer,A0489,A0355,2,,HIGH,Bi-directional money flow detected
Circular Transfer,A0473,A0001,2,,HIGH,Bi-directional money flow detected
Circular Transfer,A0182,A0046,2,,HIGH,Bi-directional money flow detected
Circular Transfer,A0112,A0498,2,,HIGH,Bi-directional money flow detected
Circular Transfer,A0039,A0491,2,,HIGH,Bi-directional money flow detected
Circular Transfer,A0441,A0271,2,,HIGH,Bi-directional money flow detected
Circular Transfer,A0055,A0230,2,,HIGH,Bi-directional money flow detected
Circular Transfer,A0213,A0097,2,,HIGH,Bi-directional money flow detected
Circular Transfer,A0120,A0309,2,,HIGH,Bi-directional money flow detected
Circular Transfer,A0036,A0158,2,,HIGH,Bi-directional money flow detected
Circular Transfer,A0067,A0338,2,,HIGH,Bi-directional money flow detected
Circular Transfer,A0119,A0333,2,,HIGH,Bi-directional money flow detected
Circular Transfer,A0165,A0075,2,,HIGH,Bi-directional money flow detected
Circular Transfer,A0303,A0152,2,,HIGH,Bi-directional money flow detected
Circular Transfer,A0200,A0013,2,,HIGH,Bi-directional money flow detected
Circular Transfer,A0073,A0213,2,,HIGH,Bi-directional money flow detected
Circular Transfer,A0211,A0288,2,,HIGH,Bi-directional money flow detected
Circular Transfer,A0357,A0371,2,,HIGH,Bi-directional money flow detected
Circular Transfer,A0481,A0244,2,,HIGH,Bi-directional money flow detected
Circular Transfer,A0139,A0297,2,,HIGH,Bi-directional money flow detected
Circular Transfer,A0121,A0142,2,,HIGH,Bi-directional money flow detected
Circular Transfer,A0393,A0265,2,,HIGH,Bi-directional money flow detected
Circular Transfer,A0018,A0495,2,,HIGH,Bi-directional money flow detected
Circular Transfer,A0052,A0090,2,,HIGH,Bi-directional money flow detected
Circular Transfer,A0373,A0377,2,,HIGH,Bi-directional money flow detected
Circular Transfer,A0224,A0216,2,,HIGH,Bi-directional money flow detected
Circular Transfer,A0005,A0288,2,,HIGH,Bi-directional money flow detected
Circular Transfer,A0097,A0257,2,,HIGH,Bi-directional money flow detected
Circular Transfer,A0499,A0479,2,,HIGH,Bi-directional money flow detected
Circular Transfer,A0021,A0075,2,,HIGH,Bi-directional money flow detected
Circular Transfer,A0030,A0411,2,,HIGH,Bi-directional money flow detected
Circular Transfer,A0044,A0375,2,,HIGH,Bi-directional money flow detected
Circular Transfer,A0083,A0021,2,,HIGH,Bi-directional money flow detected
Circular Transfer,A0077,A0308,2,,HIGH,Bi-directional money flow detected
Circular Transfer,A0386,A0026,2,,HIGH,Bi-directional money flow detected
Circular Transfer,A0135,A0389,2,,HIGH,Bi-directional money flow detected
Circular Transfer,A0183,A0098,2,,HIGH,Bi-directional money flow detected
Circular Transfer,A0213,A0458,2,,HIGH,Bi-directional money flow detected
Circular Transfer,A0436,A0484,2,,HIGH,Bi-directional money flow detected
Circular Transfer,A0137,A0492,2,,HIGH,Bi-directional money flow detected
Circular Transfer,A0463,A0295,2,,HIGH,Bi-directional money flow detected
Circular Transfer,A0187,A0017,2,,HIGH,Bi-directional money flow detected
Circular Transfer,A0479,A0054,2,,HIGH,Bi-directional money flow detected
Circular Transfer,A0262,A0260,2,,HIGH,Bi-directional money flow detected
Circular Transfer,A0396,A0099,2,,HIGH,Bi-directional money flow detected
Circular Transfer,A0248,A0476,2,,HIGH,Bi-directional money flow detected
Circular Transfer,A0335,A0036,2,,HIGH,Bi-directional money flow detected
Circular Transfer,A0292,A0297,2,,HIGH,Bi-directional money flow detected
Circular Transfer,A0145,A0220,2,,HIGH,Bi-directional money flow detected
Circular Transfer,A0018,A0349,2,,HIGH,Bi-directional money flow detected
Circular Transfer,A0312,A0031,2,,HIGH,Bi-directional money flow detected
Circular Transfer,A0477,A0193,2,,HIGH,Bi-directional money flow detected
Circular Transfer,A0063,A0078,2,,HIGH,Bi-directional money flow detected
Circular Transfer,A0482,A0249,2,,HIGH,Bi-directional money flow detected
Circular Transfer,A0477,A0111,2,,HIGH,Bi-directional money flow detected
Circular Transfer,A0440,A0192,2,,HIGH,Bi-directional money flow detected
Circular Transfer,A0290,A0428,2,,HIGH,Bi-directional money flow detected
Circular Transfer,A0287,A0342,2,,HIGH,Bi-directional money flow detected
Circular Transfer,A0479,A0010,2,,HIGH,Bi-directional money flow detected
Circular Transfer,A0015,A0018,2,,HIGH,Bi-directional money flow detected
Circular Transfer,A0001,A0270,2,,HIGH,Bi-directional money flow detected
Circular Transfer,A0103,A0157,2,,HIGH,Bi-directional money flow detected
Circular Transfer,A0029,A0454,2,,HIGH,Bi-directional money flow detected
Circular Transfer,A0229,A0075,2,,HIGH,Bi-directional money flow detected
Circular Transfer,A0129,A0076,2,,HIGH,Bi-directional money flow detected
Circular Transfer,A0326,A0088,2,,HIGH,Bi-directional money flow detected
Circular Transfer,A0350,A0408,2,,HIGH,Bi-directional money flow detected
Circular Transfer,A0484,A0456,2,,HIGH,Bi-directional money flow detected
Circular Transfer,A0234,A0174,2,,HIGH,Bi-directional money flow detected
Circular Transfer,A0446,A0484,2,,HIGH,Bi-directional money flow detected
Circular Transfer,A0083,A0188,2,,HIGH,Bi-directional money flow detected
Circular Transfer,A0294,A0050,2,,HIGH,Bi-directional money flow detected
Circular Transfer,A0325,A0319,2,,HIGH,Bi-directional money flow detected
Circular Transfer,A0338,A0068,2,,HIGH,Bi-directional money flow detected
Circular Transfer,A0097,A0497,2,,HIGH,Bi-directional money flow detected
Circular Transfer,A0335,A0226,2,,HIGH,Bi-directional money flow detected
Circular Transfer,A0263,A0164,2,,HIGH,Bi-directional money flow detected
Circular Transfer,A0364,A0233,2,,HIGH,Bi-directional money flow detected
Circular Transfer,A0369,A0425,2,,HIGH,Bi-directional money flow detected
Circular Transfer,A0357,A0071,2,,HIGH,Bi-directional money flow detected
Circular Transfer,A0207,A0131,2,,HIGH,Bi-directional money flow detected
Circular Transfer,A0252,A0040,2,,HIGH,Bi-directional money flow detected
Circular Transfer,A0228,A0452,2,,HIGH,Bi-directional money flow detected
Circular Transfer,A0460,A0140,2,,HIGH,Bi-directional money flow detected
Circular Transfer,A0009,A0008,2,,HIGH,Bi-directional money flow detected
Circular Transfer,A0339,A0024,2,,HIGH,Bi-directional money flow detected
Circular Transfer,A0080,A0085,2,,HIGH,Bi-directional money flow detected
Circular Transfer,A0405,A0319,2,,HIGH,Bi-directional money flow detected
Circular Transfer,A0167,A0026,2,,HIGH,Bi-directional money flow detected
Circular Transfer,A0260,A0475,2,,HIGH,Bi-directional money flow detected
Circular Transfer,A0074,A0383,2,,HIGH,Bi-directional money flow detected
Circular Transfer,A0270,A0468,2,,HIGH,Bi-directional money flow detected
Circular Transfer,A0097,A0444,2,,HIGH,Bi-directional money flow detected
Circular Transfer,A0108,A0395,2,,HIGH,Bi-directional money flow detected
Circular Transfer,A0128,A0495,2,,HIGH,Bi-directional money flow detected
Circular Transfer,A0229,A0245,2,,HIGH,Bi-directional money flow detected
Circular Transfer,A0086,A0008,2,,HIGH,Bi-directional money flow detected
Circular Transfer,A0281,A0098,2,,HIGH,Bi-directional money flow detected
Circular Transfer,A0169,A0494,2,,HIGH,Bi-directional money flow detected
Circular Transfer,A0092,A0125,2,,HIGH,Bi-directional money flow detected
Circular Transfer,A0421,A0159,2,,HIGH,Bi-directional money flow detected
Circular Transfer,A0248,A0428,2,,HIGH,Bi-directional money flow detected
Circular Transfer,A0239,A0372,2,,HIGH,Bi-directional money flow detected
Circular Transfer,A0077,A0248,2,,HIGH,Bi-directional money flow detected
Circular Transfer,A0421,A0416,2,,HIGH,Bi-directional money flow detected
Circular Transfer,A0085,A0383,2,,HIGH,Bi-directional money flow detected
Circular Transfer,A0187,A0463,2,,HIGH,Bi-directional money flow detected
Circular Transfer,A0172,A0045,2,,HIGH,Bi-directional money flow detected
Circular Transfer,A0076,A0005,2,,HIGH,Bi-directional money flow detected
Circular Transfer,A0104,A0332,2,,HIGH,Bi-directional money flow detected
Circular Transfer,A0105,A0451,2,,HIGH,Bi-directional money flow detected
Circular Transfer,A0070,A0212,2,,HIGH,Bi-directional money flow detected
Circular Transfer,A0064,A0454,2,,HIGH,Bi-directional money flow detected
Circular Transfer,A0068,A0318,2,,HIGH,Bi-directional money flow detected
Circular Transfer,A0278,A0471,2,,HIGH,Bi-directional money flow detected
Circular Transfer,A0025,A0257,2,,HIGH,Bi-directional money flow detected
Circular Transfer,A0308,A0266,2,,HIGH,Bi-directional money flow detected
Circular Transfer,A0469,A0058,2,,HIGH,Bi-directional money flow detected
Circular Transfer,A0482,A0044,2,,HIGH,Bi-directional money flow detected
Circular Transfer,A0085,A0200,2,,HIGH,Bi-directional money flow detected
Circular Transfer,A0042,A0198,2,,HIGH,Bi-directional money flow detected
Circular Transfer,A0191,A0351,2,,HIGH,Bi-directional money flow detected
Circular Transfer,A0212,A0171,2,,HIGH,Bi-directional money flow detected
Circular Transfer,A0352,A0349,2,,HIGH,Bi-directional money flow detected
Circular Transfer,A0260,A0127,2,,HIGH,Bi-directional money flow detected
Circular Transfer,A0343,A0236,2,,HIGH,Bi-directional money flow detected
Circular Transfer,A0243,A0288,2,,HIGH,Bi-directional money flow detected
Circular Transfer,A0076,A0420,2,,HIGH,Bi-directional money flow detected
Circular Transfer,A0308,A0116,2,,HIGH,Bi-directional money flow detected
Circular Transfer,A0058,A0047,2,,HIGH,Bi-directional money flow detected
Circular Transfer,A0486,A0358,2,,HIGH,Bi-directional money flow detected
Circular Transfer,A0484,A0199,2,,HIGH,Bi-directional money flow detected
Circular Transfer,A0057,A0288,2,,HIGH,Bi-directional money flow detected
Circular Transfer,A0025,A0314,2,,HIGH,Bi-directional money flow detected
Circular Transfer,A0284,A0243,2,,HIGH,Bi-directional money flow detected
Circular Transfer,A0026,A0396,2,,HIGH,Bi-directional money flow detected
Circular Transfer,A0425,A0343,2,,HIGH,Bi-directional money flow detected
Circular Transfer,A0254,A0469,2,,HIGH,Bi-directional money flow detected
Circular Transfer,A0315,A0500,2,,HIGH,Bi-directional money flow detected
Circular Transfer,A0136,A0295,2,,HIGH,Bi-directional money flow detected
Circular Transfer,A0196,A0097,2,,HIGH,Bi-directional money flow detected
Circular Transfer,A0050,A0041,2,,HIGH,Bi-directional money flow detected
Circular Transfer,A0376,A0181,2,,HIGH,Bi-directional money flow detected
Circular Transfer,A0149,A0097,2,,HIGH,Bi-directional money flow detected
Circular Transfer,A0446,A0219,2,,HIGH,Bi-directional money flow detected
Circular Transfer,A0210,A0266,2,,HIGH,Bi-directional money flow detected
Circular Transfer,A0430,A0287,2,,HIGH,Bi-directional money flow detected
Circular Transfer,A0057,A0104,2,,HIGH,Bi-directional money flow detected
Circular Transfer,A0010,A0475,2,,HIGH,Bi-directional money flow detected
Circular Transfer,A0061,A0043,2,,HIGH,Bi-directional money flow detected
Circular Transfer,A0053,A0197,2,,HIGH,Bi-directional money flow detected
Circular Transfer,A0053,A0341,2,,HIGH,Bi-directional money flow detected
Circular Transfer,A0084,A0344,2,,HIGH,Bi-directional money flow detected
Circular Transfer,A0004,A0003,2,,HIGH,Bi-directional money flow detected
Circular Transfer,A0039,A0061,2,,HIGH,Bi-directional money flow detected
Circular Transfer,A0066,A0387,2,,HIGH,Bi-directional money flow detected
Circular Transfer,A0030,A0494,2,,HIGH,Bi-directional money flow detected
Circular Transfer,A0266,A0270,2,,HIGH,Bi-directional money flow detected
Circular Transfer,A0468,A0205,2,,HIGH,Bi-directional money flow detected
Circular Transfer,A0009,A0328,2,,HIGH,Bi-directional money flow detected
Circular Transfer,A0458,A0010,2,,HIGH,Bi-directional money flow detected
Circular Transfer,A0462,A0011,2,,HIGH,Bi-directional money flow detected
Circular Transfer,A0473,A0284,2,,HIGH,Bi-directional money flow detected
Circular Transfer,A0154,A0494,2,,HIGH,Bi-directional money flow detected
Circular Transfer,A0156,A0012,2,,HIGH,Bi-directional money flow detected
Circular Transfer,A0351,A0396,2,,HIGH,Bi-directional money flow detected
Circular Transfer,A0211,A0378,2,,HIGH,Bi-directional money flow detected
Circular Transfer,A0052,A0245,2,,HIGH,Bi-directional money flow detected
Circular Transfer,A0378,A0373,2,,HIGH,Bi-directional money flow detected
Circular Transfer,A0154,A0062,2,,HIGH,Bi-directional money flow detected
Circular Transfer,A0347,A0309,2,,HIGH,Bi-directional money flow detected
Circular Transfer,A0056,A0437,2,,HIGH,Bi-directional money flow detected
Circular Transfer,A0426,A0374,2,,HIGH,Bi-directional money flow detected
Circular Transfer,A0183,A0236,2,,HIGH,Bi-directional money flow detected
Circular Transfer,A0149,A0293,2,,HIGH,Bi-directional money flow detected
Circular Transfer,A0365,A0374,2,,HIGH,Bi-directional money flow detected
Circular Transfer,A0343,A0052,2,,HIGH,Bi-directional money flow detected
Circular Transfer,A0149,A0183,2,,HIGH,Bi-directional money flow detected
Circular Transfer,A0416,A0179,2,,HIGH,Bi-directional money flow detected
Circular Transfer,A0274,A0471,2,,HIGH,Bi-directional money flow detected
Circular Transfer,A0038,A0106,2,,HIGH,Bi-directional money flow detected
Circular Transfer,A0191,A0060,2,,HIGH,Bi-directional money flow detected
Circular Transfer,A0314,A0048,2,,HIGH,Bi-directional money flow detected
Circular Transfer,A0105,A0459,2,,HIGH,Bi-directional money flow detected
Circular Transfer,A0373,A0334,2,,HIGH,Bi-directional money flow detected
Circular Transfer,A0366,A0404,2,,HIGH,Bi-directional money flow detected
Circular Transfer,A0317,A0069,2,,HIGH,Bi-directional money flow detected
Circular Transfer,A0189,A0330,2,,HIGH,Bi-directional money flow detected
Circular Transfer,A0394,A0424,2,,HIGH,Bi-directional money flow detected
Circular Transfer,A0018,A0360,2,,HIGH,Bi-directional money flow detected
Circular Transfer,A0366,A0392,2,,HIGH,Bi-directional money flow detected
Circular Transfer,A0454,A0210,2,,HIGH,Bi-directional money flow detected
Circular Transfer,A0279,A0094,2,,HIGH,Bi-directional money flow detected
Circular Transfer,A0261,A0363,2,,HIGH,Bi-directional money flow detected
Circular Transfer,A0129,A0349,2,,HIGH,Bi-directional money flow detected
Circular Transfer,A0284,A0294,2,,HIGH,Bi-directional money flow detected
Circular Transfer,A0189,A0257,2,,HIGH,Bi-directional money flow detected
Circular Transfer,A0196,A0346,2,,HIGH,Bi-directional money flow detected
Circular Transfer,A0380,A0198,2,,HIGH,Bi-directional money flow detected
Circular Transfer,A0249,A0311,2,,HIGH,Bi-directional money flow detected
Circular Transfer,A0263,A0039,2,,HIGH,Bi-directional money flow detected
Circular Transfer,A0463,A0050,2,,HIGH,Bi-directional money flow detected
Circular Transfer,A0500,A0252,2,,HIGH,Bi-directional money flow detected
Circular Transfer,A0030,A0305,2,,HIGH,Bi-directional money flow detected
Circular Transfer,A0123,A0342,2,,HIGH,Bi-directional money flow detected
Circular Transfer,A0149,A0309,2,,HIGH,Bi-directional money flow detected
Circular Transfer,A0236,A0178,2,,HIGH,Bi-directional money flow detected
Circular Transfer,A0402,A0499,2,,HIGH,Bi-directional money flow detected
Circular Transfer,A0271,A0342,2,,HIGH,Bi-directional money flow detected
Circular Transfer,A0262,A0021,2,,HIGH,Bi-directional money flow detected
Circular Transfer,A0196,A0409,2,,HIGH,Bi-directional money flow detected
Circular Transfer,A0435,A0449,2,,HIGH,Bi-directional money flow detected
Circular Transfer,A0099,A0105,2,,HIGH,Bi-directional money flow detected
Circular Transfer,A0079,A0158,2,,HIGH,Bi-directional money flow detected
Circular Transfer,A0446,A0021,2,,HIGH,Bi-directional money flow detected
Circular Transfer,A0436,A0325,2,,HIGH,Bi-directional money flow detected
Circular Transfer,A0057,A0168,2,,HIGH,Bi-directional money flow detected
Circular Transfer,A0333,A0195,2,,HIGH,Bi-directional money flow detected
Circular Transfer,A0426,A0027,2,,HIGH,Bi-directional money flow detected
Circular Transfer,A0116,A0084,2,,HIGH,Bi-directional money flow detected
Circular Transfer,A0147,A0286,2,,HIGH,Bi-directional money flow detected
Circular Transfer,A0155,A0475,2,,HIGH,Bi-directional money flow detected
Circular Transfer,A0290,A0270,2,,HIGH,Bi-directional money flow detected
Circular Transfer,A0307,A0022,2,,HIGH,Bi-directional money flow detected
Circular Transfer,A0282,A0229,2,,HIGH,Bi-directional money flow detected
Circular Transfer,A0436,A0188,2,,HIGH,Bi-directional money flow detected
Circular Transfer,A0290,A0099,2,,HIGH,Bi-directional money flow detected
Circular Transfer,A0012,A0022,2,,HIGH,Bi-directional money flow detected
Circular Transfer,A0435,A0465,2,,HIGH,Bi-directional money flow detected
Circular Transfer,A0021,A0029,2,,HIGH,Bi-directional money flow detected
Circular Transfer,A0441,A0394,2,,HIGH,Bi-directional money flow detected
Circular Transfer,A0133,A0319,2,,HIGH,Bi-directional money flow detected
Circular Transfer,A0263,A0348,2,,HIGH,Bi-directional money flow detected
Circular Transfer,A0453,A0480,2,,HIGH,Bi-directional money flow detected
Circular Transfer,A0126,A0061,2,,HIGH,Bi-directional money flow detected
Circular Transfer,A0235,A0163,2,,HIGH,Bi-directional money flow detected
Circular Transfer,A0236,A0491,2,,HIGH,Bi-directional money flow detected
Circular Transfer,A0374,A0326,2,,HIGH,Bi-directional money flow detected
Circular Transfer,A0303,A0273,2,,HIGH,Bi-directional money flow detected
Circular Transfer,A0355,A0279,2,,HIGH,Bi-directional money flow detected
Circular Transfer,A0430,A0091,2,,HIGH,Bi-directional money flow detected
Circular Transfer,A0438,A0369,2,,HIGH,Bi-directional money flow detected
Circular Transfer,A0099,A0287,2,,HIGH,Bi-directional money flow detected
Circular Transfer,A0383,A0255,2,,HIGH,Bi-directional money flow detected
Circular Transfer,A0458,A0245,2,,HIGH,Bi-directional money flow detected
Circular Transfer,A0423,A0231,2,,HIGH,Bi-directional money flow detected
Circular Transfer,A0209,A0431,2,,HIGH,Bi-directional money flow detected
Circular Transfer,A0235,A0058,2,,HIGH,Bi-directional money flow detected
Circular Transfer,A0099,A0329,2,,HIGH,Bi-directional money flow detected
Circular Transfer,A0270,A0067,2,,HIGH,Bi-directional money flow detected
Circular Transfer,A0345,A0397,2,,HIGH,Bi-directional money flow detected
Circular Transfer,A0234,A0105,2,,HIGH,Bi-directional money flow detected
Circular Transfer,A0122,A0117,2,,HIGH,Bi-directional money flow detected
Circular Transfer,A0330,A0406,2,,HIGH,Bi-directional money flow detected
Circular Transfer,A0293,A0326,2,,HIGH,Bi-directional money flow detected
Circular Transfer,A0105,A0462,2,,HIGH,Bi-directional money flow detected
Circular Transfer,A0403,A0392,2,,HIGH,Bi-directional money flow detected
Circular Transfer,A0156,A0286,2,,HIGH,Bi-directional money flow detected
Circular Transfer,A0300,A0085,2,,HIGH,Bi-directional money flow detected
Circular Transfer,A0153,A0376,2,,HIGH,Bi-directional money flow detected
Circular Transfer,A0250,A0292,2,,HIGH,Bi-directional money flow detected
Circular Transfer,A0227,A0336,2,,HIGH,Bi-directional money flow detected
Circular Transfer,A0404,A0316,2,,HIGH,Bi-directional money flow detected
Circular Transfer,A0251,A0028,2,,HIGH,Bi-directional money flow detected
Circular Transfer,A0388,A0256,2,,HIGH,Bi-directional money flow detected
Circular Transfer,A0074,A0187,2,,HIGH,Bi-directional money flow detected
Circular Transfer,A0012,A0332,2,,HIGH,Bi-directional money flow detected
Circular Transfer,A0281,A0446,2,,HIGH,Bi-directional money flow detected
Circular Transfer,A0127,A0142,2,,HIGH,Bi-directional money flow detected
Circular Transfer,A0205,A0419,2,,HIGH,Bi-directional money flow detected
Circular Transfer,A0198,A0416,2,,HIGH,Bi-directional money flow detected
Circular Transfer,A0204,A0445,2,,HIGH,Bi-directional money flow detected
Circular Transfer,A0362,A0346,2,,HIGH,Bi-directional money flow detected
Circular Transfer,A0323,A0098,2,,HIGH,Bi-directional money flow detected
Circular Transfer,A0129,A0434,2,,HIGH,Bi-directional money flow detected
Circular Transfer,A0054,A0130,2,,HIGH,Bi-directional money flow detected
Circular Transfer,A0231,A0098,2,,HIGH,Bi-directional money flow detected
Circular Transfer,A0076,A0241,2,,HIGH,Bi-directional money flow detected
Circular Transfer,A0474,A0315,2,,HIGH,Bi-directional money flow detected
Circular Transfer,A0338,A0138,2,,HIGH,Bi-directional money flow detected
Circular Transfer,A0031,A0331,2,,HIGH,Bi-directional money flow detected
Circular Transfer,A0413,A0029,2,,HIGH,Bi-directional money flow detected
Circular Transfer,A0031,A0489,2,,HIGH,Bi-directional money flow detected
Circular Transfer,A0246,A0183,2,,HIGH,Bi-directional money flow detected
Circular Transfer,A0400,A0071,2,,HIGH,Bi-directional money flow detected
Circular Transfer,A0489,A0204,2,,HIGH,Bi-directional money flow detected
Circular Transfer,A0384,A0236,2,,HIGH,Bi-directional money flow detected
Circular Transfer,A0139,A0217,2,,HIGH,Bi-directional money flow detected
Circular Transfer,A0206,A0476,2,,HIGH,Bi-directional money flow detected
Circular Transfer,A0175,A0391,2,,HIGH,Bi-directional money flow detected
Circular Transfer,A0022,A0387,2,,HIGH,Bi-directional money flow detected
Circular Transfer,A0217,A0310,2,,HIGH,Bi-directional money flow detected
Circular Transfer,A0173,A0490,2,,HIGH,Bi-directional money flow detected
Circular Transfer,A0371,A0278,2,,HIGH,Bi-directional money flow detected
Circular Transfer,A0258,A0187,2,,HIGH,Bi-directional money flow detected
Circular Transfer,A0188,A0205,2,,HIGH,Bi-directional money flow detected
Circular Transfer,A0370,A0075,2,,HIGH,Bi-directional money flow detected
Circular Transfer,A0441,A0230,2,,HIGH,Bi-directional money flow detected
Circular Transfer,A0256,A0312,2,,HIGH,Bi-directional money flow detected
Circular Transfer,A0140,A0114,2,,HIGH,Bi-directional money flow detected
Circular Transfer,A0202,A0352,2,,HIGH,Bi-directional money flow detected
Circular Transfer,A0286,A0020,2,,HIGH,Bi-directional money flow detected
Circular Transfer,A0093,A0479,2,,HIGH,Bi-directional money flow detected
Circular Transfer,A0358,A0359,2,,HIGH,Bi-directional money flow detected
Circular Transfer,A0459,A0221,2,,HIGH,Bi-directional money flow detected
Circular Transfer,A0481,A0385,2,,HIGH,Bi-directional money flow detected
Circular Transfer,A0489,A0221,2,,HIGH,Bi-directional money flow detected
Circular Transfer,A0382,A0123,2,,HIGH,Bi-directional money flow detected
Circular Transfer,A0227,A0476,2,,HIGH,Bi-directional money flow detected
Circular Transfer,A0014,A0095,2,,HIGH,Bi-directional money flow detected
Circular Transfer,A0183,A0283,2,,HIGH,Bi-directional money flow detected
Circular Transfer,A0143,A0458,2,,HIGH,Bi-directional money flow detected
Circular Transfer,A0240,A0344,2,,HIGH,Bi-directional money flow detected
Circular Transfer,A0358,A0239,2,,HIGH,Bi-directional money flow detected
Circular Transfer,A0305,A0147,2,,HIGH,Bi-directional money flow detected
Circular Transfer,A0194,A0141,2,,HIGH,Bi-directional money flow detected
Circular Transfer,A0063,A0363,2,,HIGH,Bi-directional money flow detected
Circular Transfer,A0074,A0026,2,,HIGH,Bi-directional money flow detected
Circular Transfer,A0055,A0095,2,,HIGH,Bi-directional money flow detected
Circular Transfer,A0110,A0278,2,,HIGH,Bi-directional money flow detected
Circular Transfer,A0078,A0279,2,,HIGH,Bi-directional money flow detected
Circular Transfer,A0443,A0179,2,,HIGH,Bi-directional money flow detected
Circular Transfer,A0426,A0268,2,,HIGH,Bi-directional money flow detected
Circular Transfer,A0377,A0282,2,,HIGH,Bi-directional money flow detected
Circular Transfer,A0227,A0164,2,,HIGH,Bi-directional money flow detected
Circular Transfer,A0291,A0435,2,,HIGH,Bi-directional money flow detected
Circular Transfer,A0287,A0442,2,,HIGH,Bi-directional money flow detected
Circular Transfer,A0034,A0142,2,,HIGH,Bi-directional money flow detected
Circular Transfer,A0402,A0337,2,,HIGH,Bi-directional money flow detected
Circular Transfer,A0087,A0220,2,,HIGH,Bi-directional money flow detected
Circular Transfer,A0326,A0480,2,,HIGH,Bi-directional money flow detected
Circular Transfer,A0472,A0069,2,,HIGH,Bi-directional money flow detected
Circular Transfer,A0070,A0310,2,,HIGH,Bi-directional money flow detected
Circular Transfer,A0471,A0463,2,,HIGH,Bi-directional money flow detected
Circular Transfer,A0122,A0238,2,,HIGH,Bi-directional money flow detected
Circular Transfer,A0089,A0349,2,,HIGH,Bi-directional money flow detected
Circular Transfer,A0378,A0410,2,,HIGH,Bi-directional money flow detected
Circular Transfer,A0070,A0127,2,,HIGH,Bi-directional money flow detected
Circular Transfer,A0288,A0306,2,,HIGH,Bi-directional money flow detected
Circular Transfer,A0364,A0169,2,,HIGH,Bi-directional money flow detected
Circular Transfer,A0430,A0429,2,,HIGH,Bi-directional money flow detected
Circular Transfer,A0437,A0117,2,,HIGH,Bi-directional money flow detected
Circular Transfer,A0359,A0429,2,,HIGH,Bi-directional money flow detected
Circular Transfer,A0056,A0071,2,,HIGH,Bi-directional money flow detected
Circular Transfer,A0059,A0362,2,,HIGH,Bi-directional money flow detected
Circular Transfer,A0141,A0409,2,,HIGH,Bi-directional money flow detected
Circular Transfer,A0445,A0070,2,,HIGH,Bi-directional money flow detected
Circular Transfer,A0267,A0452,2,,HIGH,Bi-directional money flow detected
Circular Transfer,A0054,A0168,2,,HIGH,Bi-directional money flow detected
Circular Transfer,A0312,A0408,2,,HIGH,Bi-directional money flow detected
Circular Transfer,A0116,A0188,2,,HIGH,Bi-directional money flow detected
Circular Transfer,A0108,A0031,2,,HIGH,Bi-directional money flow detected
Circular Transfer,A0322,A0270,2,,HIGH,Bi-directional money flow detected
Circular Transfer,A0263,A0472,2,,HIGH,Bi-directional money flow detected
Circular Transfer,A0236,A0055,2,,HIGH,Bi-directional money flow detected
Circular Transfer,A0248,A0317,2,,HIGH,Bi-directional money flow detected
Circular Transfer,A0345,A0201,2,,HIGH,Bi-directional money flow detected
Circular Transfer,A0174,A0108,2,,HIGH,Bi-directional money flow detected
Circular Transfer,A0494,A0031,2,,HIGH,Bi-directional money flow detected
Circular Transfer,A0299,A0455,2,,HIGH,Bi-directional money flow detected
Circular Transfer,A0144,A0068,2,,HIGH,Bi-directional money flow detected
Circular Transfer,A0374,A0250,2,,HIGH,Bi-directional money flow detected
Circular Transfer,A0184,A0445,2,,HIGH,Bi-directional money flow detected
Circular Transfer,A0380,A0170,2,,HIGH,Bi-directional money flow detected
Circular Transfer,A0174,A0097,2,,HIGH,Bi-directional money flow detected
Circular Transfer,A0350,A0485,2,,HIGH,Bi-directional money flow detected
Circular Transfer,A0012,A0481,2,,HIGH,Bi-directional money flow detected
Circular Transfer,A0284,A0036,2,,HIGH,Bi-directional money flow detected
Circular Transfer,A0075,A0047,2,,HIGH,Bi-directional money flow detected
Circular Transfer,A0426,A0193,2,,HIGH,Bi-directional money flow detected
Circular Transfer,A0378,A0479,2,,HIGH,Bi-directional money flow detected
Circular Transfer,A0225,A0134,2,,HIGH,Bi-directional money flow detected
Circular Transfer,A0410,A0268,2,,HIGH,Bi-directional money flow detected
Circular Transfer,A0105,A0491,2,,HIGH,Bi-directional money flow detected
Circular Transfer,A0299,A0317,2,,HIGH,Bi-directional money flow detected
Circular Transfer,A0449,A0426,2,,HIGH,Bi-directional money flow detected
Circular Transfer,A0051,A0084,2,,HIGH,Bi-directional money flow detected
Circular Transfer,A0446,A0415,2,,HIGH,Bi-directional money flow detected
Circular Transfer,A0412,A0381,2,,HIGH,Bi-directional money flow detected
Circular Transfer,A0470,A0406,2,,HIGH,Bi-directional money flow detected
Circular Transfer,A0076,A0009,2,,HIGH,Bi-directional money flow detected
Circular Transfer,A0242,A0073,2,,HIGH,Bi-directional money flow detected
Circular Transfer,A0296,A0211,2,,HIGH,Bi-directional money flow detected
Circular Transfer,A0446,A0014,2,,HIGH,Bi-directional money flow detected
Circular Transfer,A0182,A0327,2,,HIGH,Bi-directional money flow detected
Circular Transfer,A0269,A0218,2,,HIGH,Bi-directional money flow detected
Circular Transfer,A0375,A0003,2,,HIGH,Bi-directional money flow detected
Circular Transfer,A0426,A0276,2,,HIGH,Bi-directional money flow detected
Circular Transfer,A0249,A0054,2,,HIGH,Bi-directional money flow detected
Circular Transfer,A0200,A0339,2,,HIGH,Bi-directional money flow detected
Circular Transfer,A0147,A0282,2,,HIGH,Bi-directional money flow detected
Circular Transfer,A0373,A0294,2,,HIGH,Bi-directional money flow detected
Circular Transfer,A0420,A0001,2,,HIGH,Bi-directional money flow detected
Circular Transfer,A0428,A0035,2,,HIGH,Bi-directional money flow detected
Circular Transfer,A0203,A0133,2,,HIGH,Bi-directional money flow detected
Circular Transfer,A0330,A0481,2,,HIGH,Bi-directional money flow detected
Circular Transfer,A0255,A0365,2,,HIGH,Bi-directional money flow detected
Circular Transfer,A0099,A0348,2,,HIGH,Bi-directional money flow detected
Circular Transfer,A0105,A0102,2,,HIGH,Bi-directional money flow detected
Circular Transfer,A0028,A0220,2,,HIGH,Bi-directional money flow detected
Circular Transfer,A0117,A0241,2,,HIGH,Bi-directional money flow detected
Circular Transfer,A0061,A0408,2,,HIGH,Bi-directional money flow detected
Circular Transfer,A0064,A0335,2,,HIGH,Bi-directional money flow detected
Circular Transfer,A0191,A0022,2,,HIGH,Bi-directional money flow detected
Circular Transfer,A0163,A0445,2,,HIGH,Bi-directional money flow detected
Circular Transfer,A0234,A0039,2,,HIGH,Bi-directional money flow detected
Circular Transfer,A0220,A0396,2,,HIGH,Bi-directional money flow detected
Circular Transfer,A0225,A0458,2,,HIGH,Bi-directional money flow detected
Circular Transfer,A0269,A0058,2,,HIGH,Bi-directional money flow detected
Circular Transfer,A0151,A0224,2,,HIGH,Bi-directional money flow detected
Circular Transfer,A0255,A0437,2,,HIGH,Bi-directional money flow detected
Circular Transfer,A0464,A0043,2,,HIGH,Bi-directional money flow detected
Circular Transfer,A0121,A0387,2,,HIGH,Bi-directional money flow detected
Circular Transfer,A0329,A0320,2,,HIGH,Bi-directional money flow detected
Circular Transfer,A0382,A0314,2,,HIGH,Bi-directional money flow detected
Circular Transfer,A0471,A0120,2,,HIGH,Bi-directional money flow detected
Circular Transfer,A0442,A0160,2,,HIGH,Bi-directional money flow detected
Circular Transfer,A0038,A0373,2,,HIGH,Bi-directional money flow detected
Circular Transfer,A0301,A0203,2,,HIGH,Bi-directional money flow detected
Circular Transfer,A0471,A0187,2,,HIGH,Bi-directional money flow detected
Circular Transfer,A0424,A0260,2,,HIGH,Bi-directional money flow detected
Circular Transfer,A0019,A0406,2,,HIGH,Bi-directional money flow detected
Circular Transfer,A0257,A0236,2,,HIGH,Bi-directional money flow detected
Circular Transfer,A0280,A0240,2,,HIGH,Bi-directional money flow detected
Circular Transfer,A0245,A0282,2,,HIGH,Bi-directional money flow detected
Circular Transfer,A0154,A0184,2,,HIGH,Bi-directional money flow detected
Circular Transfer,A0057,A0379,2,,HIGH,Bi-directional money flow detected
Circular Transfer,A0357,A0262,2,,HIGH,Bi-directional money flow detected
Circular Transfer,A0326,A0496,2,,HIGH,Bi-directional money flow detected
Circular Transfer,A0168,A0419,2,,HIGH,Bi-directional money flow detected
Circular Transfer,A0184,A0399,2,,HIGH,Bi-directional money flow detected
Circular Transfer,A0362,A0208,2,,HIGH,Bi-directional money flow detected
Circular Transfer,A0236,A0182,2,,HIGH,Bi-directional money flow detected
Circular Transfer,A0055,A0468,2,,HIGH,Bi-directional money flow detected
Circular Transfer,A0443,A0067,2,,HIGH,Bi-directional money flow detected
Circular Transfer,A0410,A0111,2,,HIGH,Bi-directional money flow detected
Circular Transfer,A0360,A0482,2,,HIGH,Bi-directional money flow detected
Circular Transfer,A0443,A0481,2,,HIGH,Bi-directional money flow detected
Circular Transfer,A0284,A0265,2,,HIGH,Bi-directional money flow detected
Circular Transfer,A0012,A0296,2,,HIGH,Bi-directional money flow detected
Circular Transfer,A0106,A0291,2,,HIGH,Bi-directional money flow detected
Circular Transfer,A0394,A0409,2,,HIGH,Bi-directional money flow detected
Circular Transfer,A0166,A0255,2,,HIGH,Bi-directional money flow detected
Circular Transfer,A0111,A0132,2,,HIGH,Bi-directional money flow detected
Circular Transfer,A0369,A0282,2,,HIGH,Bi-directional money flow detected
Circular Transfer,A0105,A0252,2,,HIGH,Bi-directional money flow detected
Circular Transfer,A0113,A0187,2,,HIGH,Bi-directional money flow detected
Circular Transfer,A0303,A0309,2,,HIGH,Bi-directional money flow detected
Circular Transfer,A0386,A0353,2,,HIGH,Bi-directional money flow detected
Circular Transfer,A0099,A0270,2,,HIGH,Bi-directional money flow detected
Circular Transfer,A0442,A0209,2,,HIGH,Bi-directional money flow detected
Circular Transfer,A0371,A0406,2,,HIGH,Bi-directional money flow detected
Circular Transfer,A0308,A0495,2,,HIGH,Bi-directional money flow detected
Circular Transfer,A0035,A0147,2,,HIGH,Bi-directional money flow detected
Circular Transfer,A0059,A0325,2,,HIGH,Bi-directional money flow detected
Circular Transfer,A0138,A0175,2,,HIGH,Bi-directional money flow detected
Circular Transfer,A0361,A0447,2,,HIGH,Bi-directional money flow detected
Circular Transfer,A0476,A0203,2,,HIGH,Bi-directional money flow detected
Circular Transfer,A0059,A0435,2,,HIGH,Bi-directional money flow detected
Circular Transfer,A0249,A0075,2,,HIGH,Bi-directional money flow detected
Circular Transfer,A0097,A0114,2,,HIGH,Bi-directional money flow detected
Circular Transfer,A0134,A0108,2,,HIGH,Bi-directional money flow detected
Circular Transfer,A0060,A0406,2,,HIGH,Bi-directional money flow detected
Circular Transfer,A0267,A0341,2,,HIGH,Bi-directional money flow detected
Circular Transfer,A0117,A0029,2,,HIGH,Bi-directional money flow detected
Circular Transfer,A0014,A0332,2,,HIGH,Bi-directional money flow detected
Circular Transfer,A0319,A0131,2,,HIGH,Bi-directional money flow detected
Circular Transfer,A0119,A0040,2,,HIGH,Bi-directional money flow detected
Circular Transfer,A0025,A0333,2,,HIGH,Bi-directional money flow detected
Circular Transfer,A0227,A0323,2,,HIGH,Bi-directional money flow detected
Circular Transfer,A0351,A0339,2,,HIGH,Bi-directional money flow detected
Circular Transfer,A0146,A0090,2,,HIGH,Bi-directional money flow detected
Circular Transfer,A0295,A0455,2,,HIGH,Bi-directional money flow detected
Circular Transfer,A0291,A0419,2,,HIGH,Bi-directional money flow detected
Circular Transfer,A0291,A0334,2,,HIGH,Bi-directional money flow detected
Circular Transfer,A0224,A0425,2,,HIGH,Bi-directional money flow detected
Circular Transfer,A0301,A0326,2,,HIGH,Bi-directional money flow detected
Circular Transfer,A0440,A0202,2,,HIGH,Bi-directional money flow detected
Circular Transfer,A0277,A0222,2,,HIGH,Bi-directional money flow detected
Circular Transfer,A0404,A0036,2,,HIGH,Bi-directional money flow detected
Circular Transfer,A0367,A0107,2,,HIGH,Bi-directional money flow detected
Circular Transfer,A0435,A0288,2,,HIGH,Bi-directional money flow detected
Circular Transfer,A0185,A0221,2,,HIGH,Bi-directional money flow detected
Circular Transfer,A0434,A0235,2,,HIGH,Bi-directional money flow detected
Circular Transfer,A0042,A0057,2,,HIGH,Bi-directional money flow detected
Circular Transfer,A0024,A0233,2,,HIGH,Bi-directional money flow detected
Circular Transfer,A0314,A0391,2,,HIGH,Bi-directional money flow detected
Circular Transfer,A0039,A0322,2,,HIGH,Bi-directional money flow detected
Circular Transfer,A0121,A0405,2,,HIGH,Bi-directional money flow detected
Circular Transfer,A0432,A0439,2,,HIGH,Bi-directional money flow detected
Circular Transfer,A0409,A0269,2,,HIGH,Bi-directional money flow detected
Circular Transfer,A0495,A0467,2,,HIGH,Bi-directional money flow detected
Circular Transfer,A0318,A0395,2,,HIGH,Bi-directional money flow detected
Circular Transfer,A0376,A0222,2,,HIGH,Bi-directional money flow detected
Circular Transfer,A0083,A0073,2,,HIGH,Bi-directional money flow detected
Circular Transfer,A0236,A0385,2,,HIGH,Bi-directional money flow detected
Circular Transfer,A0076,A0442,2,,HIGH,Bi-directional money flow detected
Circular Transfer,A0453,A0287,2,,HIGH,Bi-directional money flow detected
Circular Transfer,A0269,A0490,2,,HIGH,Bi-directional money flow detected
Circular Transfer,A0293,A0106,2,,HIGH,Bi-directional money flow detected
Circular Transfer,A0412,A0355,2,,HIGH,Bi-directional money flow detected
Circular Transfer,A0102,A0087,2,,HIGH,Bi-directional money flow detected
Circular Transfer,A0058,A0184,2,,HIGH,Bi-directional money flow detected
Circular Transfer,A0192,A0279,2,,HIGH,Bi-directional money flow detected
Circular Transfer,A0349,A0462,2,,HIGH,Bi-directional money flow detected
Circular Transfer,A0132,A0181,2,,HIGH,Bi-directional money flow detected
Circular Transfer,A0466,A0480,2,,HIGH,Bi-directional money flow detected
Circular Transfer,A0312,A0037,2,,HIGH,Bi-directional money flow detected
Circular Transfer,A0471,A0050,2,,HIGH,Bi-directional money flow detected
Circular Transfer,A0242,A0465,2,,HIGH,Bi-directional money flow detected
Circular Transfer,A0187,A0215,2,,HIGH,Bi-directional money flow detected
Circular Transfer,A0013,A0070,2,,HIGH,Bi-directional money flow detected
Circular Transfer,A0227,A0228,2,,HIGH,Bi-directional money flow detected
Circular Transfer,A0255,A0157,2,,HIGH,Bi-directional money flow detected
Circular Transfer,A0029,A0175,2,,HIGH,Bi-directional money flow detected
Circular Transfer,A0449,A0254,2,,HIGH,Bi-directional money flow detected
Circular Transfer,A0188,A0288,2,,HIGH,Bi-directional money flow detected
Circular Transfer,A0417,A0140,2,,HIGH,Bi-directional money flow detected
Circular Transfer,A0328,A0392,2,,HIGH,Bi-directional money flow detected
Circular Transfer,A0263,A0065,2,,HIGH,Bi-directional money flow detected
Circular Transfer,A0286,A0177,2,,HIGH,Bi-directional money flow detected
Circular Transfer,A0118,A0066,2,,HIGH,Bi-directional money flow detected
Circular Transfer,A0253,A0188,2,,HIGH,Bi-directional money flow detected
Circular Transfer,A0007,A0055,2,,HIGH,Bi-directional money flow detected
Circular Transfer,A0119,A0481,2,,HIGH,Bi-directional money flow detected
Circular Transfer,A0137,A0210,2,,HIGH,Bi-directional money flow detected
Circular Transfer,A0022,A0435,2,,HIGH,Bi-directional money flow detected
Circular Transfer,A0407,A0371,2,,HIGH,Bi-directional money flow detected
Circular Transfer,A0393,A0379,2,,HIGH,Bi-directional money flow detected
Circular Transfer,A0282,A0317,2,,HIGH,Bi-directional money flow detected
Circular Transfer,A0276,A0025,2,,HIGH,Bi-directional money flow detected
Circular Transfer,A0095,A0042,2,,HIGH,Bi-directional money flow detected
Circular Transfer,A0007,A0284,2,,HIGH,Bi-directional money flow detected
Circular Transfer,A0397,A0326,2,,HIGH,Bi-directional money flow detected
Circular Transfer,A0322,A0277,2,,HIGH,Bi-directional money flow detected
Circular Transfer,A0309,A0378,2,,HIGH,Bi-directional money flow detected
Circular Transfer,A0429,A0114,2,,HIGH,Bi-directional money flow detected
Circular Transfer,A0179,A0141,2,,HIGH,Bi-directional money flow detected
Circular Transfer,A0146,A0010,2,,HIGH,Bi-directional money flow detected
Circular Transfer,A0129,A0085,2,,HIGH,Bi-directional money flow detected
Circular Transfer,A0472,A0014,2,,HIGH,Bi-directional money flow detected
Circular Transfer,A0403,A0049,2,,HIGH,Bi-directional money flow detected
Circular Transfer,A0315,A0031,2,,HIGH,Bi-directional money flow detected
Circular Transfer,A0023,A0022,2,,HIGH,Bi-directional money flow detected
Circular Transfer,A0224,A0081,2,,HIGH,Bi-directional money flow detected
Circular Transfer,A0281,A0053,2,,HIGH,Bi-directional money flow detected
Circular Transfer,A0073,A0469,2,,HIGH,Bi-directional money flow detected
Circular Transfer,A0375,A0090,2,,HIGH,Bi-directional money flow detected
Circular Transfer,A0347,A0041,2,,HIGH,Bi-directional money flow detected
Circular Transfer,A0296,A0405,2,,HIGH,Bi-directional money flow detected
Circular Transfer,A0463,A0383,2,,HIGH,Bi-directional money flow detected
Circular Transfer,A0491,A0257,2,,HIGH,Bi-directional money flow detected
Circular Transfer,A0371,A0121,2,,HIGH,Bi-directional money flow detected
Circular Transfer,A0479,A0081,2,,HIGH,Bi-directional money flow detected
Circular Transfer,A0109,A0291,2,,HIGH,Bi-directional money flow detected
Circular Transfer,A0468,A0276,2,,HIGH,Bi-directional money flow detected
Circular Transfer,A0475,A0007,2,,HIGH,Bi-directional money flow detected
Circular Transfer,A0269,A0016,2,,HIGH,Bi-directional money flow detected
Circular Transfer,A0242,A0303,2,,HIGH,Bi-directional money flow detected
Circular Transfer,A0270,A0275,2,,HIGH,Bi-directional money flow detected
Circular Transfer,A0121,A0344,2,,HIGH,Bi-directional money flow detected
Circular Transfer,A0367,A0311,2,,HIGH,Bi-directional money flow detected
Circular Transfer,A0437,A0071,2,,HIGH,Bi-directional money flow detected
Circular Transfer,A0168,A0254,2,,HIGH,Bi-directional money flow detected
Circular Transfer,A0187,A0450,2,,HIGH,Bi-directional money flow detected
Circular Transfer,A0319,A0022,2,,HIGH,Bi-directional money flow detected
Circular Transfer,A0062,A0309,2,,HIGH,Bi-directional money flow detected
Circular Transfer,A0064,A0163,2,,HIGH,Bi-directional money flow detected
Circular Transfer,A0269,A0483,2,,HIGH,Bi-directional money flow detected
Circular Transfer,A0146,A0021,2,,HIGH,Bi-directional money flow detected
Circular Transfer,A0159,A0058,2,,HIGH,Bi-directional money flow detected
Circular Transfer,A0395,A0383,2,,HIGH,Bi-directional money flow detected
Circular Transfer,A0150,A0204,2,,HIGH,Bi-directional money flow detected
Circular Transfer,A0463,A0202,2,,HIGH,Bi-directional money flow detected
Circular Transfer,A0018,A0023,2,,HIGH,Bi-directional money flow detected
Circular Transfer,A0178,A0205,2,,HIGH,Bi-directional money flow detected
Circular Transfer,A0276,A0298,2,,HIGH,Bi-directional money flow detected
Circular Transfer,A0190,A0157,2,,HIGH,Bi-directional money flow detected
Circular Transfer,A0125,A0325,2,,HIGH,Bi-directional money flow detected
Circular Transfer,A0193,A0080,2,,HIGH,Bi-directional money flow detected
Circular Transfer,A0424,A0267,2,,HIGH,Bi-directional money flow detected
Circular Transfer,A0406,A0380,2,,HIGH,Bi-directional money flow detected
Circular Transfer,A0443,A0491,2,,HIGH,Bi-directional money flow detected
Circular Transfer,A0366,A0458,2,,HIGH,Bi-directional money flow detected
Circular Transfer,A0464,A0361,2,,HIGH,Bi-directional money flow detected
Circular Transfer,A0469,A0252,2,,HIGH,Bi-directional money flow detected
Circular Transfer,A0200,A0418,2,,HIGH,Bi-directional money flow detected
Circular Transfer,A0394,A0297,2,,HIGH,Bi-directional money flow detected
Circular Transfer,A0425,A0184,2,,HIGH,Bi-directional money flow detected
Circular Transfer,A0326,A0287,2,,HIGH,Bi-directional money flow detected
Circular Transfer,A0109,A0142,2,,HIGH,Bi-directional money flow detected
Circular Transfer,A0271,A0114,2,,HIGH,Bi-directional money flow detected
Circular Transfer,A0137,A0306,2,,HIGH,Bi-directional money flow detected
Circular Transfer,A0078,A0379,2,,HIGH,Bi-directional money flow detected
Circular Transfer,A0277,A0157,2,,HIGH,Bi-directional money flow detected
Circular Transfer,A0060,A0067,2,,HIGH,Bi-directional money flow detected
Circular Transfer,A0474,A0357,2,,HIGH,Bi-directional money flow detected
Circular Transfer,A0239,A0173,2,,HIGH,Bi-directional money flow detected
Circular Transfer,A0090,A0051,2,,HIGH,Bi-directional money flow detected
Circular Transfer,A0416,A0278,2,,HIGH,Bi-directional money flow detected
Circular Transfer,A0405,A0456,2,,HIGH,Bi-directional money flow detected
Circular Transfer,A0396,A0240,2,,HIGH,Bi-directional money flow detected
Circular Transfer,A0454,A0164,2,,HIGH,Bi-directional money flow detected
Circular Transfer,A0321,A0211,2,,HIGH,Bi-directional money flow detected
Circular Transfer,A0309,A0081,2,,HIGH,Bi-directional money flow detected
Circular Transfer,A0445,A0342,2,,HIGH,Bi-directional money flow detected
Circular Transfer,A0222,A0121,2,,HIGH,Bi-directional money flow detected
Circular Transfer,A0258,A0215,2,,HIGH,Bi-directional money flow detected
Circular Transfer,A0481,A0287,2,,HIGH,Bi-directional money flow detected
Circular Transfer,A0209,A0180,2,,HIGH,Bi-directional money flow detected
Circular Transfer,A0471,A0031,2,,HIGH,Bi-directional money flow detected
Circular Transfer,A0186,A0106,2,,HIGH,Bi-directional money flow detected
Circular Transfer,A0118,A0364,2,,HIGH,Bi-directional money flow detected
Circular Transfer,A0150,A0221,2,,HIGH,Bi-directional money flow detected
Circular Transfer,A0021,A0151,2,,HIGH,Bi-directional money flow detected
Circular Transfer,A0152,A0155,2,,HIGH,Bi-directional money flow detected
Circular Transfer,A0302,A0124,2,,HIGH,Bi-directional money flow detected
Circular Transfer,A0424,A0025,2,,HIGH,Bi-directional money flow detected
Circular Transfer,A0214,A0431,2,,HIGH,Bi-directional money flow detected
Circular Transfer,A0262,A0276,2,,HIGH,Bi-directional money flow detected
Circular Transfer,A0452,A0414,2,,HIGH,Bi-directional money flow detected
Circular Transfer,A0352,A0238,2,,HIGH,Bi-directional money flow detected
Circular Transfer,A0260,A0037,2,,HIGH,Bi-directional money flow detected
Circular Transfer,A0063,A0381,2,,HIGH,Bi-directional money flow detected
Circular Transfer,A0403,A0431,2,,HIGH,Bi-directional money flow detected
Circular Transfer,A0245,A0301,2,,HIGH,Bi-directional money flow detected
Circular Transfer,A0081,A0030,2,,HIGH,Bi-directional money flow detected
Circular Transfer,A0036,A0383,2,,HIGH,Bi-directional money flow detected
Circular Transfer,A0291,A0401,2,,HIGH,Bi-directional money flow detected
Circular Transfer,A0252,A0373,2,,HIGH,Bi-directional money flow detected
Circular Transfer,A0214,A0224,2,,HIGH,Bi-directional money flow detected
Circular Transfer,A0321,A0268,2,,HIGH,Bi-directional money flow detected
Circular Transfer,A0203,A0214,2,,HIGH,Bi-directional money flow detected
Circular Transfer,A0269,A0349,2,,HIGH,Bi-directional money flow detected
Circular Transfer,A0187,A0380,2,,HIGH,Bi-directional money flow detected
Circular Transfer,A0330,A0116,2,,HIGH,Bi-directional money flow detected
Circular Transfer,A0475,A0016,2,,HIGH,Bi-directional money flow detected
Circular Transfer,A0392,A0333,2,,HIGH,Bi-directional money flow detected
Circular Transfer,A0464,A0236,2,,HIGH,Bi-directional money flow detected
Circular Transfer,A0007,A0315,2,,HIGH,Bi-directional money flow detected
Circular Transfer,A0194,A0214,2,,HIGH,Bi-directional money flow detected
Circular Transfer,A0274,A0115,2,,HIGH,Bi-directional money flow detected
Circular Transfer,A0333,A0250,2,,HIGH,Bi-directional money flow detected
Circular Transfer,A0223,A0207,2,,HIGH,Bi-directional money flow detected
Circular Transfer,A0200,A0311,2,,HIGH,Bi-directional money flow detected
Circular Transfer,A0450,A0001,2,,HIGH,Bi-directional money flow detected
Circular Transfer,A0348,A0357,2,,HIGH,Bi-directional money flow detected
Circular Transfer,A0017,A0070,2,,HIGH,Bi-directional money flow detected
Circular Transfer,A0168,A0375,2,,HIGH,Bi-directional money flow detected
Circular Transfer,A0419,A0204,2,,HIGH,Bi-directional money flow detected
Circular Transfer,A0028,A0468,2,,HIGH,Bi-directional money flow detected
Circular Transfer,A0429,A0032,2,,HIGH,Bi-directional money flow detected
Circular Transfer,A0202,A0162,2,,HIGH,Bi-directional money flow detected
Circular Transfer,A0431,A0095,2,,HIGH,Bi-directional money flow detected
Circular Transfer,A0394,A0240,2,,HIGH,Bi-directional money flow detected
Circular Transfer,A0191,A0100,2,,HIGH,Bi-directional money flow detected
Circular Transfer,A0260,A0489,2,,HIGH,Bi-directional money flow detected
Circular Transfer,A0024,A0108,2,,HIGH,Bi-directional money flow detected
Circular Transfer,A0403,A0183,2,,HIGH,Bi-directional money flow detected
Circular Transfer,A0308,A0259,2,,HIGH,Bi-directional money flow detected
Circular Transfer,A0161,A0099,2,,HIGH,Bi-directional money flow detected
Circular Transfer,A0187,A0242,2,,HIGH,Bi-directional money flow detected
Circular Transfer,A0486,A0205,2,,HIGH,Bi-directional money flow detected
Circular Transfer,A0024,A0097,2,,HIGH,Bi-directional money flow detected
Circular Transfer,A0116,A0311,2,,HIGH,Bi-directional money flow detected
Circular Transfer,A0243,A0187,2,,HIGH,Bi-directional money flow detected
Circular Transfer,A0209,A0311,2,,HIGH,Bi-directional money flow detected
Circular Transfer,A0272,A0321,2,,HIGH,Bi-directional money flow detected
Circular Transfer,A0240,A0003,2,,HIGH,Bi-directional money flow detected
Circular Transfer,A0255,A0287,2,,HIGH,Bi-directional money flow detected
Circular Transfer,A0416,A0019,2,,HIGH,Bi-directional money flow detected
Circular Transfer,A0069,A0043,2,,HIGH,Bi-directional money flow detected
Circular Transfer,A0261,A0326,2,,HIGH,Bi-directional money flow detected
Circular Transfer,A0384,A0482,2,,HIGH,Bi-directional money flow detected
Circular Transfer,A0228,A0173,2,,HIGH,Bi-directional money flow detected
Circular Transfer,A0394,A0112,2,,HIGH,Bi-directional money flow detected
Circular Transfer,A0334,A0220,2,,HIGH,Bi-directional money flow detected
Circular Transfer,A0458,A0012,2,,HIGH,Bi-directional money flow detected
Circular Transfer,A0470,A0113,2,,HIGH,Bi-directional money flow detected
Circular Transfer,A0175,A0309,2,,HIGH,Bi-directional money flow detected
Circular Transfer,A0142,A0325,2,,HIGH,Bi-directional money flow detected
Circular Transfer,A0362,A0273,2,,HIGH,Bi-directional money flow detected
Circular Transfer,A0473,A0088,2,,HIGH,Bi-directional money flow detected
Circular Transfer,A0135,A0071,2,,HIGH,Bi-directional money flow detected
Circular Transfer,A0481,A0414,2,,HIGH,Bi-directional money flow detected
Circular Transfer,A0356,A0097,2,,HIGH,Bi-directional money flow detected
Circular Transfer,A0116,A0041,2,,HIGH,Bi-directional money flow detected
Circular Transfer,A0003,A0492,2,,HIGH,Bi-directional money flow detected
Circular Transfer,A0373,A0432,2,,HIGH,Bi-directional money flow detected
Circular Transfer,A0200,A0396,2,,HIGH,Bi-directional money flow detected
Circular Transfer,A0217,A0038,2,,HIGH,Bi-directional money flow detected
Circular Transfer,A0341,A0114,2,,HIGH,Bi-directional money flow detected
Circular Transfer,A0170,A0398,2,,HIGH,Bi-directional money flow detected
Circular Transfer,A0019,A0250,2,,HIGH,Bi-directional money flow detected
Circular Transfer,A0235,A0135,2,,HIGH,Bi-directional money flow detected
Circular Transfer,A0171,A0077,2,,HIGH,Bi-directional money flow detected
Circular Transfer,A0050,A0003,2,,HIGH,Bi-directional money flow detected
Circular Transfer,A0187,A0131,2,,HIGH,Bi-directional money flow detected
Circular Transfer,A0455,A0341,2,,HIGH,Bi-directional money flow detected
Circular Transfer,A0251,A0337,2,,HIGH,Bi-directional money flow detected
Circular Transfer,A0060,A0148,2,,HIGH,Bi-directional money flow detected
Circular Transfer,A0289,A0026,2,,HIGH,Bi-directional money flow detected
Circular Transfer,A0207,A0446,2,,HIGH,Bi-directional money flow detected
Circular Transfer,A0352,A0376,2,,HIGH,Bi-directional money flow detected
Circular Transfer,A0485,A0472,2,,HIGH,Bi-directional money flow detected
Circular Transfer,A0202,A0447,2,,HIGH,Bi-directional money flow detected
Circular Transfer,A0092,A0236,2,,HIGH,Bi-directional money flow detected
Circular Transfer,A0272,A0445,2,,HIGH,Bi-directional money flow detected
Circular Transfer,A0411,A0211,2,,HIGH,Bi-directional money flow detected
Circular Transfer,A0110,A0249,2,,HIGH,Bi-directional money flow detected
Circular Transfer,A0095,A0098,2,,HIGH,Bi-directional money flow detected
Circular Transfer,A0213,A0417,2,,HIGH,Bi-directional money flow detected
Circular Transfer,A0134,A0297,2,,HIGH,Bi-directional money flow detected
Circular Transfer,A0217,A0444,2,,HIGH,Bi-directional money flow detected
Circular Transfer,A0307,A0095,2,,HIGH,Bi-directional money flow detected
Circular Transfer,A0297,A0242,2,,HIGH,Bi-directional money flow detected
Circular Transfer,A0405,A0457,2,,HIGH,Bi-directional money flow detected
Circular Transfer,A0133,A0158,2,,HIGH,Bi-directional money flow detected
Circular Transfer,A0020,A0162,2,,HIGH,Bi-directional money flow detected
Circular Transfer,A0373,A0319,2,,HIGH,Bi-directional money flow detected
Circular Transfer,A0236,A0410,2,,HIGH,Bi-directional money flow detected
Circular Transfer,A0407,A0178,2,,HIGH,Bi-directional money flow detected
Circular Transfer,A0252,A0382,2,,HIGH,Bi-directional money flow detected
Circular Transfer,A0313,A0451,2,,HIGH,Bi-directional money flow detected
Circular Transfer,A0239,A0269,2,,HIGH,Bi-directional money flow detected
Circular Transfer,A0104,A0338,2,,HIGH,Bi-directional money flow detected
Circular Transfer,A0454,A0341,2,,HIGH,Bi-directional money flow detected
Circular Transfer,A0058,A0411,2,,HIGH,Bi-directional money flow detected
Circular Transfer,A0335,A0225,2,,HIGH,Bi-directional money flow detected
Circular Transfer,A0439,A0250,2,,HIGH,Bi-directional money flow detected
Circular Transfer,A0012,A0446,2,,HIGH,Bi-directional money flow detected
Circular Transfer,A0197,A0028,2,,HIGH,Bi-directional money flow detected
Circular Transfer,A0177,A0402,2,,HIGH,Bi-directional money flow detected
Circular Transfer,A0174,A0416,2,,HIGH,Bi-directional money flow detected
Circular Transfer,A0478,A0153,2,,HIGH,Bi-directional money flow detected
Circular Transfer,A0394,A0211,2,,HIGH,Bi-directional money flow detected
Circular Transfer,A0481,A0321,2,,HIGH,Bi-directional money flow detected
Circular Transfer,A0434,A0309,2,,HIGH,Bi-directional money flow detected
Circular Transfer,A0055,A0113,2,,HIGH,Bi-directional money flow detected
Circular Transfer,A0059,A0003,2,,HIGH,Bi-directional money flow detected
Circular Transfer,A0314,A0239,2,,HIGH,Bi-directional money flow detected
Circular Transfer,A0024,A0309,2,,HIGH,Bi-directional money flow detected
Circular Transfer,A0326,A0214,2,,HIGH,Bi-directional money flow detected
Circular Transfer,A0251,A0222,2,,HIGH,Bi-directional money flow detected
Circular Transfer,A0166,A0173,2,,HIGH,Bi-directional money flow detected
Circular Transfer,A0447,A0239,2,,HIGH,Bi-directional money flow detected
Circular Transfer,A0152,A0065,2,,HIGH,Bi-directional money flow detected
Circular Transfer,A0462,A0394,2,,HIGH,Bi-directional money flow detected
Circular Transfer,A0409,A0484,2,,HIGH,Bi-directional money flow detected
Circular Transfer,A0110,A0178,2,,HIGH,Bi-directional money flow detected
Circular Transfer,A0375,A0432,2,,HIGH,Bi-directional money flow detected
Circular Transfer,A0193,A0396,2,,HIGH,Bi-directional money flow detected
Circular Transfer,A0190,A0287,2,,HIGH,Bi-directional money flow detected
Circular Transfer,A0123,A0242,2,,HIGH,Bi-directional money flow detected
Circular Transfer,A0315,A0253,2,,HIGH,Bi-directional money flow detected
Circular Transfer,A0434,A0142,2,,HIGH,Bi-directional money flow detected
Circular Transfer,A0465,A0358,2,,HIGH,Bi-directional money flow detected
Circular Transfer,A0264,A0157,2,,HIGH,Bi-directional money flow detected
Circular Transfer,A0452,A0093,2,,HIGH,Bi-directional money flow detected
Circular Transfer,A0060,A0335,2,,HIGH,Bi-directional money flow detected
Circular Transfer,A0087,A0301,2,,HIGH,Bi-directional money flow detected
Circular Transfer,A0274,A0266,2,,HIGH,Bi-directional money flow detected
Circular Transfer,A0089,A0337,2,,HIGH,Bi-directional money flow detected
Circular Transfer,A0126,A0388,2,,HIGH,Bi-directional money flow detected
Circular Transfer,A0182,A0031,2,,HIGH,Bi-directional money flow detected
Circular Transfer,A0283,A0238,2,,HIGH,Bi-directional money flow detected
Circular Transfer,A0117,A0351,2,,HIGH,Bi-directional money flow detected
Circular Transfer,A0155,A0026,2,,HIGH,Bi-directional money flow detected
Circular Transfer,A0108,A0406,2,,HIGH,Bi-directional money flow detected
Circular Transfer,A0029,A0062,2,,HIGH,Bi-directional money flow detected
Circular Transfer,A0085,A0477,2,,HIGH,Bi-directional money flow detected
Circular Transfer,A0036,A0412,2,,HIGH,Bi-directional money flow detected
Circular Transfer,A0494,A0406,2,,HIGH,Bi-directional money flow detected
Circular Transfer,A0415,A0274,2,,HIGH,Bi-directional money flow detected
Circular Transfer,A0104,A0495,2,,HIGH,Bi-directional money flow detected
Circular Transfer,A0075,A0106,2,,HIGH,Bi-directional money flow detected
Circular Transfer,A0005,A0474,2,,HIGH,Bi-directional money flow detected
Circular Transfer,A0449,A0205,2,,HIGH,Bi-directional money flow detected
Circular Transfer,A0352,A0322,2,,HIGH,Bi-directional money flow detected
Circular Transfer,A0291,A0466,2,,HIGH,Bi-directional money flow detected
Circular Transfer,A0133,A0257,2,,HIGH,Bi-directional money flow detected
Circular Transfer,A0268,A0089,2,,HIGH,Bi-directional money flow detected
Circular Transfer,A0012,A0312,2,,HIGH,Bi-directional money flow detected
Circular Transfer,A0428,A0414,2,,HIGH,Bi-directional money flow detected
Circular Transfer,A0432,A0290,2,,HIGH,Bi-directional money flow detected
Circular Transfer,A0063,A0190,2,,HIGH,Bi-directional money flow detected
Circular Transfer,A0053,A0112,2,,HIGH,Bi-directional money flow detected
Circular Transfer,A0270,A0122,2,,HIGH,Bi-directional money flow detected
Circular Transfer,A0068,A0098,2,,HIGH,Bi-directional money flow detected
Circular Transfer,A0460,A0148,2,,HIGH,Bi-directional money flow detected
Circular Transfer,A0078,A0319,2,,HIGH,Bi-directional money flow detected
Circular Transfer,A0158,A0288,2,,HIGH,Bi-directional money flow detected
Circular Transfer,A0073,A0266,2,,HIGH,Bi-directional money flow detected
Circular Transfer,A0407,A0252,2,,HIGH,Bi-directional money flow detected
Circular Transfer,A0480,A0107,2,,HIGH,Bi-directional money flow detected
Circular Transfer,A0426,A0046,2,,HIGH,Bi-directional money flow detected
Circular Transfer,A0398,A0138,2,,HIGH,Bi-directional money flow detected
Circular Transfer,A0268,A0482,2,,HIGH,Bi-directional money flow detected
Circular Transfer,A0106,A0233,2,,HIGH,Bi-directional money flow detected
Circular Transfer,A0253,A0290,2,,HIGH,Bi-directional money flow detected
Circular Transfer,A0290,A0292,2,,HIGH,Bi-directional money flow detected
Circular Transfer,A0044,A0005,2,,HIGH,Bi-directional money flow detected
Circular Transfer,A0449,A0225,2,,HIGH,Bi-directional money flow detected
Circular Transfer,A0187,A0022,2,,HIGH,Bi-directional money flow detected
Circular Transfer,A0003,A0398,2,,HIGH,Bi-directional money flow detected
Circular Transfer,A0215,A0295,2,,HIGH,Bi-directional money flow detected
Circular Transfer,A0346,A0445,2,,HIGH,Bi-directional money flow detected
Circular Transfer,A0435,A0500,2,,HIGH,Bi-directional money flow detected
Circular Transfer,A0171,A0099,2,,HIGH,Bi-directional money flow detected
Circular Transfer,A0264,A0133,2,,HIGH,Bi-directional money flow detected
Circular Transfer,A0468,A0488,2,,HIGH,Bi-directional money flow detected
Circular Transfer,A0329,A0442,2,,HIGH,Bi-directional money flow detected
Circular Transfer,A0187,A0454,2,,HIGH,Bi-directional money flow detected
Circular Transfer,A0178,A0136,2,,HIGH,Bi-directional money flow detected
Circular Transfer,A0072,A0474,2,,HIGH,Bi-directional money flow detected
Circular Transfer,A0432,A0132,2,,HIGH,Bi-directional money flow detected
Circular Transfer,A0098,A0424,2,,HIGH,Bi-directional money flow detected
Circular Transfer,A0390,A0344,2,,HIGH,Bi-directional money flow detected
Circular Transfer,A0131,A0127,2,,HIGH,Bi-directional money flow detected
Circular Transfer,A0315,A0242,2,,HIGH,Bi-directional money flow detected
Circular Transfer,A0452,A0255,2,,HIGH,Bi-directional money flow detected
Circular Transfer,A0338,A0440,2,,HIGH,Bi-directional money flow detected
Circular Transfer,A0378,A0174,2,,HIGH,Bi-directional money flow detected
Circular Transfer,A0170,A0139,2,,HIGH,Bi-directional money flow detected
Circular Transfer,A0104,A0190,2,,HIGH,Bi-directional money flow detected
Circular Transfer,A0470,A0278,2,,HIGH,Bi-directional money flow detected
Circular Transfer,A0105,A0133,2,,HIGH,Bi-directional money flow detected
Circular Transfer,A0192,A0465,2,,HIGH,Bi-directional money flow detected
Circular Transfer,A0278,A0247,2,,HIGH,Bi-directional money flow detected
Circular Transfer,A0116,A0191,2,,HIGH,Bi-directional money flow detected
Circular Transfer,A0142,A0374,2,,HIGH,Bi-directional money flow detected
Circular Transfer,A0447,A0036,2,,HIGH,Bi-directional money flow detected
Circular Transfer,A0058,A0157,2,,HIGH,Bi-directional money flow detected
Circular Transfer,A0470,A0236,2,,HIGH,Bi-directional money flow detected
Circular Transfer,A0176,A0187,2,,HIGH,Bi-directional money flow detected
Circular Transfer,A0183,A0315,2,,HIGH,Bi-directional money flow detected
Circular Transfer,A0451,A0116,2,,HIGH,Bi-directional money flow detected
Circular Transfer,A0460,A0335,2,,HIGH,Bi-directional money flow detected
Circular Transfer,A0345,A0281,2,,HIGH,Bi-directional money flow detected
Circular Transfer,A0308,A0066,2,,HIGH,Bi-directional money flow detected
Circular Transfer,A0104,A0322,2,,HIGH,Bi-directional money flow detected
Circular Transfer,A0326,A0233,2,,HIGH,Bi-directional money flow detected
Circular Transfer,A0384,A0278,2,,HIGH,Bi-directional money flow detected
Circular Transfer,A0496,A0443,2,,HIGH,Bi-directional money flow detected
Circular Transfer,A0134,A0013,2,,HIGH,Bi-directional money flow detected
Circular Transfer,A0353,A0114,2,,HIGH,Bi-directional money flow detected
Circular Transfer,A0095,A0446,2,,HIGH,Bi-directional money flow detected
Circular Transfer,A0406,A0394,2,,HIGH,Bi-directional money flow detected
Circular Transfer,A0417,A0095,2,,HIGH,Bi-directional money flow detected
Circular Transfer,A0096,A0086,2,,HIGH,Bi-directional money flow detected
Circular Transfer,A0215,A0120,2,,HIGH,Bi-directional money flow detected
Circular Transfer,A0205,A0374,2,,HIGH,Bi-directional money flow detected
Circular Transfer,A0237,A0481,2,,HIGH,Bi-directional money flow detected
Circular Transfer,A0484,A0332,2,,HIGH,Bi-directional money flow detected
Circular Transfer,A0157,A0187,2,,HIGH,Bi-directional money flow detected
Circular Transfer,A0244,A0057,2,,HIGH,Bi-directional money flow detected
Circular Transfer,A0129,A0336,2,,HIGH,Bi-directional money flow detected
Circular Transfer,A0113,A0200,2,,HIGH,Bi-directional money flow detected
Circular Transfer,A0298,A0206,2,,HIGH,Bi-directional money flow detected
Circular Transfer,A0281,A0285,2,,HIGH,Bi-directional money flow detected
Circular Transfer,A0017,A0314,2,,HIGH,Bi-directional money flow detected
Circular Transfer,A0158,A0168,2,,HIGH,Bi-directional money flow detected
Circular Transfer,A0179,A0499,2,,HIGH,Bi-directional money flow detected
Circular Transfer,A0384,A0163,2,,HIGH,Bi-directional money flow detected
Circular Transfer,A0447,A0021,2,,HIGH,Bi-directional money flow detected
Circular Transfer,A0233,A0454,2,,HIGH,Bi-directional money flow detected
Circular Transfer,A0308,A0255,2,,HIGH,Bi-directional money flow detected
Circular Transfer,A0412,A0262,2,,HIGH,Bi-directional money flow detected
Circular Transfer,A0074,A0454,2,,HIGH,Bi-directional money flow detected
Circular Transfer,A0381,A0200,2,,HIGH,Bi-directional money flow detected
Circular Transfer,A0237,A0485,2,,HIGH,Bi-directional money flow detected
Circular Transfer,A0467,A0021,2,,HIGH,Bi-directional money flow detected
Circular Transfer,A0077,A0167,2,,HIGH,Bi-directional money flow detected
Circular Transfer,A0447,A0390,2,,HIGH,Bi-directional money flow detected
Circular Transfer,A0276,A0056,2,,HIGH,Bi-directional money flow detected
Circular Transfer,A0384,A0058,2,,HIGH,Bi-directional money flow detected
Circular Transfer,A0498,A0337,2,,HIGH,Bi-directional money flow detected
Circular Transfer,A0014,A0236,2,,HIGH,Bi-directional money flow detected
Circular Transfer,A0122,A0492,2,,HIGH,Bi-directional money flow detected
Circular Transfer,A0240,A0036,2,,HIGH,Bi-directional money flow detected
Circular Transfer,A0171,A0317,2,,HIGH,Bi-directional money flow detected
Circular Transfer,A0355,A0127,2,,HIGH,Bi-directional money flow detected
Circular Transfer,A0107,A0490,2,,HIGH,Bi-directional money flow detected
Circular Transfer,A0012,A0122,2,,HIGH,Bi-directional money flow detected
Circular Transfer,A0293,A0350,2,,HIGH,Bi-directional money flow detected
Circular Transfer,A0445,A0333,2,,HIGH,Bi-directional money flow detected
Circular Transfer,A0249,A0161,2,,HIGH,Bi-directional money flow detected
Circular Transfer,A0291,A0402,2,,HIGH,Bi-directional money flow detected
Circular Transfer,A0476,A0315,2,,HIGH,Bi-directional money flow detected
Circular Transfer,A0037,A0116,2,,HIGH,Bi-directional money flow detected
Circular Transfer,A0152,A0452,2,,HIGH,Bi-directional money flow detected
Circular Transfer,A0175,A0027,2,,HIGH,Bi-directional money flow detected
Circular Transfer,A0205,A0279,2,,HIGH,Bi-directional money flow detected
Circular Transfer,A0310,A0051,2,,HIGH,Bi-directional money flow detected
Circular Transfer,A0376,A0240,2,,HIGH,Bi-directional money flow detected
Circular Transfer,A0089,A0494,2,,HIGH,Bi-directional money flow detected
Circular Transfer,A0409,A0245,2,,HIGH,Bi-directional money flow detected
Circular Transfer,A0097,A0147,2,,HIGH,Bi-directional money flow detected
Circular Transfer,A0424,A0268,2,,HIGH,Bi-directional money flow detected
Circular Transfer,A0268,A0313,2,,HIGH,Bi-directional money flow detected
Circular Transfer,A0348,A0063,2,,HIGH,Bi-directional money flow detected
Circular Transfer,A0094,A0285,2,,HIGH,Bi-directional money flow detected
Circular Transfer,A0108,A0485,2,,HIGH,Bi-directional money flow detected
Circular Transfer,A0271,A0008,2,,HIGH,Bi-directional money flow detected
Circular Transfer,A0049,A0454,2,,HIGH,Bi-directional money flow detected
Circular Transfer,A0045,A0446,2,,HIGH,Bi-directional money flow detected
Circular Transfer,A0097,A0053,2,,HIGH,Bi-directional money flow detected
Circular Transfer,A0321,A0245,2,,HIGH,Bi-directional money flow detected
Circular Transfer,A0344,A0293,2,,HIGH,Bi-directional money flow detected
Circular Transfer,A0364,A0021,2,,HIGH,Bi-directional money flow detected
Circular Transfer,A0257,A0116,2,,HIGH,Bi-directional money flow detected
Circular Transfer,A0496,A0330,2,,HIGH,Bi-directional money flow detected
Circular Transfer,A0116,A0015,2,,HIGH,Bi-directional money flow detected
Circular Transfer,A0024,A0269,2,,HIGH,Bi-directional money flow detected
Circular Transfer,A0176,A0050,2,,HIGH,Bi-directional money flow detected
Circular Transfer,A0029,A0178,2,,HIGH,Bi-directional money flow detected
Circular Transfer,A0180,A0257,2,,HIGH,Bi-directional money flow detected
Circular Transfer,A0294,A0098,2,,HIGH,Bi-directional money flow detected
Circular Transfer,A0381,A0257,2,,HIGH,Bi-directional money flow detected
Circular Transfer,A0445,A0318,2,,HIGH,Bi-directional money flow detected
Circular Transfer,A0143,A0021,2,,HIGH,Bi-directional money flow detected
Circular Transfer,A0058,A0434,2,,HIGH,Bi-directional money flow detected
Circular Transfer,A0043,A0462,2,,HIGH,Bi-directional money flow detected
Circular Transfer,A0270,A0249,2,,HIGH,Bi-directional money flow detected
Circular Transfer,A0230,A0396,2,,HIGH,Bi-directional money flow detected
Circular Transfer,A0495,A0021,2,,HIGH,Bi-directional money flow detected
Circular Transfer,A0435,A0295,2,,HIGH,Bi-directional money flow detected
Circular Transfer,A0281,A0047,2,,HIGH,Bi-directional money flow detected
Circular Transfer,A0125,A0396,2,,HIGH,Bi-directional money flow detected
Circular Transfer,A0415,A0394,2,,HIGH,Bi-directional money flow detected
Circular Transfer,A0476,A0381,2,,HIGH,Bi-directional money flow detected
Circular Transfer,A0159,A0482,2,,HIGH,Bi-directional money flow detected
Circular Transfer,A0035,A0040,2,,HIGH,Bi-directional money flow detected
Circular Transfer,A0256,A0373,2,,HIGH,Bi-directional money flow detected
Circular Transfer,A0412,A0385,2,,HIGH,Bi-directional money flow detected
Circular Transfer,A0098,A0427,2,,HIGH,Bi-directional money flow detected
Circular Transfer,A0063,A0259,2,,HIGH,Bi-directional money flow detected
Circular Transfer,A0067,A0321,2,,HIGH,Bi-directional money flow detected
Circular Transfer,A0397,A0087,2,,HIGH,Bi-directional money flow detected
Circular Transfer,A0006,A0257,2,,HIGH,Bi-directional money flow detected
Circular Transfer,A0050,A0057,2,,HIGH,Bi-directional money flow detected
Circular Transfer,A0398,A0111,2,,HIGH,Bi-directional money flow detected
Circular Transfer,A0182,A0123,2,,HIGH,Bi-directional money flow detected
Circular Transfer,A0061,A0278,2,,HIGH,Bi-directional money flow detected
Circular Transfer,A0452,A0496,2,,HIGH,Bi-directional money flow detected
Circular Transfer,A0133,A0050,2,,HIGH,Bi-directional money flow detected
Circular Transfer,A0130,A0198,2,,HIGH,Bi-directional money flow detected
Circular Transfer,A0277,A0399,2,,HIGH,Bi-directional money flow detected
Circular Transfer,A0290,A0300,2,,HIGH,Bi-directional money flow detected
Circular Transfer,A0152,A0392,2,,HIGH,Bi-directional money flow detected
Circular Transfer,A0207,A0053,2,,HIGH,Bi-directional money flow detected
Circular Transfer,A0375,A0290,2,,HIGH,Bi-directional money flow detected
Circular Transfer,A0114,A0394,2,,HIGH,Bi-directional money flow detected
Circular Transfer,A0351,A0057,2,,HIGH,Bi-directional money flow detected
Circular Transfer,A0472,A0021,2,,HIGH,Bi-directional money flow detected
Circular Transfer,A0255,A0155,2,,HIGH,Bi-directional money flow detected
Circular Transfer,A0495,A0025,2,,HIGH,Bi-directional money flow detected
Circular Transfer,A0472,A0205,2,,HIGH,Bi-directional money flow detected
Circular Transfer,A0158,A0375,2,,HIGH,Bi-directional money flow detected
Circular Transfer,A0027,A0332,2,,HIGH,Bi-directional money flow detected
Circular Transfer,A0041,A0207,2,,HIGH,Bi-directional money flow detected
Circular Transfer,A0031,A0230,2,,HIGH,Bi-directional money flow detected
Circular Transfer,A0121,A0193,2,,HIGH,Bi-directional money flow detected
Circular Transfer,A0136,A0053,2,,HIGH,Bi-directional money flow detected
Circular Transfer,A0104,A0102,2,,HIGH,Bi-directional money flow detected
Circular Transfer,A0487,A0071,2,,HIGH,Bi-directional money flow detected
Circular Transfer,A0242,A0215,2,,HIGH,Bi-directional money flow detected
Circular Transfer,A0139,A0036,2,,HIGH,Bi-directional money flow detected
Circular Transfer,A0097,A0482,2,,HIGH,Bi-directional money flow detected
Circular Transfer,A0449,A0104,2,,HIGH,Bi-directional money flow detected
Circular Transfer,A0142,A0425,2,,HIGH,Bi-directional money flow detected
Circular Transfer,A0011,A0227,2,,HIGH,Bi-directional money flow detected
Circular Transfer,A0112,A0268,2,,HIGH,Bi-directional money flow detected
Circular Transfer,A0023,A0218,2,,HIGH,Bi-directional money flow detected
Circular Transfer,A0005,A0200,2,,HIGH,Bi-directional money flow detected
Circular Transfer,A0059,A0075,2,,HIGH,Bi-directional money flow detected
Circular Transfer,A0328,A0149,2,,HIGH,Bi-directional money flow detected
Circular Transfer,A0077,A0185,2,,HIGH,Bi-directional money flow detected
Circular Transfer,A0454,A0427,2,,HIGH,Bi-directional money flow detected
Circular Transfer,A0417,A0332,2,,HIGH,Bi-directional money flow detected
Circular Transfer,A0472,A0188,2,,HIGH,Bi-directional money flow detected
Circular Transfer,A0378,A0357,2,,HIGH,Bi-directional money flow detected
Circular Transfer,A0369,A0274,2,,HIGH,Bi-directional money flow detected
Circular Transfer,A0018,A0403,2,,HIGH,Bi-directional money flow detected
Circular Transfer,A0297,A0442,2,,HIGH,Bi-directional money flow detected
Circular Transfer,A0398,A0081,2,,HIGH,Bi-directional money flow detected
Circular Transfer,A0152,A0341,2,,HIGH,Bi-directional money flow detected
Circular Transfer,A0297,A0031,2,,HIGH,Bi-directional money flow detected
Circular Transfer,A0390,A0397,2,,HIGH,Bi-directional money flow detected
Circular Transfer,A0500,A0365,2,,HIGH,Bi-directional money flow detected
Circular Transfer,A0490,A0409,2,,HIGH,Bi-directional money flow detected
Circular Transfer,A0056,A0476,2,,HIGH,Bi-directional money flow detected
Circular Transfer,A0374,A0088,2,,HIGH,Bi-directional money flow detected
Circular Transfer,A0079,A0008,2,,HIGH,Bi-directional money flow detected
Circular Transfer,A0159,A0184,2,,HIGH,Bi-directional money flow detected
Circular Transfer,A0168,A0046,2,,HIGH,Bi-directional money flow detected
Circular Transfer,A0149,A0136,2,,HIGH,Bi-directional money flow detected
Circular Transfer,A0058,A0367,2,,HIGH,Bi-directional money flow detected
Circular Transfer,A0291,A0440,2,,HIGH,Bi-directional money flow detected
Circular Transfer,A0050,A0432,2,,HIGH,Bi-directional money flow detected
Circular Transfer,A0071,A0083,2,,HIGH,Bi-directional money flow detected
Circular Transfer,A0458,A0009,2,,HIGH,Bi-directional money flow detected
Circular Transfer,A0457,A0390,2,,HIGH,Bi-directional money flow detected
Circular Transfer,A0053,A0084,2,,HIGH,Bi-directional money flow detected
Circular Transfer,A0489,A0424,2,,HIGH,Bi-directional money flow detected
Circular Transfer,A0252,A0061,2,,HIGH,Bi-directional money flow detected
Circular Transfer,A0175,A0111,2,,HIGH,Bi-directional money flow detected
Circular Transfer,A0450,A0495,2,,HIGH,Bi-directional money flow detected
Circular Transfer,A0311,A0104,2,,HIGH,Bi-directional money flow detected
Circular Transfer,A0024,A0268,2,,HIGH,Bi-directional money flow detected
Circular Transfer,A0185,A0321,2,,HIGH,Bi-directional money flow detected
Circular Transfer,A0333,A0355,2,,HIGH,Bi-directional money flow detected
Circular Transfer,A0005,A0131,2,,HIGH,Bi-directional money flow detected
Circular Transfer,A0168,A0130,2,,HIGH,Bi-directional money flow detected
Circular Transfer,A0003,A0388,2,,HIGH,Bi-directional money flow detected
Circular Transfer,A0409,A0374,2,,HIGH,Bi-directional money flow detected
Circular Transfer,A0480,A0010,2,,HIGH,Bi-directional money flow detected
Circular Transfer,A0451,A0373,2,,HIGH,Bi-directional money flow detected
Circular Transfer,A0207,A0044,2,,HIGH,Bi-directional money flow detected
Circular Transfer,A0406,A0098,2,,HIGH,Bi-directional money flow detected
Circular Transfer,A0022,A0205,2,,HIGH,Bi-directional money flow detected
Circular Transfer,A0245,A0454,2,,HIGH,Bi-directional money flow detected
Circular Transfer,A0346,A0097,2,,HIGH,Bi-directional money flow detected
Circular Transfer,A0004,A0257,2,,HIGH,Bi-directional money flow detected
Circular Transfer,A0178,A0379,2,,HIGH,Bi-directional money flow detected
Circular Transfer,A0119,A0028,2,,HIGH,Bi-directional money flow detected
Circular Transfer,A0007,A0221,2,,HIGH,Bi-directional money flow detected
Circular Transfer,A0292,A0265,2,,HIGH,Bi-directional money flow detected
Circular Transfer,A0382,A0468,2,,HIGH,Bi-directional money flow detected
Circular Transfer,A0044,A0209,2,,HIGH,Bi-directional money flow detected
Circular Transfer,A0254,A0407,2,,HIGH,Bi-directional money flow detected
Circular Transfer,A0491,A0200,2,,HIGH,Bi-directional money flow detected
Circular Transfer,A0445,A0032,2,,HIGH,Bi-directional money flow detected
Circular Transfer,A0061,A0381,2,,HIGH,Bi-directional money flow detected
Circular Transfer,A0009,A0175,2,,HIGH,Bi-directional money flow detected
Circular Transfer,A0098,A0369,2,,HIGH,Bi-directional money flow detected
Circular Transfer,A0090,A0136,2,,HIGH,Bi-directional money flow detected
Circular Transfer,A0362,A0136,2,,HIGH,Bi-directional money flow detected
Circular Transfer,A0058,A0372,2,,HIGH,Bi-directional money flow detected
Circular Transfer,A0057,A0200,2,,HIGH,Bi-directional money flow detected
Circular Transfer,A0181,A0262,2,,HIGH,Bi-directional money flow detected
Circular Transfer,A0378,A0091,2,,HIGH,Bi-directional money flow detected
Circular Transfer,A0454,A0409,2,,HIGH,Bi-directional money flow detected
Circular Transfer,A0007,A0006,2,,HIGH,Bi-directional money flow detected
Circular Transfer,A0385,A0022,2,,HIGH,Bi-directional money flow detected
Circular Transfer,A0465,A0300,2,,HIGH,Bi-directional money flow detected
Circular Transfer,A0209,A0046,2,,HIGH,Bi-directional money flow detected
Circular Transfer,A0239,A0169,2,,HIGH,Bi-directional money flow detected
Circular Transfer,A0091,A0486,2,,HIGH,Bi-directional money flow detected
Circular Transfer,A0278,A0479,2,,HIGH,Bi-directional money flow detected
Circular Transfer,A0009,A0236,2,,HIGH,Bi-directional money flow detected
Circular Transfer,A0257,A0411,2,,HIGH,Bi-directional money flow detected
Circular Transfer,A0283,A0321,2,,HIGH,Bi-directional money flow detected
Circular Transfer,A0227,A0416,2,,HIGH,Bi-directional money flow detected
Circular Transfer,A0005,A0282,2,,HIGH,Bi-directional money flow detected
Circular Transfer,A0452,A0229,2,,HIGH,Bi-directional money flow detected
Circular Transfer,A0476,A0071,2,,HIGH,Bi-directional money flow detected
Circular Transfer,A0042,A0299,2,,HIGH,Bi-directional money flow detected
Circular Transfer,A0062,A0036,2,,HIGH,Bi-directional money flow detected
Circular Transfer,A0483,A0211,2,,HIGH,Bi-directional money flow detected
Circular Transfer,A0265,A0236,2,,HIGH,Bi-directional money flow detected
Circular Transfer,A0285,A0121,2,,HIGH,Bi-directional money flow detected
Circular Transfer,A0167,A0163,2,,HIGH,Bi-directional money flow detected
Circular Transfer,A0143,A0419,2,,HIGH,Bi-directional money flow detected
Circular Transfer,A0465,A0239,2,,HIGH,Bi-directional money flow detected
Circular Transfer,A0272,A0059,2,,HIGH,Bi-directional money flow detected
Circular Transfer,A0240,A0334,2,,HIGH,Bi-directional money flow detected
Circular Transfer,A0385,A0460,2,,HIGH,Bi-directional money flow detected
Circular Transfer,A0371,A0355,2,,HIGH,Bi-directional money flow detected
Circular Transfer,A0117,A0209,2,,HIGH,Bi-directional money flow detected
Circular Transfer,A0232,A0165,2,,HIGH,Bi-directional money flow detected
Circular Transfer,A0341,A0485,2,,HIGH,Bi-directional money flow detected
Circular Transfer,A0117,A0146,2,,HIGH,Bi-directional money flow detected
Circular Transfer,A0365,A0286,2,,HIGH,Bi-directional money flow detected
Circular Transfer,A0168,A0127,2,,HIGH,Bi-directional money flow detected
Circular Transfer,A0126,A0291,2,,HIGH,Bi-directional money flow detected
Circular Transfer,A0280,A0447,2,,HIGH,Bi-directional money flow detected
Circular Transfer,A0444,A0328,2,,HIGH,Bi-directional money flow detected
Circular Transfer,A0051,A0298,2,,HIGH,Bi-directional money flow detected
Circular Transfer,A0123,A0100,2,,HIGH,Bi-directional money flow detected
Circular Transfer,A0067,A0155,2,,HIGH,Bi-directional money flow detected
Circular Transfer,A0141,A0138,2,,HIGH,Bi-directional money flow detected
Circular Transfer,A0491,A0095,2,,HIGH,Bi-directional money flow detected
Circular Transfer,A0198,A0384,2,,HIGH,Bi-directional money flow detected
Circular Transfer,A0289,A0271,2,,HIGH,Bi-directional money flow detected
Circular Transfer,A0223,A0182,2,,HIGH,Bi-directional money flow detected
Circular Transfer,A0113,A0146,2,,HIGH,Bi-directional money flow detected
Circular Transfer,A0057,A0125,2,,HIGH,Bi-directional money flow detected
Circular Transfer,A0110,A0101,2,,HIGH,Bi-directional money flow detected
Circular Transfer,A0445,A0095,2,,HIGH,Bi-directional money flow detected
Circular Transfer,A0143,A0487,2,,HIGH,Bi-directional money flow detected
Circular Transfer,A0361,A0020,2,,HIGH,Bi-directional money flow detected
Circular Transfer,A0374,A0093,2,,HIGH,Bi-directional money flow detected
Circular Transfer,A0206,A0447,2,,HIGH,Bi-directional money flow detected
Circular Transfer,A0121,A0449,2,,HIGH,Bi-directional money flow detected
Circular Transfer,A0453,A0404,2,,HIGH,Bi-directional money flow detected
Circular Transfer,A0241,A0254,2,,HIGH,Bi-directional money flow detected
Circular Transfer,A0203,A0077,2,,HIGH,Bi-directional money flow detected
Circular Transfer,A0441,A0195,2,,HIGH,Bi-directional money flow detected
Circular Transfer,A0251,A0445,2,,HIGH,Bi-directional money flow detected
Circular Transfer,A0441,A0278,2,,HIGH,Bi-directional money flow detected
Circular Transfer,A0484,A0098,2,,HIGH,Bi-directional money flow detected
Circular Transfer,A0191,A0053,2,,HIGH,Bi-directional money flow detected
Circular Transfer,A0256,A0249,2,,HIGH,Bi-directional money flow detected
Circular Transfer,A0378,A0348,2,,HIGH,Bi-directional money flow detected
Circular Transfer,A0363,A0457,2,,HIGH,Bi-directional money flow detected
Circular Transfer,A0242,A0125,2,,HIGH,Bi-directional money flow detected
Circular Transfer,A0448,A0449,2,,HIGH,Bi-directional money flow detected
Circular Transfer,A0156,A0146,2,,HIGH,Bi-directional money flow detected
Circular Transfer,A0428,A0458,2,,HIGH,Bi-directional money flow detected
Circular Transfer,A0313,A0285,2,,HIGH,Bi-directional money flow detected
Circular Transfer,A0259,A0433,2,,HIGH,Bi-directional money flow detected
Circular Transfer,A0300,A0336,2,,HIGH,Bi-directional money flow detected
Circular Transfer,A0226,A0328,2,,HIGH,Bi-directional money flow detected
Circular Transfer,A0057,A0295,2,,HIGH,Bi-directional money flow detected
Circular Transfer,A0237,A0236,2,,HIGH,Bi-directional money flow detected
Circular Transfer,A0089,A0321,2,,HIGH,Bi-directional money flow detected
Circular Transfer,A0066,A0198,2,,HIGH,Bi-directional money flow detected
Circular Transfer,A0452,A0386,2,,HIGH,Bi-directional money flow detected
Circular Transfer,A0487,A0252,2,,HIGH,Bi-directional money flow detected
Circular Transfer,A0154,A0472,2,,HIGH,Bi-directional money flow detected
Circular Transfer,A0255,A0336,2,,HIGH,Bi-directional money flow detected
Circular Transfer,A0251,A0429,2,,HIGH,Bi-directional money flow detected
Circular Transfer,A0473,A0452,2,,HIGH,Bi-directional money flow detected
Circular Transfer,A0269,A0157,2,,HIGH,Bi-directional money flow detected
Circular Transfer,A0356,A0484,2,,HIGH,Bi-directional money flow detected
Circular Transfer,A0424,A0325,2,,HIGH,Bi-directional money flow detected
Circular Transfer,A0213,A0216,2,,HIGH,Bi-directional money flow detected
Circular Transfer,A0102,A0398,2,,HIGH,Bi-directional money flow detected
Circular Transfer,A0467,A0003,2,,HIGH,Bi-directional money flow detected
Circular Transfer,A0203,A0341,2,,HIGH,Bi-directional money flow detected
Circular Transfer,A0487,A0266,2,,HIGH,Bi-directional money flow detected
Circular Transfer,A0150,A0153,2,,HIGH,Bi-directional money flow detected
Circular Transfer,A0397,A0181,2,,HIGH,Bi-directional money flow detected
Circular Transfer,A0133,A0351,2,,HIGH,Bi-directional money flow detected
Circular Transfer,A0040,A0280,2,,HIGH,Bi-directional money flow detected
Circular Transfer,A0448,A0205,2,,HIGH,Bi-directional money flow detected
Circular Transfer,A0220,A0225,2,,HIGH,Bi-directional money flow detected
Circular Transfer,A0236,A0398,2,,HIGH,Bi-directional money flow detected
Circular Transfer,A0329,A0406,2,,HIGH,Bi-directional money flow detected
Circular Transfer,A0162,A0018,2,,HIGH,Bi-directional money flow detected
Circular Transfer,A0236,A0157,2,,HIGH,Bi-directional money flow detected
Circular Transfer,A0337,A0249,2,,HIGH,Bi-directional money flow detected
Circular Transfer,A0348,A0476,2,,HIGH,Bi-directional money flow detected
Circular Transfer,A0366,A0267,2,,HIGH,Bi-directional money flow detected
Circular Transfer,A0008,A0241,2,,HIGH,Bi-directional money flow detected
Circular Transfer,A0225,A0391,2,,HIGH,Bi-directional money flow detected
Circular Transfer,A0268,A0062,2,,HIGH,Bi-directional money flow detected
Circular Transfer,A0303,A0046,2,,HIGH,Bi-directional money flow detected
Circular Transfer,A0265,A0047,2,,HIGH,Bi-directional money flow detected
Circular Transfer,A0390,A0294,2,,HIGH,Bi-directional money flow detected
Circular Transfer,A0056,A0099,2,,HIGH,Bi-directional money flow detected
Circular Transfer,A0095,A0178,2,,HIGH,Bi-directional money flow detected
Circular Transfer,A0445,A0412,2,,HIGH,Bi-directional money flow detected
Circular Transfer,A0222,A0071,2,,HIGH,Bi-directional money flow detected
Circular Transfer,A0313,A0411,2,,HIGH,Bi-directional money flow detected
Circular Transfer,A0205,A0384,2,,HIGH,Bi-directional money flow detected
Circular Transfer,A0333,A0178,2,,HIGH,Bi-directional money flow detected
Circular Transfer,A0114,A0253,2,,HIGH,Bi-directional money flow detected
Circular Transfer,A0105,A0365,2,,HIGH,Bi-directional money flow detected
Circular Transfer,A0078,A0005,2,,HIGH,Bi-directional money flow detected
Circular Transfer,A0384,A0110,2,,HIGH,Bi-directional money flow detected
Circular Transfer,A0448,A0308,2,,HIGH,Bi-directional money flow detected
Circular Transfer,A0467,A0261,2,,HIGH,Bi-directional money flow detected
Circular Transfer,A0077,A0271,2,,HIGH,Bi-directional money flow detected
Circular Transfer,A0232,A0475,2,,HIGH,Bi-directional money flow detected
Circular Transfer,A0461,A0189,2,,HIGH,Bi-directional money flow detected
Circular Transfer,A0104,A0437,2,,HIGH,Bi-directional money flow detected
Circular Transfer,A0196,A0096,2,,HIGH,Bi-directional money flow detected
Circular Transfer,A0498,A0386,2,,HIGH,Bi-directional money flow detected
Circular Transfer,A0202,A0132,2,,HIGH,Bi-directional money flow detected
Circular Transfer,A0187,A0477,2,,HIGH,Bi-directional money flow detected
Circular Transfer,A0333,A0356,2,,HIGH,Bi-directional money flow detected
Circular Transfer,A0175,A0390,2,,HIGH,Bi-directional money flow detected
Circular Transfer,A0481,A0404,2,,HIGH,Bi-directional money flow detected
Circular Transfer,A0409,A0170,2,,HIGH,Bi-directional money flow detected
Circular Transfer,A0305,A0315,2,,HIGH,Bi-directional money flow detected
Circular Transfer,A0407,A0470,2,,HIGH,Bi-directional money flow detected
Circular Transfer,A0025,A0278,2,,HIGH,Bi-directional money flow detected
Circular Transfer,A0249,A0331,2,,HIGH,Bi-directional money flow detected
Circular Transfer,A0396,A0162,2,,HIGH,Bi-directional money flow detected
Circular Transfer,A0500,A0139,2,,HIGH,Bi-directional money flow detected
Circular Transfer,A0335,A0158,2,,HIGH,Bi-directional money flow detected
Circular Transfer,A0262,A0012,2,,HIGH,Bi-directional money flow detected
Circular Transfer,A0256,A0184,2,,HIGH,Bi-directional money flow detected
Circular Transfer,A0177,A0420,2,,HIGH,Bi-directional money flow detected
Circular Transfer,A0480,A0440,2,,HIGH,Bi-directional money flow detected
Circular Transfer,A0479,A0443,2,,HIGH,Bi-directional money flow detected
Circular Transfer,A0103,A0224,2,,HIGH,Bi-directional money flow detected
Circular Transfer,A0238,A0205,2,,HIGH,Bi-directional money flow detected
Circular Transfer,A0015,A0257,2,,HIGH,Bi-directional money flow detected
Circular Transfer,A0071,A0085,2,,HIGH,Bi-directional money flow detected
Circular Transfer,A0161,A0162,2,,HIGH,Bi-directional money flow detected
Circular Transfer,A0389,A0369,2,,HIGH,Bi-directional money flow detected
Circular Transfer,A0098,A0112,2,,HIGH,Bi-directional money flow detected
Circular Transfer,A0222,A0479,2,,HIGH,Bi-directional money flow detected
Circular Transfer,A0479,A0158,2,,HIGH,Bi-directional money flow detected
Circular Transfer,A0088,A0415,2,,HIGH,Bi-directional money flow detected
Circular Transfer,A0363,A0050,2,,HIGH,Bi-directional money flow detected
Circular Transfer,A0149,A0145,2,,HIGH,Bi-directional money flow detected
Circular Transfer,A0460,A0326,2,,HIGH,Bi-directional money flow detected
Circular Transfer,A0015,A0118,2,,HIGH,Bi-directional money flow detected
Circular Transfer,A0138,A0028,2,,HIGH,Bi-directional money flow detected
Circular Transfer,A0485,A0424,2,,HIGH,Bi-directional money flow detected
Circular Transfer,A0356,A0036,2,,HIGH,Bi-directional money flow detected
Circular Transfer,A0113,A0100,2,,HIGH,Bi-directional money flow detected
Circular Transfer,A0151,A0345,2,,HIGH,Bi-directional money flow detected
Circular Transfer,A0279,A0425,2,,HIGH,Bi-directional money flow detected
Circular Transfer,A0475,A0349,2,,HIGH,Bi-directional money flow detected
Circular Transfer,A0127,A0421,2,,HIGH,Bi-directional money flow detected
Circular Transfer,A0237,A0381,2,,HIGH,Bi-directional money flow detected
Circular Transfer,A0269,A0350,2,,HIGH,Bi-directional money flow detected
Circular Transfer,A0313,A0338,2,,HIGH,Bi-directional money flow detected
Circular Transfer,A0333,A0088,2,,HIGH,Bi-directional money flow detected
Circular Transfer,A0215,A0200,2,,HIGH,Bi-directional money flow detected
Circular Transfer,A0292,A0027,2,,HIGH,Bi-directional money flow detected
Circular Transfer,A0418,A0254,2,,HIGH,Bi-directional money flow detected
Circular Transfer,A0044,A0351,2,,HIGH,Bi-directional money flow detected
Circular Transfer,A0373,A0457,2,,HIGH,Bi-directional money flow detected
Circular Transfer,A0333,A0184,2,,HIGH,Bi-directional money flow detected
Circular Transfer,A0213,A0188,2,,HIGH,Bi-directional money flow detected
Circular Transfer,A0239,A0138,2,,HIGH,Bi-directional money flow detected
Circular Transfer,A0058,A0492,2,,HIGH,Bi-directional money flow detected
Circular Transfer,A0117,A0113,2,,HIGH,Bi-directional money flow detected
Circular Transfer,A0250,A0354,2,,HIGH,Bi-directional money flow detected
Circular Transfer,A0202,A0396,2,,HIGH,Bi-directional money flow detected
Circular Transfer,A0379,A0075,2,,HIGH,Bi-directional money flow detected
Circular Transfer,A0097,A0381,2,,HIGH,Bi-directional money flow detected
Circular Transfer,A0413,A0058,2,,HIGH,Bi-directional money flow detected
Circular Transfer,A0042,A0050,2,,HIGH,Bi-directional money flow detected
Circular Transfer,A0170,A0183,2,,HIGH,Bi-directional money flow detected
Circular Transfer,A0104,A0103,2,,HIGH,Bi-directional money flow detected
Circular Transfer,A0313,A0483,2,,HIGH,Bi-directional money flow detected
Circular Transfer,A0050,A0378,2,,HIGH,Bi-directional money flow detected
Circular Transfer,A0400,A0049,2,,HIGH,Bi-directional money flow detected
Circular Transfer,A0149,A0054,2,,HIGH,Bi-directional money flow detected
Circular Transfer,A0092,A0019,2,,HIGH,Bi-directional money flow detected
Circular Transfer,A0398,A0440,2,,HIGH,Bi-directional money flow detected
Circular Transfer,A0269,A0105,2,,HIGH,Bi-directional money flow detected
Circular Transfer,A0434,A0417,2,,HIGH,Bi-directional money flow detected
Circular Transfer,A0463,A0493,2,,HIGH,Bi-directional money flow detected
Circular Transfer,A0457,A0418,2,,HIGH,Bi-directional money flow detected
Circular Transfer,A0106,A0211,2,,HIGH,Bi-directional money flow detected
Circular Transfer,A0384,A0088,2,,HIGH,Bi-directional money flow detected
Circular Transfer,A0347,A0384,2,,HIGH,Bi-directional money flow detected
Circular Transfer,A0481,A0240,2,,HIGH,Bi-directional money flow detected
Circular Transfer,A0212,A0326,2,,HIGH,Bi-directional money flow detected
Circular Transfer,A0449,A0327,2,,HIGH,Bi-directional money flow detected
Circular Transfer,A0309,A0383,2,,HIGH,Bi-directional money flow detected
Circular Transfer,A0144,A0375,2,,HIGH,Bi-directional money flow detected
Circular Transfer,A0030,A0108,2,,HIGH,Bi-directional money flow detected
Circular Transfer,A0500,A0024,2,,HIGH,Bi-directional money flow detected
Circular Transfer,A0396,A0170,2,,HIGH,Bi-directional money flow detected
Circular Transfer,A0024,A0025,2,,HIGH,Bi-directional money flow detected
Circular Transfer,A0470,A0116,2,,HIGH,Bi-directional money flow detected
Circular Transfer,A0149,A0010,2,,HIGH,Bi-directional money flow detected
Circular Transfer,A0457,A0003,2,,HIGH,Bi-directional money flow detected
Circular Transfer,A0481,A0112,2,,HIGH,Bi-directional money flow detected
Circular Transfer,A0195,A0211,2,,HIGH,Bi-directional money flow detected
Circular Transfer,A0389,A0467,2,,HIGH,Bi-directional money flow detected
Circular Transfer,A0238,A0432,2,,HIGH,Bi-directional money flow detected
Circular Transfer,A0138,A0322,2,,HIGH,Bi-directional money flow detected
Circular Transfer,A0024,A0435,2,,HIGH,Bi-directional money flow detected
Circular Transfer,A0197,A0133,2,,HIGH,Bi-directional money flow detected
Circular Transfer,A0479,A0131,2,,HIGH,Bi-directional money flow detected
Circular Transfer,A0157,A0271,2,,HIGH,Bi-directional money flow detected
Circular Transfer,A0045,A0184,2,,HIGH,Bi-directional money flow detected
Circular Transfer,A0156,A0114,2,,HIGH,Bi-directional money flow detected
Circular Transfer,A0458,A0443,2,,HIGH,Bi-directional money flow detected
Circular Transfer,A0454,A0228,2,,HIGH,Bi-directional money flow detected
Circular Transfer,A0191,A0106,2,,HIGH,Bi-directional money flow detected
Circular Transfer,A0451,A0259,2,,HIGH,Bi-directional money flow detected
Circular Transfer,A0321,A0145,2,,HIGH,Bi-directional money flow detected
Circular Transfer,A0076,A0095,2,,HIGH,Bi-directional money flow detected
Circular Transfer,A0253,A0127,2,,HIGH,Bi-directional money flow detected
Circular Transfer,A0275,A0050,2,,HIGH,Bi-directional money flow detected
Circular Transfer,A0275,A0160,2,,HIGH,Bi-directional money flow detected
Circular Transfer,A0460,A0249,2,,HIGH,Bi-directional money flow detected
Circular Transfer,A0030,A0458,2,,HIGH,Bi-directional money flow detected
Circular Transfer,A0268,A0115,2,,HIGH,Bi-directional money flow detected
Circular Transfer,A0206,A0021,2,,HIGH,Bi-directional money flow detected
Circular Transfer,A0442,A0453,2,,HIGH,Bi-directional money flow detected
Circular Transfer,A0048,A0170,2,,HIGH,Bi-directional money flow detected
Circular Transfer,A0207,A0144,2,,HIGH,Bi-directional money flow detected
Circular Transfer,A0009,A0326,2,,HIGH,Bi-directional money flow detected
Circular Transfer,A0346,A0423,2,,HIGH,Bi-directional money flow detected
Circular Transfer,A0382,A0335,2,,HIGH,Bi-directional money flow detected
Circular Transfer,A0183,A0407,2,,HIGH,Bi-directional money flow detected
Circular Transfer,A0293,A0157,2,,HIGH,Bi-directional money flow detected
Circular Transfer,A0452,A0233,2,,HIGH,Bi-directional money flow detected
Circular Transfer,A0144,A0421,2,,HIGH,Bi-directional money flow detected
Circular Transfer,A0267,A0352,2,,HIGH,Bi-directional money flow detected
Circular Transfer,A0458,A0086,2,,HIGH,Bi-directional money flow detected
Circular Transfer,A0189,A0446,2,,HIGH,Bi-directional money flow detected
Circular Transfer,A0237,A0122,2,,HIGH,Bi-directional money flow detected
Circular Transfer,A0393,A0368,2,,HIGH,Bi-directional money flow detected
Circular Transfer,A0391,A0027,2,,HIGH,Bi-directional money flow detected
Circular Transfer,A0146,A0331,2,,HIGH,Bi-directional money flow detected
Circular Transfer,A0021,A0454,2,,HIGH,Bi-directional money flow detected
Circular Transfer,A0191,A0055,2,,HIGH,Bi-directional money flow detected
Circular Transfer,A0418,A0300,2,,HIGH,Bi-directional money flow detected
Circular Transfer,A0055,A0116,2,,HIGH,Bi-directional money flow detected
Circular Transfer,A0238,A0354,2,,HIGH,Bi-directional money flow detected
Circular Transfer,A0269,A0119,2,,HIGH,Bi-directional money flow detected
Circular Transfer,A0116,A0379,2,,HIGH,Bi-directional money flow detected
Circular Transfer,A0279,A0145,2,,HIGH,Bi-directional money flow detected
Circular Transfer,A0162,A0080,2,,HIGH,Bi-directional money flow detected
Circular Transfer,A0372,A0268,2,,HIGH,Bi-directional money flow detected
Circular Transfer,A0416,A0128,2,,HIGH,Bi-directional money flow detected
Circular Transfer,A0182,A0318,2,,HIGH,Bi-directional money flow detected
Circular Transfer,A0315,A0095,2,,HIGH,Bi-directional money flow detected
Circular Transfer,A0315,A0477,2,,HIGH,Bi-directional money flow detected
Circular Transfer,A0454,A0013,2,,HIGH,Bi-directional money flow detected
Circular Transfer,A0220,A0130,2,,HIGH,Bi-directional money flow detected
Circular Transfer,A0192,A0151,2,,HIGH,Bi-directional money flow detected
Circular Transfer,A0108,A0040,2,,HIGH,Bi-directional money flow detected
Circular Transfer,A0330,A0437,2,,HIGH,Bi-directional money flow detected
Circular Transfer,A0108,A0203,2,,HIGH,Bi-directional money flow detected
Circular Transfer,A0007,A0430,2,,HIGH,Bi-directional money flow detected
Circular Transfer,A0252,A0139,2,,HIGH,Bi-directional money flow detected
Circular Transfer,A0475,A0357,2,,HIGH,Bi-directional money flow detected
Circular Transfer,A0330,A0364,2,,HIGH,Bi-directional money flow detected
Circular Transfer,A0065,A0381,2,,HIGH,Bi-directional money flow detected
Circular Transfer,A0380,A0394,2,,HIGH,Bi-directional money flow detected
Circular Transfer,A0300,A0099,2,,HIGH,Bi-directional money flow detected
Circular Transfer,A0208,A0014,2,,HIGH,Bi-directional money flow detected
Circular Transfer,A0273,A0329,2,,HIGH,Bi-directional money flow detected
Circular Transfer,A0372,A0311,2,,HIGH,Bi-directional money flow detected
Circular Transfer,A0033,A0044,2,,HIGH,Bi-directional money flow detected
Circular Transfer,A0239,A0401,2,,HIGH,Bi-directional money flow detected
Circular Transfer,A0075,A0093,2,,HIGH,Bi-directional money flow detected
Circular Transfer,A0147,A0361,2,,HIGH,Bi-directional money flow detected
Circular Transfer,A0413,A0493,2,,HIGH,Bi-directional money flow detected
Circular Transfer,A0257,A0259,2,,HIGH,Bi-directional money flow detected
Circular Transfer,A0092,A0030,2,,HIGH,Bi-directional money flow detected
Circular Transfer,A0493,A0077,2,,HIGH,Bi-directional money flow detected
Circular Transfer,A0094,A0210,2,,HIGH,Bi-directional money flow detected
Circular Transfer,A0467,A0384,2,,HIGH,Bi-directional money flow detected
Circular Transfer,A0357,A0297,2,,HIGH,Bi-directional money flow detected
Circular Transfer,A0084,A0212,2,,HIGH,Bi-directional money flow detected
Circular Transfer,A0292,A0056,2,,HIGH,Bi-directional money flow detected
Circular Transfer,A0349,A0385,2,,HIGH,Bi-directional money flow detected
Circular Transfer,A0388,A0076,2,,HIGH,Bi-directional money flow detected
Circular Transfer,A0468,A0457,2,,HIGH,Bi-directional money flow detected
Circular Transfer,A0168,A0299,2,,HIGH,Bi-directional money flow detected
Circular Transfer,A0484,A0016,2,,HIGH,Bi-directional money flow detected
Circular Transfer,A0198,A0464,2,,HIGH,Bi-directional money flow detected
Circular Transfer,A0188,A0383,2,,HIGH,Bi-directional money flow detected
Circular Transfer,A0433,A0483,2,,HIGH,Bi-directional money flow detected
Circular Transfer,A0147,A0195,2,,HIGH,Bi-directional money flow detected
Circular Transfer,A0161,A0219,2,,HIGH,Bi-directional money flow detected
Circular Transfer,A0037,A0204,2,,HIGH,Bi-directional money flow detected
Circular Transfer,A0012,A0141,2,,HIGH,Bi-directional money flow detected
Circular Transfer,A0338,A0130,2,,HIGH,Bi-directional money flow detected
Circular Transfer,A0148,A0276,2,,HIGH,Bi-directional money flow detected
Circular Transfer,A0290,A0261,2,,HIGH,Bi-directional money flow detected
Circular Transfer,A0117,A0176,2,,HIGH,Bi-directional money flow detected
Circular Transfer,A0443,A0238,2,,HIGH,Bi-directional money flow detected
Circular Transfer,A0107,A0222,2,,HIGH,Bi-directional money flow detected
Circular Transfer,A0063,A0329,2,,HIGH,Bi-directional money flow detected
Circular Transfer,A0190,A0112,2,,HIGH,Bi-directional money flow detected
Circular Transfer,A0278,A0364,2,,HIGH,Bi-directional money flow detected
Circular Transfer,A0422,A0329,2,,HIGH,Bi-directional money flow detected
Circular Transfer,A0328,A0344,2,,HIGH,Bi-directional money flow detected
Circular Transfer,A0136,A0371,2,,HIGH,Bi-directional money flow detected
Circular Transfer,A0123,A0179,2,,HIGH,Bi-directional money flow detected
Circular Transfer,A0196,A0248,2,,HIGH,Bi-directional money flow detected
Circular Transfer,A0349,A0364,2,,HIGH,Bi-directional money flow detected
Circular Transfer,A0259,A0130,2,,HIGH,Bi-directional money flow detected
Circular Transfer,A0181,A0367,2,,HIGH,Bi-directional money flow detected
Circular Transfer,A0185,A0149,2,,HIGH,Bi-directional money flow detected
Circular Transfer,A0268,A0106,2,,HIGH,Bi-directional money flow detected
Circular Transfer,A0238,A0198,2,,HIGH,Bi-directional money flow detected
Circular Transfer,A0023,A0313,2,,HIGH,Bi-directional money flow detected
Circular Transfer,A0311,A0274,2,,HIGH,Bi-directional money flow detected
Circular Transfer,A0475,A0184,2,,HIGH,Bi-directional money flow detected
Circular Transfer,A0038,A0255,2,,HIGH,Bi-directional money flow detected
Circular Transfer,A0149,A0354,2,,HIGH,Bi-directional money flow detected
Circular Transfer,A0086,A0001,2,,HIGH,Bi-directional money flow detected
Circular Transfer,A0405,A0442,2,,HIGH,Bi-directional money flow detected
Circular Transfer,A0187,A0326,2,,HIGH,Bi-directional money flow detected
Circular Transfer,A0427,A0014,2,,HIGH,Bi-directional money flow detected
Circular Transfer,A0288,A0447,2,,HIGH,Bi-directional money flow detected
Circular Transfer,A0445,A0363,2,,HIGH,Bi-directional money flow detected
Circular Transfer,A0028,A0044,2,,HIGH,Bi-directional money flow detected
Circular Transfer,A0159,A0357,2,,HIGH,Bi-directional money flow detected
Circular Transfer,A0245,A0095,2,,HIGH,Bi-directional money flow detected
Circular Transfer,A0414,A0385,2,,HIGH,Bi-directional money flow detected
Circular Transfer,A0443,A0174,2,,HIGH,Bi-directional money flow detected
Circular Transfer,A0451,A0262,2,,HIGH,Bi-directional money flow detected
Circular Transfer,A0289,A0114,2,,HIGH,Bi-directional money flow detected
Circular Transfer,A0063,A0386,2,,HIGH,Bi-directional money flow detected
Circular Transfer,A0115,A0237,2,,HIGH,Bi-directional money flow detected
Circular Transfer,A0065,A0371,2,,HIGH,Bi-directional money flow detected
Circular Transfer,A0350,A0133,2,,HIGH,Bi-directional money flow detected
Circular Transfer,A0140,A0266,2,,HIGH,Bi-directional money flow detected
Circular Transfer,A0271,A0122,2,,HIGH,Bi-directional money flow detected
Circular Transfer,A0156,A0446,2,,HIGH,Bi-directional money flow detected
Circular Transfer,A0001,A0226,2,,HIGH,Bi-directional money flow detected
Circular Transfer,A0187,A0400,2,,HIGH,Bi-directional money flow detected
Circular Transfer,A0091,A0120,2,,HIGH,Bi-directional money flow detected
Circular Transfer,A0055,A0315,2,,HIGH,Bi-directional money flow detected
Circular Transfer,A0196,A0263,2,,HIGH,Bi-directional money flow detected
Circular Transfer,A0286,A0302,2,,HIGH,Bi-directional money flow detected
Circular Transfer,A0135,A0429,2,,HIGH,Bi-directional money flow detected
Circular Transfer,A0043,A0083,2,,HIGH,Bi-directional money flow detected
Circular Transfer,A0269,A0399,2,,HIGH,Bi-directional money flow detected
Circular Transfer,A0469,A0291,2,,HIGH,Bi-directional money flow detected
Circular Transfer,A0280,A0046,2,,HIGH,Bi-directional money flow detected
Circular Transfer,A0472,A0072,2,,HIGH,Bi-directional money flow detected
Circular Transfer,A0229,A0301,2,,HIGH,Bi-directional money flow detected
Circular Transfer,A0100,A0418,2,,HIGH,Bi-directional money flow detected
Circular Transfer,A0236,A0099,2,,HIGH,Bi-directional money flow detected
Circular Transfer,A0374,A0428,2,,HIGH,Bi-directional money flow detected
Circular Transfer,A0265,A0135,2,,HIGH,Bi-directional money flow detected
Circular Transfer,A0201,A0374,2,,HIGH,Bi-directional money flow detected
Circular Transfer,A0498,A0172,2,,HIGH,Bi-directional money flow detected
Circular Transfer,A0053,A0484,2,,HIGH,Bi-directional money flow detected
Circular Transfer,A0123,A0121,2,,HIGH,Bi-directional money flow detected
Circular Transfer,A0447,A0319,2,,HIGH,Bi-directional money flow detected
Circular Transfer,A0008,A0351,2,,HIGH,Bi-directional money flow detected
Circular Transfer,A0079,A0406,2,,HIGH,Bi-directional money flow detected
Circular Transfer,A0132,A0352,2,,HIGH,Bi-directional money flow detected
Circular Transfer,A0297,A0154,2,,HIGH,Bi-directional money flow detected
Circular Transfer,A0204,A0193,2,,HIGH,Bi-directional money flow detected
Circular Transfer,A0048,A0075,2,,HIGH,Bi-directional money flow detected
Circular Transfer,A0458,A0037,2,,HIGH,Bi-directional money flow detected
Circular Transfer,A0095,A0338,2,,HIGH,Bi-directional money flow detected
Circular Transfer,A0080,A0267,2,,HIGH,Bi-directional money flow detected
Circular Transfer,A0481,A0370,2,,HIGH,Bi-directional money flow detected
Circular Transfer,A0384,A0480,2,,HIGH,Bi-directional money flow detected
Circular Transfer,A0158,A0324,2,,HIGH,Bi-directional money flow detected
Circular Transfer,A0252,A0461,2,,HIGH,Bi-directional money flow detected
Circular Transfer,A0039,A0097,2,,HIGH,Bi-directional money flow detected
Circular Transfer,A0152,A0269,2,,HIGH,Bi-directional money flow detected
Circular Transfer,A0184,A0180,2,,HIGH,Bi-directional money flow detected
Circular Transfer,A0001,A0025,2,,HIGH,Bi-directional money flow detected
Circular Transfer,A0492,A0319,2,,HIGH,Bi-directional money flow detected
Circular Transfer,A0221,A0054,2,,HIGH,Bi-directional money flow detected
Circular Transfer,A0227,A0419,2,,HIGH,Bi-directional money flow detected
Circular Transfer,A0261,A0407,2,,HIGH,Bi-directional money flow detected
Circular Transfer,A0346,A0094,2,,HIGH,Bi-directional money flow detected
Circular Transfer,A0288,A0300,2,,HIGH,Bi-directional money flow detected
Circular Transfer,A0454,A0084,2,,HIGH,Bi-directional money flow detected
Circular Transfer,A0406,A0250,2,,HIGH,Bi-directional money flow detected
Circular Transfer,A0076,A0121,2,,HIGH,Bi-directional money flow detected
Circular Transfer,A0319,A0278,2,,HIGH,Bi-directional money flow detected
Circular Transfer,A0413,A0053,2,,HIGH,Bi-directional money flow detected
Circular Transfer,A0049,A0459,2,,HIGH,Bi-directional money flow detected
Circular Transfer,A0108,A0482,2,,HIGH,Bi-directional money flow detected
Circular Transfer,A0123,A0326,2,,HIGH,Bi-directional money flow detected
Circular Transfer,A0443,A0430,2,,HIGH,Bi-directional money flow detected
Circular Transfer,A0417,A0016,2,,HIGH,Bi-directional money flow detected
Circular Transfer,A0127,A0374,2,,HIGH,Bi-directional money flow detected
Circular Transfer,A0455,A0352,2,,HIGH,Bi-directional money flow detected
Circular Transfer,A0058,A0289,2,,HIGH,Bi-directional money flow detected
Circular Transfer,A0336,A0065,2,,HIGH,Bi-directional money flow detected
Circular Transfer,A0114,A0053,2,,HIGH,Bi-directional money flow detected
Circular Transfer,A0401,A0172,2,,HIGH,Bi-directional money flow detected
Circular Transfer,A0288,A0094,2,,HIGH,Bi-directional money flow detected
Circular Transfer,A0174,A0265,2,,HIGH,Bi-directional money flow detected
Circular Transfer,A0082,A0476,2,,HIGH,Bi-directional money flow detected
Circular Transfer,A0045,A0238,2,,HIGH,Bi-directional money flow detected
Circular Transfer,A0367,A0130,2,,HIGH,Bi-directional money flow detected
Circular Transfer,A0055,A0238,2,,HIGH,Bi-directional money flow detected
Circular Transfer,A0122,A0458,2,,HIGH,Bi-directional money flow detected
Circular Transfer,A0081,A0093,2,,HIGH,Bi-directional money flow detected
Circular Transfer,A0262,A0009,2,,HIGH,Bi-directional money flow detected
Circular Transfer,A0245,A0207,2,,HIGH,Bi-directional money flow detected
Circular Transfer,A0022,A0005,2,,HIGH,Bi-directional money flow detected
Circular Transfer,A0007,A0372,2,,HIGH,Bi-directional money flow detected
Circular Transfer,A0254,A0099,2,,HIGH,Bi-directional money flow detected
Circular Transfer,A0107,A0305,2,,HIGH,Bi-directional money flow detected
Circular Transfer,A0282,A0003,2,,HIGH,Bi-directional money flow detected
Circular Transfer,A0136,A0110,2,,HIGH,Bi-directional money flow detected
Circular Transfer,A0260,A0095,2,,HIGH,Bi-directional money flow detected
Circular Transfer,A0197,A0429,2,,HIGH,Bi-directional money flow detected
Circular Transfer,A0313,A0214,2,,HIGH,Bi-directional money flow detected
Circular Transfer,A0355,A0215,2,,HIGH,Bi-directional money flow detected
Circular Transfer,A0435,A0074,2,,HIGH,Bi-directional money flow detected
Circular Transfer,A0047,A0247,2,,HIGH,Bi-directional money flow detected
Circular Transfer,A0042,A0383,2,,HIGH,Bi-directional money flow detected
Circular Transfer,A0325,A0098,2,,HIGH,Bi-directional money flow detected
Circular Transfer,A0046,A0056,2,,HIGH,Bi-directional money flow detected
Circular Transfer,A0050,A0457,2,,HIGH,Bi-directional money flow detected
Circular Transfer,A0313,A0006,2,,HIGH,Bi-directional money flow detected
Circular Transfer,A0164,A0111,2,,HIGH,Bi-directional money flow detected
Circular Transfer,A0237,A0252,2,,HIGH,Bi-directional money flow detected
Circular Transfer,A0111,A0333,2,,HIGH,Bi-directional money flow detected
Circular Transfer,A0417,A0028,2,,HIGH,Bi-directional money flow detected
Circular Transfer,A0440,A0236,2,,HIGH,Bi-directional money flow detected
Circular Transfer,A0245,A0493,2,,HIGH,Bi-directional money flow detected
Circular Transfer,A0271,A0213,2,,HIGH,Bi-directional money flow detected
Circular Transfer,A0300,A0431,2,,HIGH,Bi-directional money flow detected
Circular Transfer,A0340,A0425,2,,HIGH,Bi-directional money flow detected
Circular Transfer,A0478,A0169,2,,HIGH,Bi-directional money flow detected
Circular Transfer,A0007,A0461,2,,HIGH,Bi-directional money flow detected
Circular Transfer,A0002,A0185,2,,HIGH,Bi-directional money flow detected
Circular Transfer,A0460,A0393,2,,HIGH,Bi-directional money flow detected
Circular Transfer,A0401,A0097,2,,HIGH,Bi-directional money flow detected
Circular Transfer,A0401,A0498,2,,HIGH,Bi-directional money flow detected
Circular Transfer,A0265,A0061,2,,HIGH,Bi-directional money flow detected
Circular Transfer,A0440,A0058,2,,HIGH,Bi-directional money flow detected
Circular Transfer,A0473,A0409,2,,HIGH,Bi-directional money flow detected
Circular Transfer,A0174,A0212,2,,HIGH,Bi-directional money flow detected
Circular Transfer,A0019,A0157,2,,HIGH,Bi-directional money flow detected
Circular Transfer,A0350,A0119,2,,HIGH,Bi-directional money flow detected
Circular Transfer,A0366,A0090,2,,HIGH,Bi-directional money flow detected
Circular Transfer,A0491,A0175,2,,HIGH,Bi-directional money flow detected
Circular Transfer,A0085,A0249,2,,HIGH,Bi-directional money flow detected
Circular Transfer,A0108,A0252,2,,HIGH,Bi-directional money flow detected
Circular Transfer,A0462,A0446,2,,HIGH,Bi-directional money flow detected
Circular Transfer,A0377,A0326,2,,HIGH,Bi-directional money flow detected
Circular Transfer,A0447,A0104,2,,HIGH,Bi-directional money flow detected
Circular Transfer,A0037,A0480,2,,HIGH,Bi-directional money flow detected
Circular Transfer,A0275,A0032,2,,HIGH,Bi-directional money flow detected
Circular Transfer,A0470,A0133,2,,HIGH,Bi-directional money flow detected
Circular Transfer,A0374,A0228,2,,HIGH,Bi-directional money flow detected
Circular Transfer,A0061,A0238,2,,HIGH,Bi-directional money flow detected
Circular Transfer,A0116,A0331,2,,HIGH,Bi-directional money flow detected
Circular Transfer,A0074,A0250,2,,HIGH,Bi-directional money flow detected
Circular Transfer,A0068,A0376,2,,HIGH,Bi-directional money flow detected
Circular Transfer,A0116,A0130,2,,HIGH,Bi-directional money flow detected
Circular Transfer,A0461,A0055,2,,HIGH,Bi-directional money flow detected
Circular Transfer,A0239,A0018,2,,HIGH,Bi-directional money flow detected
Circular Transfer,A0331,A0282,2,,HIGH,Bi-directional money flow detected
Circular Transfer,A0365,A0060,2,,HIGH,Bi-directional money flow detected
Circular Transfer,A0497,A0206,2,,HIGH,Bi-directional money flow detected
Circular Transfer,A0183,A0470,2,,HIGH,Bi-directional money flow detected
Circular Transfer,A0198,A0420,2,,HIGH,Bi-directional money flow detected
Circular Transfer,A0271,A0001,2,,HIGH,Bi-directional money flow detected
Circular Transfer,A0099,A0217,2,,HIGH,Bi-directional money flow detected
Circular Transfer,A0204,A0340,2,,HIGH,Bi-directional money flow detected
Circular Transfer,A0047,A0238,2,,HIGH,Bi-directional money flow detected
Circular Transfer,A0109,A0205,2,,HIGH,Bi-directional money flow detected
Circular Transfer,A0092,A0184,2,,HIGH,Bi-directional money flow detected
Circular Transfer,A0294,A0007,2,,HIGH,Bi-directional money flow detected
Circular Transfer,A0028,A0285,2,,HIGH,Bi-directional money flow detected
Circular Transfer,A0267,A0268,2,,HIGH,Bi-directional money flow detected
Circular Transfer,A0157,A0113,2,,HIGH,Bi-directional money flow detected
Circular Transfer,A0373,A0151,2,,HIGH,Bi-directional money flow detected
Circular Transfer,A0228,A0021,2,,HIGH,Bi-directional money flow detected
Circular Transfer,A0210,A0435,2,,HIGH,Bi-directional money flow detected
Circular Transfer,A0190,A0108,2,,HIGH,Bi-directional money flow detected
Circular Transfer,A0028,A0247,2,,HIGH,Bi-directional money flow detected
Circular Transfer,A0387,A0313,2,,HIGH,Bi-directional money flow detected
Circular Transfer,A0339,A0018,2,,HIGH,Bi-directional money flow detected
Circular Transfer,A0140,A0364,2,,HIGH,Bi-directional money flow detected
Circular Transfer,A0353,A0332,2,,HIGH,Bi-directional money flow detected
Circular Transfer,A0327,A0197,2,,HIGH,Bi-directional money flow detected
Circular Transfer,A0171,A0358,2,,HIGH,Bi-directional money flow detected
Circular Transfer,A0288,A0169,2,,HIGH,Bi-directional money flow detected
Circular Transfer,A0180,A0481,2,,HIGH,Bi-directional money flow detected
Circular Transfer,A0434,A0421,2,,HIGH,Bi-directional money flow detected
Circular Transfer,A0277,A0097,2,,HIGH,Bi-directional money flow detected
Circular Transfer,A0440,A0007,2,,HIGH,Bi-directional money flow detected
Circular Transfer,A0277,A0431,2,,HIGH,Bi-directional money flow detected
Circular Transfer,A0447,A0464,2,,HIGH,Bi-directional money flow detected
Circular Transfer,A0437,A0142,2,,HIGH,Bi-directional money flow detected
Circular Transfer,A0334,A0482,2,,HIGH,Bi-directional money flow detected
Circular Transfer,A0113,A0042,2,,HIGH,Bi-directional money flow detected
Circular Transfer,A0063,A0155,2,,HIGH,Bi-directional money flow detected
Circular Transfer,A0498,A0173,2,,HIGH,Bi-directional money flow detected
Circular Transfer,A0245,A0481,2,,HIGH,Bi-directional money flow detected
Circular Transfer,A0332,A0246,2,,HIGH,Bi-directional money flow detected
Circular Transfer,A0253,A0241,2,,HIGH,Bi-directional money flow detected
Circular Transfer,A0147,A0053,2,,HIGH,Bi-directional money flow detected
Circular Transfer,A0403,A0054,2,,HIGH,Bi-directional money flow detected
Circular Transfer,A0238,A0054,2,,HIGH,Bi-directional money flow detected
Circular Transfer,A0411,A0130,2,,HIGH,Bi-directional money flow detected
Circular Transfer,A0198,A0257,2,,HIGH,Bi-directional money flow detected
Circular Transfer,A0218,A0321,2,,HIGH,Bi-directional money flow detected
Circular Transfer,A0037,A0124,2,,HIGH,Bi-directional money flow detected
Circular Transfer,A0165,A0175,2,,HIGH,Bi-directional money flow detected
Circular Transfer,A0007,A0472,2,,HIGH,Bi-directional money flow detected
Circular Transfer,A0413,A0106,2,,HIGH,Bi-directional money flow detected
Circular Transfer,A0064,A0063,2,,HIGH,Bi-directional money flow detected
Circular Transfer,A0466,A0183,2,,HIGH,Bi-directional money flow detected
Circular Transfer,A0414,A0033,2,,HIGH,Bi-directional money flow detected
Circular Transfer,A0074,A0204,2,,HIGH,Bi-directional money flow detected
Circular Transfer,A0458,A0318,2,,HIGH,Bi-directional money flow detected
Circular Transfer,A0237,A0285,2,,HIGH,Bi-directional money flow detected
Circular Transfer,A0410,A0380,2,,HIGH,Bi-directional money flow detected
Circular Transfer,A0102,A0069,2,,HIGH,Bi-directional money flow detected
Circular Transfer,A0338,A0158,2,,HIGH,Bi-directional money flow detected
Circular Transfer,A0045,A0083,2,,HIGH,Bi-directional money flow detected
Circular Transfer,A0073,A0149,2,,HIGH,Bi-directional money flow detected
Circular Transfer,A0399,A0157,2,,HIGH,Bi-directional money flow detected
Circular Transfer,A0462,A0078,2,,HIGH,Bi-directional money flow detected
Circular Transfer,A0401,A0173,2,,HIGH,Bi-directional money flow detected
Circular Transfer,A0295,A0449,2,,HIGH,Bi-directional money flow detected
Circular Transfer,A0278,A0091,2,,HIGH,Bi-directional money flow detected
Circular Transfer,A0095,A0367,2,,HIGH,Bi-directional money flow detected
Circular Transfer,A0220,A0199,2,,HIGH,Bi-directional money flow detected
Circular Transfer,A0146,A0295,2,,HIGH,Bi-directional money flow detected
Circular Transfer,A0205,A0383,2,,HIGH,Bi-directional money flow detected
Circular Transfer,A0361,A0158,2,,HIGH,Bi-directional money flow detected
Circular Transfer,A0106,A0198,2,,HIGH,Bi-directional money flow detected
Circular Transfer,A0214,A0057,2,,HIGH,Bi-directional money flow detected
Circular Transfer,A0393,A0446,2,,HIGH,Bi-directional money flow detected
Circular Transfer,A0215,A0280,2,,HIGH,Bi-directional money flow detected
Circular Transfer,A0247,A0147,2,,HIGH,Bi-directional money flow detected
Circular Transfer,A0242,A0468,2,,HIGH,Bi-directional money flow detected
Circular Transfer,A0432,A0034,2,,HIGH,Bi-directional money flow detected
Circular Transfer,A0010,A0016,2,,HIGH,Bi-directional money flow detected
Circular Transfer,A0485,A0455,2,,HIGH,Bi-directional money flow detected
Circular Transfer,A0118,A0084,2,,HIGH,Bi-directional money flow detected
Circular Transfer,A0221,A0192,2,,HIGH,Bi-directional money flow detected
Circular Transfer,A0373,A0342,2,,HIGH,Bi-directional money flow detected
Circular Transfer,A0439,A0470,2,,HIGH,Bi-directional money flow detected
Circular Transfer,A0372,A0426,2,,HIGH,Bi-directional money flow detected
Circular Transfer,A0267,A0484,2,,HIGH,Bi-directional money flow detected
Circular Transfer,A0208,A0439,2,,HIGH,Bi-directional money flow detected
Circular Transfer,A0009,A0126,2,,HIGH,Bi-directional money flow detected
Circular Transfer,A0282,A0340,2,,HIGH,Bi-directional money flow detected
Circular Transfer,A0308,A0152,2,,HIGH,Bi-directional money flow detected
Circular Transfer,A0440,A0122,2,,HIGH,Bi-directional money flow detected
Circular Transfer,A0099,A0036,2,,HIGH,Bi-directional money flow detected
Circular Transfer,A0034,A0276,2,,HIGH,Bi-directional money flow detected
Circular Transfer,A0067,A0458,2,,HIGH,Bi-directional money flow detected
Circular Transfer,A0486,A0330,2,,HIGH,Bi-directional money flow detected
Circular Transfer,A0252,A0232,2,,HIGH,Bi-directional money flow detected
Circular Transfer,A0050,A0230,2,,HIGH,Bi-directional money flow detected
Circular Transfer,A0307,A0262,2,,HIGH,Bi-directional money flow detected
Circular Transfer,A0024,A0092,2,,HIGH,Bi-directional money flow detected
Circular Transfer,A0262,A0220,2,,HIGH,Bi-directional money flow detected
Circular Transfer,A0373,A0444,2,,HIGH,Bi-directional money flow detected
Circular Transfer,A0082,A0235,2,,HIGH,Bi-directional money flow detected
Circular Transfer,A0010,A0203,2,,HIGH,Bi-directional money flow detected
Circular Transfer,A0297,A0058,2,,HIGH,Bi-directional money flow detected
Circular Transfer,A0249,A0146,2,,HIGH,Bi-directional money flow detected
Circular Transfer,A0434,A0205,2,,HIGH,Bi-directional money flow detected
Circular Transfer,A0306,A0147,2,,HIGH,Bi-directional money flow detected
Circular Transfer,A0480,A0413,2,,HIGH,Bi-directional money flow detected
Circular Transfer,A0107,A0348,2,,HIGH,Bi-directional money flow detected
Circular Transfer,A0256,A0214,2,,HIGH,Bi-directional money flow detected
Circular Transfer,A0035,A0085,2,,HIGH,Bi-directional money flow detected
Circular Transfer,A0391,A0440,2,,HIGH,Bi-directional money flow detected
Circular Transfer,A0045,A0024,2,,HIGH,Bi-directional money flow detected
Circular Transfer,A0276,A0009,2,,HIGH,Bi-directional money flow detected
Circular Transfer,A0099,A0021,2,,HIGH,Bi-directional money flow detected
Circular Transfer,A0094,A0077,2,,HIGH,Bi-directional money flow detected
Circular Transfer,A0436,A0253,2,,HIGH,Bi-directional money flow detected
Circular Transfer,A0438,A0465,2,,HIGH,Bi-directional money flow detected
Circular Transfer,A0133,A0275,2,,HIGH,Bi-directional money flow detected
Circular Transfer,A0340,A0225,2,,HIGH,Bi-directional money flow detected
Circular Transfer,A0224,A0095,2,,HIGH,Bi-directional money flow detected
Circular Transfer,A0357,A0369,2,,HIGH,Bi-directional money flow detected
Circular Transfer,A0088,A0192,2,,HIGH,Bi-directional money flow detected
Circular Transfer,A0304,A0031,2,,HIGH,Bi-directional money flow detected
Circular Transfer,A0318,A0213,2,,HIGH,Bi-directional money flow detected
Circular Transfer,A0084,A0123,2,,HIGH,Bi-directional money flow detected
Circular Transfer,A0186,A0424,2,,HIGH,Bi-directional money flow detected
Circular Transfer,A0486,A0497,2,,HIGH,Bi-directional money flow detected
Circular Transfer,A0463,A0030,2,,HIGH,Bi-directional money flow detected
Circular Transfer,A0253,A0171,2,,HIGH,Bi-directional money flow detected
Circular Transfer,A0135,A0059,2,,HIGH,Bi-directional money flow detected
Circular Transfer,A0246,A0012,2,,HIGH,Bi-directional money flow detected
Circular Transfer,A0261,A0476,2,,HIGH,Bi-directional money flow detected
Circular Transfer,A0373,A0022,2,,HIGH,Bi-directional money flow detected
Circular Transfer,A0201,A0384,2,,HIGH,Bi-directional money flow detected
Circular Transfer,A0234,A0021,2,,HIGH,Bi-directional money flow detected
Circular Transfer,A0085,A0262,2,,HIGH,Bi-directional money flow detected
Circular Transfer,A0477,A0220,2,,HIGH,Bi-directional money flow detected
Circular Transfer,A0445,A0382,2,,HIGH,Bi-directional money flow detected
Circular Transfer,A0130,A0473,2,,HIGH,Bi-directional money flow detected
Circular Transfer,A0426,A0037,2,,HIGH,Bi-directional money flow detected
Circular Transfer,A0383,A0162,2,,HIGH,Bi-directional money flow detected
Circular Transfer,A0168,A0272,2,,HIGH,Bi-directional money flow detected
Circular Transfer,A0353,A0249,2,,HIGH,Bi-directional money flow detected
Circular Transfer,A0455,A0243,2,,HIGH,Bi-directional money flow detected
Circular Transfer,A0013,A0312,2,,HIGH,Bi-directional money flow detected
Circular Transfer,A0225,A0261,2,,HIGH,Bi-directional money flow detected
Circular Transfer,A0410,A0187,2,,HIGH,Bi-directional money flow detected
Circular Transfer,A0427,A0265,2,,HIGH,Bi-directional money flow detected
Circular Transfer,A0316,A0030,2,,HIGH,Bi-directional money flow detected
Circular Transfer,A0083,A0468,2,,HIGH,Bi-directional money flow detected
Circular Transfer,A0308,A0234,2,,HIGH,Bi-directional money flow detected
Circular Transfer,A0382,A0258,2,,HIGH,Bi-directional money flow detected
Circular Transfer,A0280,A0015,2,,HIGH,Bi-directional money flow detected
Circular Transfer,A0225,A0378,2,,HIGH,Bi-directional money flow detected
Circular Transfer,A0441,A0101,2,,HIGH,Bi-directional money flow detected
Circular Transfer,A0147,A0204,2,,HIGH,Bi-directional money flow detected
Circular Transfer,A0234,A0377,2,,HIGH,Bi-directional money flow detected
Circular Transfer,A0373,A0026,2,,HIGH,Bi-directional money flow detected
Circular Transfer,A0394,A0056,2,,HIGH,Bi-directional money flow detected
Circular Transfer,A0127,A0465,2,,HIGH,Bi-directional money flow detected
Circular Transfer,A0091,A0086,2,,HIGH,Bi-directional money flow detected
Circular Transfer,A0234,A0245,2,,HIGH,Bi-directional money flow detected
Circular Transfer,A0033,A0143,2,,HIGH,Bi-directional money flow detected
Circular Transfer,A0249,A0296,2,,HIGH,Bi-directional money flow detected
Circular Transfer,A0299,A0288,2,,HIGH,Bi-directional money flow detected
Circular Transfer,A0398,A0009,2,,HIGH,Bi-directional money flow detected
Circular Transfer,A0085,A0315,2,,HIGH,Bi-directional money flow detected
Circular Transfer,A0446,A0200,2,,HIGH,Bi-directional money flow detected
Circular Transfer,A0225,A0056,2,,HIGH,Bi-directional money flow detected
Circular Transfer,A0152,A0417,2,,HIGH,Bi-directional money flow detected
Circular Transfer,A0314,A0500,2,,HIGH,Bi-directional money flow detected
Circular Transfer,A0055,A0221,2,,HIGH,Bi-directional money flow detected
Circular Transfer,A0432,A0150,2,,HIGH,Bi-directional money flow detected
Circular Transfer,A0319,A0115,2,,HIGH,Bi-directional money flow detected
Circular Transfer,A0480,A0168,2,,HIGH,Bi-directional money flow detected
Circular Transfer,A0106,A0276,2,,HIGH,Bi-directional money flow detected
Circular Transfer,A0242,A0481,2,,HIGH,Bi-directional money flow detected
Circular Transfer,A0070,A0030,2,,HIGH,Bi-directional money flow detected
Circular Transfer,A0227,A0265,2,,HIGH,Bi-directional money flow detected
Circular Transfer,A0362,A0384,2,,HIGH,Bi-directional money flow detected
Circular Transfer,A0242,A0326,2,,HIGH,Bi-directional money flow detected
Circular Transfer,A0375,A0454,2,,HIGH,Bi-directional money flow detected
Circular Transfer,A0065,A0222,2,,HIGH,Bi-directional money flow detected
Circular Transfer,A0220,A0050,2,,HIGH,Bi-directional money flow detected
Circular Transfer,A0110,A0341,2,,HIGH,Bi-directional money flow detected
Circular Transfer,A0409,A0123,2,,HIGH,Bi-directional money flow detected
Circular Transfer,A0267,A0439,2,,HIGH,Bi-directional money flow detected
Circular Transfer,A0260,A0482,2,,HIGH,Bi-directional money flow detected
Circular Transfer,A0331,A0185,2,,HIGH,Bi-directional money flow detected
Circular Transfer,A0169,A0082,2,,HIGH,Bi-directional money flow detected
Circular Transfer,A0488,A0326,2,,HIGH,Bi-directional money flow detected
Circular Transfer,A0306,A0113,2,,HIGH,Bi-directional money flow detected
Circular Transfer,A0409,A0327,2,,HIGH,Bi-directional money flow detected
Circular Transfer,A0129,A0417,2,,HIGH,Bi-directional money flow detected
Circular Transfer,A0145,A0337,2,,HIGH,Bi-directional money flow detected
Circular Transfer,A0268,A0414,2,,HIGH,Bi-directional money flow detected
Circular Transfer,A0494,A0495,2,,HIGH,Bi-directional money flow detected
Circular Transfer,A0341,A0182,2,,HIGH,Bi-directional money flow detected
Circular Transfer,A0108,A0028,2,,HIGH,Bi-directional money flow detected
Circular Transfer,A0061,A0091,2,,HIGH,Bi-directional money flow detected
Circular Transfer,A0379,A0256,2,,HIGH,Bi-directional money flow detected
Circular Transfer,A0021,A0122,2,,HIGH,Bi-directional money flow detected
Circular Transfer,A0415,A0451,2,,HIGH,Bi-directional money flow detected
Circular Transfer,A0003,A0169,2,,HIGH,Bi-directional money flow detected
Circular Transfer,A0002,A0179,2,,HIGH,Bi-directional money flow detected
Circular Transfer,A0098,A0359,2,,HIGH,Bi-directional money flow detected
Circular Transfer,A0271,A0144,2,,HIGH,Bi-directional money flow detected
Circular Transfer,A0467,A0086,2,,HIGH,Bi-directional money flow detected
Circular Transfer,A0387,A0494,2,,HIGH,Bi-directional money flow detected
Circular Transfer,A0402,A0268,2,,HIGH,Bi-directional money flow detected
Circular Transfer,A0120,A0171,2,,HIGH,Bi-directional money flow detected
Circular Transfer,A0395,A0326,2,,HIGH,Bi-directional money flow detected
Circular Transfer,A0397,A0235,2,,HIGH,Bi-directional money flow detected
Circular Transfer,A0187,A0459,2,,HIGH,Bi-directional money flow detected
Circular Transfer,A0456,A0221,2,,HIGH,Bi-directional money flow detected
Circular Transfer,A0098,A0020,2,,HIGH,Bi-directional money flow detected
Circular Transfer,A0376,A0027,2,,HIGH,Bi-directional money flow detected
Circular Transfer,A0200,A0202,2,,HIGH,Bi-directional money flow detected
Circular Transfer,A0203,A0084,2,,HIGH,Bi-directional money flow detected
Circular Transfer,A0116,A0380,2,,HIGH,Bi-directional money flow detected
Circular Transfer,A0213,A0331,2,,HIGH,Bi-directional money flow detected
Circular Transfer,A0165,A0481,2,,HIGH,Bi-directional money flow detected
Circular Transfer,A0108,A0071,2,,HIGH,Bi-directional money flow detected
Circular Transfer,A0158,A0150,2,,HIGH,Bi-directional money flow detected
Circular Transfer,A0439,A0399,2,,HIGH,Bi-directional money flow detected
Circular Transfer,A0340,A0029,2,,HIGH,Bi-directional money flow detected
Circular Transfer,A0077,A0079,2,,HIGH,Bi-directional money flow detected
Circular Transfer,A0165,A0326,2,,HIGH,Bi-directional money flow detected
Circular Transfer,A0279,A0383,2,,HIGH,Bi-directional money flow detected
Circular Transfer,A0092,A0124,2,,HIGH,Bi-directional money flow detected
Circular Transfer,A0319,A0252,2,,HIGH,Bi-directional money flow detected
Circular Transfer,A0323,A0461,2,,HIGH,Bi-directional money flow detected
Circular Transfer,A0313,A0329,2,,HIGH,Bi-directional money flow detected
Circular Transfer,A0019,A0306,2,,HIGH,Bi-directional money flow detected
Circular Transfer,A0095,A0492,2,,HIGH,Bi-directional money flow detected
Circular Transfer,A0297,A0382,2,,HIGH,Bi-directional money flow detected
Circular Transfer,A0352,A0297,2,,HIGH,Bi-directional money flow detected
Circular Transfer,A0272,A0466,2,,HIGH,Bi-directional money flow detected
Circular Transfer,A0048,A0500,2,,HIGH,Bi-directional money flow detected
Circular Transfer,A0042,A0335,2,,HIGH,Bi-directional money flow detected
Circular Transfer,A0069,A0285,2,,HIGH,Bi-directional money flow detected
Circular Transfer,A0332,A0193,2,,HIGH,Bi-directional money flow detected
Circular Transfer,A0236,A0112,2,,HIGH,Bi-directional money flow detected
Circular Transfer,A0124,A0405,2,,HIGH,Bi-directional money flow detected
Circular Transfer,A0472,A0005,2,,HIGH,Bi-directional money flow detected
Circular Transfer,A0330,A0134,2,,HIGH,Bi-directional money flow detected
Circular Transfer,A0277,A0416,2,,HIGH,Bi-directional money flow detected
Circular Transfer,A0014,A0063,2,,HIGH,Bi-directional money flow detected
Circular Transfer,A0411,A0005,2,,HIGH,Bi-directional money flow detected
Circular Transfer,A0311,A0412,2,,HIGH,Bi-directional money flow detected
Circular Transfer,A0017,A0490,2,,HIGH,Bi-directional money flow detected
Circular Transfer,A0046,A0475,2,,HIGH,Bi-directional money flow detected
Circular Transfer,A0136,A0190,2,,HIGH,Bi-directional money flow detected
Circular Transfer,A0302,A0234,2,,HIGH,Bi-directional money flow detected
Circular Transfer,A0359,A0464,2,,HIGH,Bi-directional money flow detected
Circular Transfer,A0326,A0020,2,,HIGH,Bi-directional money flow detected
Circular Transfer,A0035,A0157,2,,HIGH,Bi-directional money flow detected
Circular Transfer,A0209,A0199,2,,HIGH,Bi-directional money flow detected
Circular Transfer,A0419,A0219,2,,HIGH,Bi-directional money flow detected
Circular Transfer,A0458,A0406,2,,HIGH,Bi-directional money flow detected
Circular Transfer,A0497,A0346,2,,HIGH,Bi-directional money flow detected
Circular Transfer,A0097,A0181,2,,HIGH,Bi-directional money flow detected
Circular Transfer,A0415,A0326,2,,HIGH,Bi-directional money flow detected
Circular Transfer,A0425,A0293,2,,HIGH,Bi-directional money flow detected
Circular Transfer,A0426,A0333,2,,HIGH,Bi-directional money flow detected
Circular Transfer,A0268,A0270,2,,HIGH,Bi-directional money flow detected
Circular Transfer,A0166,A0268,2,,HIGH,Bi-directional money flow detected
Circular Transfer,A0394,A0465,2,,HIGH,Bi-directional money flow detected
Circular Transfer,A0231,A0099,2,,HIGH,Bi-directional money flow detected
Circular Transfer,A0134,A0096,2,,HIGH,Bi-directional money flow detected
Circular Transfer,A0389,A0447,2,,HIGH,Bi-directional money flow detected
Circular Transfer,A0240,A0330,2,,HIGH,Bi-directional money flow detected
Circular Transfer,A0043,A0139,2,,HIGH,Bi-directional money flow detected
Circular Transfer,A0142,A0031,2,,HIGH,Bi-directional money flow detected
Circular Transfer,A0240,A0257,2,,HIGH,Bi-directional money flow detected
Circular Transfer,A0011,A0402,2,,HIGH,Bi-directional money flow detected
Circular Transfer,A0431,A0181,2,,HIGH,Bi-directional money flow detected
Circular Transfer,A0435,A0207,2,,HIGH,Bi-directional money flow detected
Circular Transfer,A0141,A0432,2,,HIGH,Bi-directional money flow detected
Circular Transfer,A0079,A0373,2,,HIGH,Bi-directional money flow detected
Circular Transfer,A0397,A0094,2,,HIGH,Bi-directional money flow detected
Circular Transfer,A0130,A0171,2,,HIGH,Bi-directional money flow detected
Circular Transfer,A0303,A0383,2,,HIGH,Bi-directional money flow detected
Circular Transfer,A0389,A0276,2,,HIGH,Bi-directional money flow detected
Circular Transfer,A0434,A0486,2,,HIGH,Bi-directional money flow detected
Circular Transfer,A0255,A0484,2,,HIGH,Bi-directional money flow detected
Circular Transfer,A0225,A0075,2,,HIGH,Bi-directional money flow detected
Circular Transfer,A0157,A0079,2,,HIGH,Bi-directional money flow detected
Circular Transfer,A0081,A0270,2,,HIGH,Bi-directional money flow detected
Circular Transfer,A0079,A0338,2,,HIGH,Bi-directional money flow detected
Circular Transfer,A0337,A0023,2,,HIGH,Bi-directional money flow detected
Circular Transfer,A0451,A0492,2,,HIGH,Bi-directional money flow detected
Circular Transfer,A0117,A0373,2,,HIGH,Bi-directional money flow detected
Circular Transfer,A0141,A0319,2,,HIGH,Bi-directional money flow detected
Circular Transfer,A0152,A0027,2,,HIGH,Bi-directional money flow detected
Circular Transfer,A0202,A0457,2,,HIGH,Bi-directional money flow detected
Circular Transfer,A0317,A0074,2,,HIGH,Bi-directional money flow detected
Circular Transfer,A0429,A0181,2,,HIGH,Bi-directional money flow detected
Circular Transfer,A0292,A0327,2,,HIGH,Bi-directional money flow detected
Circular Transfer,A0192,A0179,2,,HIGH,Bi-directional money flow detected
Circular Transfer,A0163,A0168,2,,HIGH,Bi-directional money flow detected
Circular Transfer,A0472,A0463,2,,HIGH,Bi-directional money flow detected
Circular Transfer,A0099,A0464,2,,HIGH,Bi-directional money flow detected
Circular Transfer,A0374,A0269,2,,HIGH,Bi-directional money flow detected
Circular Transfer,A0014,A0277,2,,HIGH,Bi-directional money flow detected
Circular Transfer,A0312,A0364,2,,HIGH,Bi-directional money flow detected
Circular Transfer,A0381,A0373,2,,HIGH,Bi-directional money flow detected
Circular Transfer,A0292,A0420,2,,HIGH,Bi-directional money flow detected
Circular Transfer,A0233,A0350,2,,HIGH,Bi-directional money flow detected
Circular Transfer,A0201,A0475,2,,HIGH,Bi-directional money flow detected
Circular Transfer,A0293,A0269,2,,HIGH,Bi-directional money flow detected
Circular Transfer,A0452,A0377,2,,HIGH,Bi-directional money flow detected
Circular Transfer,A0070,A0001,2,,HIGH,Bi-directional money flow detected
Circular Transfer,A0066,A0444,2,,HIGH,Bi-directional money flow detected
Circular Transfer,A0364,A0120,2,,HIGH,Bi-directional money flow detected
Circular Transfer,A0415,A0482,2,,HIGH,Bi-directional money flow detected
Circular Transfer,A0412,A0134,2,,HIGH,Bi-directional money flow detected
Circular Transfer,A0450,A0352,2,,HIGH,Bi-directional money flow detected
Circular Transfer,A0358,A0330,2,,HIGH,Bi-directional money flow detected
Circular Transfer,A0271,A0109,2,,HIGH,Bi-directional money flow detected
Circular Transfer,A0083,A0113,2,,HIGH,Bi-directional money flow detected
Circular Transfer,A0241,A0394,2,,HIGH,Bi-directional money flow detected
Circular Transfer,A0132,A0298,2,,HIGH,Bi-directional money flow detected
Circular Transfer,A0265,A0210,2,,HIGH,Bi-directional money flow detected
Circular Transfer,A0095,A0291,2,,HIGH,Bi-directional money flow detected
Circular Transfer,A0058,A0391,2,,HIGH,Bi-directional money flow detected
Circular Transfer,A0124,A0246,2,,HIGH,Bi-directional money flow detected
Circular Transfer,A0066,A0187,2,,HIGH,Bi-directional money flow detected
Circular Transfer,A0388,A0470,2,,HIGH,Bi-directional money flow detected
Circular Transfer,A0282,A0378,2,,HIGH,Bi-directional money flow detected
Circular Transfer,A0411,A0241,2,,HIGH,Bi-directional money flow detected
Circular Transfer,A0251,A0269,2,,HIGH,Bi-directional money flow detected
Circular Transfer,A0270,A0445,2,,HIGH,Bi-directional money flow detected
Circular Transfer,A0386,A0306,2,,HIGH,Bi-directional money flow detected
Circular Transfer,A0133,A0249,2,,HIGH,Bi-directional money flow detected
Circular Transfer,A0339,A0384,2,,HIGH,Bi-directional money flow detected
Circular Transfer,A0176,A0244,2,,HIGH,Bi-directional money flow detected
Circular Transfer,A0269,A0094,2,,HIGH,Bi-directional money flow detected
Circular Transfer,A0076,A0249,2,,HIGH,Bi-directional money flow detected
Circular Transfer,A0312,A0141,2,,HIGH,Bi-directional money flow detected
Circular Transfer,A0009,A0407,2,,HIGH,Bi-directional money flow detected
Circular Transfer,A0050,A0454,2,,HIGH,Bi-directional money flow detected
Circular Transfer,A0245,A0203,2,,HIGH,Bi-directional money flow detected
Circular Transfer,A0031,A0088,2,,HIGH,Bi-directional money flow detected
Circular Transfer,A0481,A0188,2,,HIGH,Bi-directional money flow detected
Circular Transfer,A0464,A0197,2,,HIGH,Bi-directional money flow detected
Circular Transfer,A0470,A0304,2,,HIGH,Bi-directional money flow detected
Circular Transfer,A0139,A0395,2,,HIGH,Bi-directional money flow detected
Circular Transfer,A0021,A0252,2,,HIGH,Bi-directional money flow detected
Circular Transfer,A0480,A0242,2,,HIGH,Bi-directional money flow detected
Circular Transfer,A0180,A0028,2,,HIGH,Bi-directional money flow detected
Circular Transfer,A0226,A0122,2,,HIGH,Bi-directional money flow detected
Circular Transfer,A0119,A0409,2,,HIGH,Bi-directional money flow detected
Circular Transfer,A0192,A0067,2,,HIGH,Bi-directional money flow detected
Circular Transfer,A0448,A0302,2,,HIGH,Bi-directional money flow detected
Circular Transfer,A0162,A0384,2,,HIGH,Bi-directional money flow detected
Circular Transfer,A0353,A0373,2,,HIGH,Bi-directional money flow detected
Circular Transfer,A0289,A0019,2,,HIGH,Bi-directional money flow detected
Circular Transfer,A0102,A0405,2,,HIGH,Bi-directional money flow detected
Circular Transfer,A0038,A0169,2,,HIGH,Bi-directional money flow detected
Circular Transfer,A0390,A0464,2,,HIGH,Bi-directional money flow detected
Circular Transfer,A0255,A0021,2,,HIGH,Bi-directional money flow detected
Circular Transfer,A0200,A0394,2,,HIGH,Bi-directional money flow detected
Circular Transfer,A0449,A0333,2,,HIGH,Bi-directional money flow detected
Circular Transfer,A0192,A0326,2,,HIGH,Bi-directional money flow detected
Circular Transfer,A0082,A0138,2,,HIGH,Bi-directional money flow detected
Circular Transfer,A0079,A0410,2,,HIGH,Bi-directional money flow detected
Circular Transfer,A0259,A0351,2,,HIGH,Bi-directional money flow detected
Circular Transfer,A0233,A0119,2,,HIGH,Bi-directional money flow detected
Circular Transfer,A0194,A0263,2,,HIGH,Bi-directional money flow detected
Circular Transfer,A0228,A0057,2,,HIGH,Bi-directional money flow detected
Circular Transfer,A0182,A0238,2,,HIGH,Bi-directional money flow detected
Circular Transfer,A0222,A0232,2,,HIGH,Bi-directional money flow detected
Circular Transfer,A0346,A0245,2,,HIGH,Bi-directional money flow detected
Circular Transfer,A0317,A0031,2,,HIGH,Bi-directional money flow detected
Circular Transfer,A0263,A0075,2,,HIGH,Bi-directional money flow detected
Circular Transfer,A0499,A0205,2,,HIGH,Bi-directional money flow detected
Circular Transfer,A0495,A0160,2,,HIGH,Bi-directional money flow detected
Circular Transfer,A0142,A0060,2,,HIGH,Bi-directional money flow detected
Circular Transfer,A0102,A0084,2,,HIGH,Bi-directional money flow detected
Circular Transfer,A0288,A0402,2,,HIGH,Bi-directional money flow detected
Circular Transfer,A0209,A0011,2,,HIGH,Bi-directional money flow detected
Circular Transfer,A0255,A0188,2,,HIGH,Bi-directional money flow detected
Circular Transfer,A0030,A0111,2,,HIGH,Bi-directional money flow detected
Circular Transfer,A0425,A0269,2,,HIGH,Bi-directional money flow detected
Circular Transfer,A0489,A0478,2,,HIGH,Bi-directional money flow detected
Circular Transfer,A0001,A0130,2,,HIGH,Bi-directional money flow detected
Circular Transfer,A0354,A0482,2,,HIGH,Bi-directional money flow detected
Circular Transfer,A0108,A0085,2,,HIGH,Bi-directional money flow detected
Circular Transfer,A0416,A0399,2,,HIGH,Bi-directional money flow detected
Circular Transfer,A0309,A0113,2,,HIGH,Bi-directional money flow detected
Circular Transfer,A0274,A0173,2,,HIGH,Bi-directional money flow detected
Circular Transfer,A0016,A0435,2,,HIGH,Bi-directional money flow detected
Circular Transfer,A0191,A0470,2,,HIGH,Bi-directional money flow detected
Circular Transfer,A0370,A0462,2,,HIGH,Bi-directional money flow detected
Circular Transfer,A0023,A0157,2,,HIGH,Bi-directional money flow detected
Circular Transfer,A0042,A0468,2,,HIGH,Bi-directional money flow detected
Circular Transfer,A0400,A0311,2,,HIGH,Bi-directional money flow detected
Circular Transfer,A0278,A0404,2,,HIGH,Bi-directional money flow detected
Circular Transfer,A0050,A0328,2,,HIGH,Bi-directional money flow detected
Circular Transfer,A0342,A0030,2,,HIGH,Bi-directional money flow detected
Circular Transfer,A0367,A0070,2,,HIGH,Bi-directional money flow detected
Circular Transfer,A0347,A0215,2,,HIGH,Bi-directional money flow detected
Circular Transfer,A0358,A0037,2,,HIGH,Bi-directional money flow detected
Circular Transfer,A0026,A0326,2,,HIGH,Bi-directional money flow detected
Circular Transfer,A0168,A0100,2,,HIGH,Bi-directional money flow detected
Circular Transfer,A0480,A0165,2,,HIGH,Bi-directional money flow detected
Circular Transfer,A0165,A0058,2,,HIGH,Bi-directional money flow detected
Circular Transfer,A0482,A0358,2,,HIGH,Bi-directional money flow detected
Circular Transfer,A0050,A0067,2,,HIGH,Bi-directional money flow detected
Circular Transfer,A0308,A0014,2,,HIGH,Bi-directional money flow detected
Circular Transfer,A0070,A0453,2,,HIGH,Bi-directional money flow detected
Circular Transfer,A0340,A0302,2,,HIGH,Bi-directional money flow detected
Circular Transfer,A0045,A0059,2,,HIGH,Bi-directional money flow detected
Circular Transfer,A0130,A0450,2,,HIGH,Bi-directional money flow detected
Circular Transfer,A0404,A0207,2,,HIGH,Bi-directional money flow detected
Circular Transfer,A0233,A0006,2,,HIGH,Bi-directional money flow detected
Circular Transfer,A0351,A0481,2,,HIGH,Bi-directional money flow detected
Circular Transfer,A0480,A0187,2,,HIGH,Bi-directional money flow detected
Circular Transfer,A0391,A0319,2,,HIGH,Bi-directional money flow detected
Circular Transfer,A0424,A0395,2,,HIGH,Bi-directional money flow detected
Circular Transfer,A0026,A0053,2,,HIGH,Bi-directional money flow detected
Circular Transfer,A0022,A0137,2,,HIGH,Bi-directional money flow detected
Circular Transfer,A0467,A0043,2,,HIGH,Bi-directional money flow detected
Circular Transfer,A0185,A0359,2,,HIGH,Bi-directional money flow detected
Circular Transfer,A0024,A0123,2,,HIGH,Bi-directional money flow detected
Circular Transfer,A0293,A0260,2,,HIGH,Bi-directional money flow detected
Circular Transfer,A0117,A0244,2,,HIGH,Bi-directional money flow detected
Circular Transfer,A0100,A0225,2,,HIGH,Bi-directional money flow detected
Circular Transfer,A0341,A0414,2,,HIGH,Bi-directional money flow detected
Circular Transfer,A0115,A0279,2,,HIGH,Bi-directional money flow detected
Circular Transfer,A0148,A0034,2,,HIGH,Bi-directional money flow detected
Circular Transfer,A0287,A0365,2,,HIGH,Bi-directional money flow detected
Circular Transfer,A0329,A0157,2,,HIGH,Bi-directional money flow detected
Circular Transfer,A0286,A0481,2,,HIGH,Bi-directional money flow detected
Circular Transfer,A0424,A0187,2,,HIGH,Bi-directional money flow detected
Circular Transfer,A0148,A0130,2,,HIGH,Bi-directional money flow detected
Circular Transfer,A0492,A0070,2,,HIGH,Bi-directional money flow detected
Circular Transfer,A0167,A0376,2,,HIGH,Bi-directional money flow detected
Circular Transfer,A0406,A0364,2,,HIGH,Bi-directional money flow detected
Circular Transfer,A0067,A0205,2,,HIGH,Bi-directional money flow detected
Circular Transfer,A0089,A0447,2,,HIGH,Bi-directional money flow detected
Circular Transfer,A0257,A0227,2,,HIGH,Bi-directional money flow detected
Circular Transfer,A0279,A0185,2,,HIGH,Bi-directional money flow detected
Circular Transfer,A0453,A0311,2,,HIGH,Bi-directional money flow detected
Circular Transfer,A0266,A0448,2,,HIGH,Bi-directional money flow detected
Circular Transfer,A0454,A0345,2,,HIGH,Bi-directional money flow detected
Circular Transfer,A0075,A0269,2,,HIGH,Bi-directional money flow detected
Circular Transfer,A0099,A0265,2,,HIGH,Bi-directional money flow detected
Circular Transfer,A0092,A0063,2,,HIGH,Bi-directional money flow detected
Circular Transfer,A0022,A0328,2,,HIGH,Bi-directional money flow detected
Circular Transfer,A0192,A0098,2,,HIGH,Bi-directional money flow detected
Circular Transfer,A0321,A0215,2,,HIGH,Bi-directional money flow detected
Circular Transfer,A0404,A0040,2,,HIGH,Bi-directional money flow detected
Circular Transfer,A0264,A0036,2,,HIGH,Bi-directional money flow detected
Circular Transfer,A0191,A0197,2,,HIGH,Bi-directional money flow detected
Circular Transfer,A0050,A0196,2,,HIGH,Bi-directional money flow detected
Circular Transfer,A0465,A0274,2,,HIGH,Bi-directional money flow detected
Circular Transfer,A0062,A0192,2,,HIGH,Bi-directional money flow detected
Circular Transfer,A0332,A0288,2,,HIGH,Bi-directional money flow detected
Circular Transfer,A0084,A0086,2,,HIGH,Bi-directional money flow detected
Circular Transfer,A0072,A0400,2,,HIGH,Bi-directional money flow detected
Circular Transfer,A0023,A0059,2,,HIGH,Bi-directional money flow detected
Circular Transfer,A0189,A0403,2,,HIGH,Bi-directional money flow detected
Circular Transfer,A0037,A0452,2,,HIGH,Bi-directional money flow detected
Circular Transfer,A0245,A0135,2,,HIGH,Bi-directional money flow detected
Circular Transfer,A0142,A0207,2,,HIGH,Bi-directional money flow detected
Circular Transfer,A0220,A0179,2,,HIGH,Bi-directional money flow detected
Circular Transfer,A0332,A0130,2,,HIGH,Bi-directional money flow detected
Circular Transfer,A0285,A0221,2,,HIGH,Bi-directional money flow detected
Circular Transfer,A0108,A0023,2,,HIGH,Bi-directional money flow detected
Circular Transfer,A0461,A0496,2,,HIGH,Bi-directional money flow detected
Circular Transfer,A0025,A0222,2,,HIGH,Bi-directional money flow detected
Circular Transfer,A0472,A0070,2,,HIGH,Bi-directional money flow detected
Circular Transfer,A0336,A0211,2,,HIGH,Bi-directional money flow detected
Circular Transfer,A0453,A0375,2,,HIGH,Bi-directional money flow detected
Circular Transfer,A0392,A0006,2,,HIGH,Bi-directional money flow detected
Circular Transfer,A0019,A0240,2,,HIGH,Bi-directional money flow detected
Circular Transfer,A0474,A0162,2,,HIGH,Bi-directional money flow detected
Circular Transfer,A0478,A0268,2,,HIGH,Bi-directional money flow detected
Circular Transfer,A0463,A0124,2,,HIGH,Bi-directional money flow detected
Circular Transfer,A0364,A0351,2,,HIGH,Bi-directional money flow detected
Circular Transfer,A0445,A0133,2,,HIGH,Bi-directional money flow detected
Circular Transfer,A0317,A0086,2,,HIGH,Bi-directional money flow detected
Circular Transfer,A0262,A0175,2,,HIGH,Bi-directional money flow detected
Circular Transfer,A0068,A0341,2,,HIGH,Bi-directional money flow detected
Circular Transfer,A0188,A0045,2,,HIGH,Bi-directional money flow detected
Circular Transfer,A0152,A0245,2,,HIGH,Bi-directional money flow detected
Circular Transfer,A0491,A0410,2,,HIGH,Bi-directional money flow detected
Circular Transfer,A0097,A0065,2,,HIGH,Bi-directional money flow detected
Circular Transfer,A0191,A0270,2,,HIGH,Bi-directional money flow detected
Circular Transfer,A0085,A0155,2,,HIGH,Bi-directional money flow detected
Circular Transfer,A0140,A0164,2,,HIGH,Bi-directional money flow detected
Circular Transfer,A0136,A0277,2,,HIGH,Bi-directional money flow detected
Circular Transfer,A0408,A0411,2,,HIGH,Bi-directional money flow detected
Circular Transfer,A0178,A0209,2,,HIGH,Bi-directional money flow detected
Circular Transfer,A0068,A0323,2,,HIGH,Bi-directional money flow detected
Circular Transfer,A0278,A0317,2,,HIGH,Bi-directional money flow detected
Circular Transfer,A0201,A0271,2,,HIGH,Bi-directional money flow detected
Circular Transfer,A0371,A0292,2,,HIGH,Bi-directional money flow detected
Circular Transfer,A0215,A0490,2,,HIGH,Bi-directional money flow detected
Circular Transfer,A0174,A0070,2,,HIGH,Bi-directional money flow detected
Circular Transfer,A0335,A0144,2,,HIGH,Bi-directional money flow detected
Circular Transfer,A0051,A0186,2,,HIGH,Bi-directional money flow detected
Circular Transfer,A0089,A0090,2,,HIGH,Bi-directional money flow detected
Circular Transfer,A0484,A0023,2,,HIGH,Bi-directional money flow detected
Circular Transfer,A0130,A0256,2,,HIGH,Bi-directional money flow detected
Circular Transfer,A0127,A0330,2,,HIGH,Bi-directional money flow detected
Circular Transfer,A0133,A0076,2,,HIGH,Bi-directional money flow detected
Circular Transfer,A0124,A0375,2,,HIGH,Bi-directional money flow detected
Circular Transfer,A0454,A0396,2,,HIGH,Bi-directional money flow detected
Circular Transfer,A0268,A0388,2,,HIGH,Bi-directional money flow detected
Circular Transfer,A0146,A0485,2,,HIGH,Bi-directional money flow detected
Circular Transfer,A0101,A0458,2,,HIGH,Bi-directional money flow detected
Circular Transfer,A0212,A0119,2,,HIGH,Bi-directional money flow detected
Circular Transfer,A0192,A0058,2,,HIGH,Bi-directional money flow detected
Circular Transfer,A0497,A0134,2,,HIGH,Bi-directional money flow detected
Circular Transfer,A0269,A0423,2,,HIGH,Bi-directional money flow detected
Circular Transfer,A0257,A0269,2,,HIGH,Bi-directional money flow detected
Circular Transfer,A0409,A0408,2,,HIGH,Bi-directional money flow detected
Circular Transfer,A0318,A0266,2,,HIGH,Bi-directional money flow detected
Circular Transfer,A0305,A0142,2,,HIGH,Bi-directional money flow detected
Circular Transfer,A0407,A0013,2,,HIGH,Bi-directional money flow detected
Circular Transfer,A0013,A0494,2,,HIGH,Bi-directional money flow detected
Circular Transfer,A0265,A0452,2,,HIGH,Bi-directional money flow detected
Circular Transfer,A0486,A0328,2,,HIGH,Bi-directional money flow detected
Circular Transfer,A0318,A0106,2,,HIGH,Bi-directional money flow detected
Circular Transfer,A0374,A0082,2,,HIGH,Bi-directional money flow detected
Circular Transfer,A0188,A0058,2,,HIGH,Bi-directional money flow detected
Circular Transfer,A0184,A0331,2,,HIGH,Bi-directional money flow detected
Circular Transfer,A0498,A0217,2,,HIGH,Bi-directional money flow detected
Circular Transfer,A0218,A0134,2,,HIGH,Bi-directional money flow detected
Circular Transfer,A0288,A0425,2,,HIGH,Bi-directional money flow detected
Circular Transfer,A0418,A0443,2,,HIGH,Bi-directional money flow detected
Circular Transfer,A0213,A0394,2,,HIGH,Bi-directional money flow detected
Circular Transfer,A0364,A0303,2,,HIGH,Bi-directional money flow detected
Circular Transfer,A0269,A0159,2,,HIGH,Bi-directional money flow detected
Circular Transfer,A0375,A0067,2,,HIGH,Bi-directional money flow detected
Circular Transfer,A0443,A0427,2,,HIGH,Bi-directional money flow detected
Circular Transfer,A0121,A0296,2,,HIGH,Bi-directional money flow detected
Circular Transfer,A0209,A0314,2,,HIGH,Bi-directional money flow detected
Circular Transfer,A0010,A0414,2,,HIGH,Bi-directional money flow detected
Circular Transfer,A0450,A0359,2,,HIGH,Bi-directional money flow detected
Circular Transfer,A0037,A0099,2,,HIGH,Bi-directional money flow detected
Circular Transfer,A0059,A0471,2,,HIGH,Bi-directional money flow detected
Circular Transfer,A0363,A0116,2,,HIGH,Bi-directional money flow detected
Circular Transfer,A0352,A0027,2,,HIGH,Bi-directional money flow detected
Circular Transfer,A0094,A0260,2,,HIGH,Bi-directional money flow detected
Circular Transfer,A0066,A0477,2,,HIGH,Bi-directional money flow detected
Circular Transfer,A0383,A0500,2,,HIGH,Bi-directional money flow detected
Circular Transfer,A0039,A0054,2,,HIGH,Bi-directional money flow detected
Circular Transfer,A0351,A0453,2,,HIGH,Bi-directional money flow detected
Circular Transfer,A0480,A0351,2,,HIGH,Bi-directional money flow detected
Circular Transfer,A0440,A0153,2,,HIGH,Bi-directional money flow detected
Circular Transfer,A0191,A0172,2,,HIGH,Bi-directional money flow detected
Circular Transfer,A0030,A0426,2,,HIGH,Bi-directional money flow detected
Circular Transfer,A0190,A0002,2,,HIGH,Bi-directional money flow detected
Circular Transfer,A0179,A0276,2,,HIGH,Bi-directional money flow detected
Circular Transfer,A0249,A0361,2,,HIGH,Bi-directional money flow detected
Circular Transfer,A0431,A0329,2,,HIGH,Bi-directional money flow detected
Circular Transfer,A0355,A0250,2,,HIGH,Bi-directional money flow detected
Circular Transfer,A0221,A0253,2,,HIGH,Bi-directional money flow detected
Circular Transfer,A0178,A0335,2,,HIGH,Bi-directional money flow detected
Circular Transfer,A0387,A0470,2,,HIGH,Bi-directional money flow detected
Circular Transfer,A0305,A0467,2,,HIGH,Bi-directional money flow detected
Circular Transfer,A0187,A0357,2,,HIGH,Bi-directional money flow detected
Circular Transfer,A0044,A0141,2,,HIGH,Bi-directional money flow detected
Circular Transfer,A0318,A0066,2,,HIGH,Bi-directional money flow detected
Circular Transfer,A0245,A0437,2,,HIGH,Bi-directional money flow detected
Circular Transfer,A0048,A0271,2,,HIGH,Bi-directional money flow detected
Circular Transfer,A0070,A0115,2,,HIGH,Bi-directional money flow detected
Circular Transfer,A0116,A0468,2,,HIGH,Bi-directional money flow detected
Circular Transfer,A0015,A0482,2,,HIGH,Bi-directional money flow detected
Circular Transfer,A0192,A0030,2,,HIGH,Bi-directional money flow detected
Circular Transfer,A0362,A0037,2,,HIGH,Bi-directional money flow detected
Circular Transfer,A0133,A0410,2,,HIGH,Bi-directional money flow detected
Circular Transfer,A0257,A0455,2,,HIGH,Bi-directional money flow detected
Circular Transfer,A0092,A0173,2,,HIGH,Bi-directional money flow detected
Circular Transfer,A0290,A0450,2,,HIGH,Bi-directional money flow detected
Circular Transfer,A0097,A0392,2,,HIGH,Bi-directional money flow detected
Circular Transfer,A0275,A0266,2,,HIGH,Bi-directional money flow detected
Circular Transfer,A0168,A0122,2,,HIGH,Bi-directional money flow detected
Circular Transfer,A0286,A0058,2,,HIGH,Bi-directional money flow detected
Circular Transfer,A0156,A0238,2,,HIGH,Bi-directional money flow detected
Circular Transfer,A0320,A0129,2,,HIGH,Bi-directional money flow detected
Circular Transfer,A0436,A0481,2,,HIGH,Bi-directional money flow detected
Circular Transfer,A0019,A0084,2,,HIGH,Bi-directional money flow detected
Circular Transfer,A0236,A0276,2,,HIGH,Bi-directional money flow detected
Circular Transfer,A0484,A0329,2,,HIGH,Bi-directional money flow detected
Circular Transfer,A0339,A0500,2,,HIGH,Bi-directional money flow detected
Circular Transfer,A0201,A0140,2,,HIGH,Bi-directional money flow detected
Circular Transfer,A0173,A0245,2,,HIGH,Bi-directional money flow detected
Circular Transfer,A0116,A0368,2,,HIGH,Bi-directional money flow detected
Circular Transfer,A0466,A0081,2,,HIGH,Bi-directional money flow detected
Circular Transfer,A0310,A0194,2,,HIGH,Bi-directional money flow detected
Circular Transfer,A0382,A0347,2,,HIGH,Bi-directional money flow detected
Circular Transfer,A0473,A0439,2,,HIGH,Bi-directional money flow detected
Circular Transfer,A0043,A0152,2,,HIGH,Bi-directional money flow detected
Circular Transfer,A0219,A0237,2,,HIGH,Bi-directional money flow detected
Circular Transfer,A0014,A0097,2,,HIGH,Bi-directional money flow detected
Circular Transfer,A0078,A0178,2,,HIGH,Bi-directional money flow detected
Circular Transfer,A0095,A0346,2,,HIGH,Bi-directional money flow detected
Circular Transfer,A0042,A0163,2,,HIGH,Bi-directional money flow detected
Circular Transfer,A0085,A0229,2,,HIGH,Bi-directional money flow detected
Circular Transfer,A0267,A0167,2,,HIGH,Bi-directional money flow detected
Circular Transfer,A0154,A0418,2,,HIGH,Bi-directional money flow detected
Circular Transfer,A0474,A0308,2,,HIGH,Bi-directional money flow detected
Circular Transfer,A0168,A0481,2,,HIGH,Bi-directional money flow detected
Circular Transfer,A0340,A0185,2,,HIGH,Bi-directional money flow detected
Circular Transfer,A0108,A0341,2,,HIGH,Bi-directional money flow detected
Circular Transfer,A0058,A0198,2,,HIGH,Bi-directional money flow detected
Circular Transfer,A0267,A0464,2,,HIGH,Bi-directional money flow detected
Circular Transfer,A0097,A0445,2,,HIGH,Bi-directional money flow detected
Circular Transfer,A0171,A0473,2,,HIGH,Bi-directional money flow detected
Circular Transfer,A0118,A0170,2,,HIGH,Bi-directional money flow detected
Circular Transfer,A0028,A0306,2,,HIGH,Bi-directional money flow detected
Circular Transfer,A0334,A0470,2,,HIGH,Bi-directional money flow detected
Circular Transfer,A0134,A0271,2,,HIGH,Bi-directional money flow detected
Circular Transfer,A0411,A0008,2,,HIGH,Bi-directional money flow detected
Circular Transfer,A0065,A0404,2,,HIGH,Bi-directional money flow detected
Circular Transfer,A0374,A0401,2,,HIGH,Bi-directional money flow detected
Circular Transfer,A0082,A0136,2,,HIGH,Bi-directional money flow detected
Circular Transfer,A0293,A0268,2,,HIGH,Bi-directional money flow detected
Circular Transfer,A0055,A0409,2,,HIGH,Bi-directional money flow detected
Circular Transfer,A0319,A0277,2,,HIGH,Bi-directional money flow detected
Circular Transfer,A0354,A0110,2,,HIGH,Bi-directional money flow detected
Circular Transfer,A0184,A0220,2,,HIGH,Bi-directional money flow detected
Circular Transfer,A0278,A0467,2,,HIGH,Bi-directional money flow detected
Circular Transfer,A0484,A0197,2,,HIGH,Bi-directional money flow detected
Circular Transfer,A0188,A0071,2,,HIGH,Bi-directional money flow detected
Circular Transfer,A0341,A0229,2,,HIGH,Bi-directional money flow detected
Circular Transfer,A0261,A0431,2,,HIGH,Bi-directional money flow detected
Circular Transfer,A0247,A0062,2,,HIGH,Bi-directional money flow detected
Circular Transfer,A0170,A0012,2,,HIGH,Bi-directional money flow detected
Circular Transfer,A0344,A0475,2,,HIGH,Bi-directional money flow detected
Circular Transfer,A0249,A0373,2,,HIGH,Bi-directional money flow detected
Circular Transfer,A0042,A0490,2,,HIGH,Bi-directional money flow detected
Circular Transfer,A0207,A0228,2,,HIGH,Bi-directional money flow detected
Circular Transfer,A0378,A0464,2,,HIGH,Bi-directional money flow detected
Circular Transfer,A0079,A0143,2,,HIGH,Bi-directional money flow detected
Circular Transfer,A0106,A0192,2,,HIGH,Bi-directional money flow detected
Circular Transfer,A0227,A0070,2,,HIGH,Bi-directional money flow detected
Circular Transfer,A0225,A0489,2,,HIGH,Bi-directional money flow detected
Circular Transfer,A0042,A0238,2,,HIGH,Bi-directional money flow detected
Circular Transfer,A0023,A0458,2,,HIGH,Bi-directional money flow detected
Circular Transfer,A0214,A0032,2,,HIGH,Bi-directional money flow detected
Circular Transfer,A0050,A0326,2,,HIGH,Bi-directional money flow detected
Circular Transfer,A0104,A0300,2,,HIGH,Bi-directional money flow detected
Circular Transfer,A0192,A0089,2,,HIGH,Bi-directional money flow detected
Circular Transfer,A0160,A0266,2,,HIGH,Bi-directional money flow detected
Circular Transfer,A0484,A0429,2,,HIGH,Bi-directional money flow detected
Circular Transfer,A0085,A0240,2,,HIGH,Bi-directional money flow detected
Circular Transfer,A0415,A0085,2,,HIGH,Bi-directional money flow detected
Circular Transfer,A0247,A0410,2,,HIGH,Bi-directional money flow detected
Circular Transfer,A0378,A0425,2,,HIGH,Bi-directional money flow detected
Circular Transfer,A0283,A0396,2,,HIGH,Bi-directional money flow detected
Circular Transfer,A0245,A0105,2,,HIGH,Bi-directional money flow detected
Circular Transfer,A0273,A0010,2,,HIGH,Bi-directional money flow detected
Circular Transfer,A0231,A0267,2,,HIGH,Bi-directional money flow detected
Circular Transfer,A0180,A0287,2,,HIGH,Bi-directional money flow detected
Circular Transfer,A0167,A0166,2,,HIGH,Bi-directional money flow detected
Circular Transfer,A0115,A0130,2,,HIGH,Bi-directional money flow detected
Circular Transfer,A0098,A0448,2,,HIGH,Bi-directional money flow detected
Circular Transfer,A0477,A0001,2,,HIGH,Bi-directional money flow detected
Circular Transfer,A0428,A0319,2,,HIGH,Bi-directional money flow detected
Circular Transfer,A0214,A0477,2,,HIGH,Bi-directional money flow detected
Circular Transfer,A0047,A0409,2,,HIGH,Bi-directional money flow detected
Circular Transfer,A0123,A0210,2,,HIGH,Bi-directional money flow detected
Circular Transfer,A0422,A0191,2,,HIGH,Bi-directional money flow detected
Circular Transfer,A0369,A0287,2,,HIGH,Bi-directional money flow detected
Circular Transfer,A0045,A0208,2,,HIGH,Bi-directional money flow detected
Circular Transfer,A0375,A0019,2,,HIGH,Bi-directional money flow detected
Circular Transfer,A0040,A0472,2,,HIGH,Bi-directional money flow detected
Circular Transfer,A0257,A0018,2,,HIGH,Bi-directional money flow detected
Circular Transfer,A0257,A0129,2,,HIGH,Bi-directional money flow detected
Circular Transfer,A0309,A0055,2,,HIGH,Bi-directional money flow detected
Circular Transfer,A0196,A0272,2,,HIGH,Bi-directional money flow detected
Circular Transfer,A0303,A0154,2,,HIGH,Bi-directional money flow detected
Circular Transfer,A0041,A0388,2,,HIGH,Bi-directional money flow detected
Circular Transfer,A0126,A0192,2,,HIGH,Bi-directional money flow detected
Circular Transfer,A0013,A0035,2,,HIGH,Bi-directional money flow detected
Circular Transfer,A0156,A0367,2,,HIGH,Bi-directional money flow detected
Circular Transfer,A0130,A0236,2,,HIGH,Bi-directional money flow detected
Circular Transfer,A0416,A0484,2,,HIGH,Bi-directional money flow detected
Circular Transfer,A0384,A0269,2,,HIGH,Bi-directional money flow detected
Circular Transfer,A0245,A0119,2,,HIGH,Bi-directional money flow detected
Circular Transfer,A0184,A0314,2,,HIGH,Bi-directional money flow detected
Circular Transfer,A0115,A0486,2,,HIGH,Bi-directional money flow detected
Circular Transfer,A0107,A0416,2,,HIGH,Bi-directional money flow detected
Circular Transfer,A0454,A0448,2,,HIGH,Bi-directional money flow detected
Circular Transfer,A0057,A0459,2,,HIGH,Bi-directional money flow detected
Circular Transfer,A0022,A0481,2,,HIGH,Bi-directional money flow detected
Circular Transfer,A0227,A0123,2,,HIGH,Bi-directional money flow detected
Circular Transfer,A0011,A0185,2,,HIGH,Bi-directional money flow detected
Circular Transfer,A0058,A0090,2,,HIGH,Bi-directional money flow detected
Circular Transfer,A0251,A0145,2,,HIGH,Bi-directional money flow detected
Circular Transfer,A0319,A0476,2,,HIGH,Bi-directional money flow detected
Circular Transfer,A0448,A0332,2,,HIGH,Bi-directional money flow detected
Circular Transfer,A0181,A0188,2,,HIGH,Bi-directional money flow detected
Circular Transfer,A0367,A0275,2,,HIGH,Bi-directional money flow detected
Circular Transfer,A0278,A0447,2,,HIGH,Bi-directional money flow detected
Circular Transfer,A0179,A0288,2,,HIGH,Bi-directional money flow detected
Circular Transfer,A0203,A0161,2,,HIGH,Bi-directional money flow detected
Circular Transfer,A0317,A0275,2,,HIGH,Bi-directional money flow detected
Circular Transfer,A0125,A0326,2,,HIGH,Bi-directional money flow detected
Circular Transfer,A0094,A0180,2,,HIGH,Bi-directional money flow detected
Circular Transfer,A0439,A0107,2,,HIGH,Bi-directional money flow detected
Circular Transfer,A0205,A0451,2,,HIGH,Bi-directional money flow detected
Circular Transfer,A0451,A0292,2,,HIGH,Bi-directional money flow detected
Circular Transfer,A0305,A0309,2,,HIGH,Bi-directional money flow detected
Circular Transfer,A0235,A0294,2,,HIGH,Bi-directional money flow detected
Circular Transfer,A0468,A0490,2,,HIGH,Bi-directional money flow detected
Circular Transfer,A0295,A0137,2,,HIGH,Bi-directional money flow detected
Circular Transfer,A0298,A0487,2,,HIGH,Bi-directional money flow detected
Circular Transfer,A0050,A0106,2,,HIGH,Bi-directional money flow detected
Circular Transfer,A0135,A0198,2,,HIGH,Bi-directional money flow detected
Circular Transfer,A0494,A0291,2,,HIGH,Bi-directional money flow detected
Circular Transfer,A0402,A0378,2,,HIGH,Bi-directional money flow detected
Circular Transfer,A0279,A0278,2,,HIGH,Bi-directional money flow detected
Circular Transfer,A0308,A0073,2,,HIGH,Bi-directional money flow detected
Circular Transfer,A0044,A0492,2,,HIGH,Bi-directional money flow detected
Circular Transfer,A0363,A0184,2,,HIGH,Bi-directional money flow detected
Circular Transfer,A0479,A0495,2,,HIGH,Bi-directional money flow detected
Circular Transfer,A0434,A0160,2,,HIGH,Bi-directional money flow detected
Circular Transfer,A0181,A0426,2,,HIGH,Bi-directional money flow detected
Circular Transfer,A0279,A0058,2,,HIGH,Bi-directional money flow detected
Circular Transfer,A0281,A0484,2,,HIGH,Bi-directional money flow detected
Circular Transfer,A0105,A0415,2,,HIGH,Bi-directional money flow detected
Circular Transfer,A0463,A0452,2,,HIGH,Bi-directional money flow detected
Circular Transfer,A0262,A0373,2,,HIGH,Bi-directional money flow detected
Circular Transfer,A0183,A0191,2,,HIGH,Bi-directional money flow detected
Circular Transfer,A0269,A0316,2,,HIGH,Bi-directional money flow detected
Circular Transfer,A0460,A0099,2,,HIGH,Bi-directional money flow detected
Circular Transfer,A0279,A0019,2,,HIGH,Bi-directional money flow detected
Circular Transfer,A0019,A0239,2,,HIGH,Bi-directional money flow detected
Circular Transfer,A0170,A0475,2,,HIGH,Bi-directional money flow detected
Circular Transfer,A0175,A0296,2,,HIGH,Bi-directional money flow detected
Circular Transfer,A0276,A0045,2,,HIGH,Bi-directional money flow detected
Circular Transfer,A0373,A0178,2,,HIGH,Bi-directional money flow detected
Circular Transfer,A0457,A0195,2,,HIGH,Bi-directional money flow detected
Circular Transfer,A0349,A0205,2,,HIGH,Bi-directional money flow detected
Circular Transfer,A0211,A0035,2,,HIGH,Bi-directional money flow detected
Circular Transfer,A0135,A0375,2,,HIGH,Bi-directional money flow detected
Circular Transfer,A0315,A0291,2,,HIGH,Bi-directional money flow detected
Circular Transfer,A0192,A0128,2,,HIGH,Bi-directional money flow detected
Circular Transfer,A0373,A0088,2,,HIGH,Bi-directional money flow detected
Circular Transfer,A0142,A0491,2,,HIGH,Bi-directional money flow detected
Circular Transfer,A0488,A0323,2,,HIGH,Bi-directional money flow detected
Circular Transfer,A0208,A0318,2,,HIGH,Bi-directional money flow detected
Circular Transfer,A0409,A0040,2,,HIGH,Bi-directional money flow detected
Circular Transfer,A0263,A0450,2,,HIGH,Bi-directional money flow detected
Circular Transfer,A0437,A0449,2,,HIGH,Bi-directional money flow detected
Circular Transfer,A0464,A0269,2,,HIGH,Bi-directional money flow detected
Circular Transfer,A0044,A0291,2,,HIGH,Bi-directional money flow detected
Circular Transfer,A0455,A0463,2,,HIGH,Bi-directional money flow detected
Circular Transfer,A0094,A0226,2,,HIGH,Bi-directional money flow detected
Circular Transfer,A0156,A0398,2,,HIGH,Bi-directional money flow detected
Circular Transfer,A0130,A0482,2,,HIGH,Bi-directional money flow detected
Circular Transfer,A0455,A0342,2,,HIGH,Bi-directional money flow detected
Circular Transfer,A0140,A0251,2,,HIGH,Bi-directional money flow detected
Circular Transfer,A0462,A0424,2,,HIGH,Bi-directional money flow detected
Circular Transfer,A0063,A0002,2,,HIGH,Bi-directional money flow detected
Circular Transfer,A0470,A0435,2,,HIGH,Bi-directional money flow detected
Circular Transfer,A0490,A0022,2,,HIGH,Bi-directional money flow detected
Circular Transfer,A0140,A0300,2,,HIGH,Bi-directional money flow detected
Circular Transfer,A0319,A0094,2,,HIGH,Bi-directional money flow detected
Circular Transfer,A0067,A0161,2,,HIGH,Bi-directional money flow detected
Circular Transfer,A0409,A0079,2,,HIGH,Bi-directional money flow detected
Circular Transfer,A0389,A0151,2,,HIGH,Bi-directional money flow detected
Circular Transfer,A0193,A0101,2,,HIGH,Bi-directional money flow detected
Circular Transfer,A0409,A0156,2,,HIGH,Bi-directional money flow detected
Circular Transfer,A0404,A0117,2,,HIGH,Bi-directional money flow detected
Circular Transfer,A0347,A0178,2,,HIGH,Bi-directional money flow detected
Circular Transfer,A0097,A0211,2,,HIGH,Bi-directional money flow detected
Circular Transfer,A0407,A0015,2,,HIGH,Bi-directional money flow detected
Circular Transfer,A0409,A0462,2,,HIGH,Bi-directional money flow detected
Circular Transfer,A0249,A0238,2,,HIGH,Bi-directional money flow detected
Circular Transfer,A0335,A0204,2,,HIGH,Bi-directional money flow detected
Circular Transfer,A0203,A0130,2,,HIGH,Bi-directional money flow detected
Circular Transfer,A0340,A0045,2,,HIGH,Bi-directional money flow detected
Circular Transfer,A0184,A0253,2,,HIGH,Bi-directional money flow detected
Circular Transfer,A0290,A0412,2,,HIGH,Bi-directional money flow detected
Circular Transfer,A0480,A0468,2,,HIGH,Bi-directional money flow detected
Circular Transfer,A0443,A0080,2,,HIGH,Bi-directional money flow detected
Circular Transfer,A0497,A0003,2,,HIGH,Bi-directional money flow detected
Circular Transfer,A0161,A0485,2,,HIGH,Bi-directional money flow detected
Circular Transfer,A0385,A0142,2,,HIGH,Bi-directional money flow detected
Circular Transfer,A0357,A0072,2,,HIGH,Bi-directional money flow detected
Circular Transfer,A0324,A0302,2,,HIGH,Bi-directional money flow detected
Circular Transfer,A0348,A0120,2,,HIGH,Bi-directional money flow detected
Circular Transfer,A0023,A0309,2,,HIGH,Bi-directional money flow detected
Circular Transfer,A0319,A0183,2,,HIGH,Bi-directional money flow detected
Circular Transfer,A0425,A0464,2,,HIGH,Bi-directional money flow detected
Circular Transfer,A0107,A0027,2,,HIGH,Bi-directional money flow detected
Circular Transfer,A0465,A0058,2,,HIGH,Bi-directional money flow detected
Circular Transfer,A0408,A0099,2,,HIGH,Bi-directional money flow detected
Circular Transfer,A0421,A0071,2,,HIGH,Bi-directional money flow detected
Circular Transfer,A0119,A0426,2,,HIGH,Bi-directional money flow detected
Circular Transfer,A0269,A0212,2,,HIGH,Bi-directional money flow detected
Circular Transfer,A0315,A0240,2,,HIGH,Bi-directional money flow detected
Circular Transfer,A0354,A0323,2,,HIGH,Bi-directional money flow detected
Circular Transfer,A0305,A0421,2,,HIGH,Bi-directional money flow detected
Circular Transfer,A0424,A0078,2,,HIGH,Bi-directional money flow detected
Circular Transfer,A0448,A0283,2,,HIGH,Bi-directional money flow detected
Circular Transfer,A0269,A0319,2,,HIGH,Bi-directional money flow detected
Circular Transfer,A0122,A0011,2,,HIGH,Bi-directional money flow detected
Circular Transfer,A0075,A0104,2,,HIGH,Bi-directional money flow detected
Circular Transfer,A0093,A0286,2,,HIGH,Bi-directional money flow detected
Circular Transfer,A0292,A0079,2,,HIGH,Bi-directional money flow detected
Circular Transfer,A0197,A0015,2,,HIGH,Bi-directional money flow detected
Circular Transfer,A0041,A0423,2,,HIGH,Bi-directional money flow detected
Circular Transfer,A0438,A0236,2,,HIGH,Bi-directional money flow detected
Circular Transfer,A0073,A0104,2,,HIGH,Bi-directional money flow detected
Circular Transfer,A0078,A0492,2,,HIGH,Bi-directional money flow detected
Circular Transfer,A0258,A0447,2,,HIGH,Bi-directional money flow detected
Circular Transfer,A0269,A0440,2,,HIGH,Bi-directional money flow detected
Circular Transfer,A0312,A0391,2,,HIGH,Bi-directional money flow detected
Circular Transfer,A0405,A0065,2,,HIGH,Bi-directional money flow detected
Circular Transfer,A0316,A0431,2,,HIGH,Bi-directional money flow detected
Circular Transfer,A0500,A0475,2,,HIGH,Bi-directional money flow detected
Circular Transfer,A0113,A0234,2,,HIGH,Bi-directional money flow detected
Circular Transfer,A0127,A0343,2,,HIGH,Bi-directional money flow detected
Circular Transfer,A0177,A0023,2,,HIGH,Bi-directional money flow detected
Circular Transfer,A0331,A0119,2,,HIGH,Bi-directional money flow detected
Circular Transfer,A0045,A0162,2,,HIGH,Bi-directional money flow detected
Circular Transfer,A0154,A0295,2,,HIGH,Bi-directional money flow detected
Circular Transfer,A0024,A0078,2,,HIGH,Bi-directional money flow detected
Circular Transfer,A0205,A0101,2,,HIGH,Bi-directional money flow detected
Circular Transfer,A0406,A0227,2,,HIGH,Bi-directional money flow detected
Circular Transfer,A0349,A0020,2,,HIGH,Bi-directional money flow detected
Circular Transfer,A0424,A0249,2,,HIGH,Bi-directional money flow detected
Circular Transfer,A0211,A0445,2,,HIGH,Bi-directional money flow detected
Circular Transfer,A0413,A0183,2,,HIGH,Bi-directional money flow detected
Circular Transfer,A0429,A0309,2,,HIGH,Bi-directional money flow detected
Circular Transfer,A0426,A0470,2,,HIGH,Bi-directional money flow detected
Circular Transfer,A0400,A0282,2,,HIGH,Bi-directional money flow detected
Circular Transfer,A0025,A0377,2,,HIGH,Bi-directional money flow detected
Circular Transfer,A0375,A0350,2,,HIGH,Bi-directional money flow detected
Circular Transfer,A0203,A0199,2,,HIGH,Bi-directional money flow detected
Circular Transfer,A0180,A0049,2,,HIGH,Bi-directional money flow detected
Circular Transfer,A0255,A0351,2,,HIGH,Bi-directional money flow detected
Circular Transfer,A0252,A0127,2,,HIGH,Bi-directional money flow detected
Circular Transfer,A0039,A0380,2,,HIGH,Bi-directional money flow detected
Circular Transfer,A0036,A0014,2,,HIGH,Bi-directional money flow detected
Circular Transfer,A0379,A0110,2,,HIGH,Bi-directional money flow detected
Circular Transfer,A0307,A0263,2,,HIGH,Bi-directional money flow detected
Circular Transfer,A0294,A0387,2,,HIGH,Bi-directional money flow detected
Circular Transfer,A0198,A0085,2,,HIGH,Bi-directional money flow detected
Circular Transfer,A0192,A0336,2,,HIGH,Bi-directional money flow detected
Circular Transfer,A0061,A0340,2,,HIGH,Bi-directional money flow detected
Circular Transfer,A0138,A0145,2,,HIGH,Bi-directional money flow detected
Circular Transfer,A0158,A0063,2,,HIGH,Bi-directional money flow detected
Circular Transfer,A0262,A0024,2,,HIGH,Bi-directional money flow detected
Circular Transfer,A0373,A0424,2,,HIGH,Bi-directional money flow detected
Circular Transfer,A0295,A0236,2,,HIGH,Bi-directional money flow detected
