id,pattern_type,sender_account,receiver_account,pattern_strength,detected_time,risk_level,description
1,Fan-Out,A0001,,81,,HIGH,Sender transferred to 81 unique receivers
2,Fan-Out,A0002,,78,,HIGH,Sender transferred to 78 unique receivers
3,Fan-Out,A0003,,91,,HIGH,Sender transferred to 91 unique receivers
4,Fan-Out,A0004,,67,,HIGH,Sender transferred to 67 unique receivers
5,Fan-Out,A0005,,97,,HIGH,Sender transferred to 97 unique receivers
6,Fan-Out,A0006,,91,,HIGH,Sender transferred to 91 unique receivers
7,Fan-Out,A0007,,73,,HIGH,Sender transferred to 73 unique receivers
8,Fan-Out,A0008,,111,,HIGH,Sender transferred to 111 unique receivers
9,Fan-Out,A0009,,106,,HIGH,Sender transferred to 106 unique receivers
10,Fan-Out,A0010,,89,,HIGH,Sender transferred to 89 unique receivers
11,Fan-Out,A0011,,99,,HIGH,Sender transferred to 99 unique receivers
12,Fan-Out,A0012,,78,,HIGH,Sender transferred to 78 unique receivers
13,Fan-Out,A0013,,74,,HIGH,Sender transferred to 74 unique receivers
14,Fan-Out,A0014,,90,,HIGH,Sender transferred to 90 unique receivers
15,Fan-Out,A0015,,92,,HIGH,Sender transferred to 92 unique receivers
16,Fan-Out,A0016,,76,,HIGH,Sender transferred to 76 unique receivers
17,Fan-Out,A0017,,84,,HIGH,Sender transferred to 84 unique receivers
18,Fan-Out,A0018,,93,,HIGH,Sender transferred to 93 unique receivers
19,Fan-Out,A0019,,78,,HIGH,Sender transferred to 78 unique receivers
20,Fan-Out,A0020,,87,,HIGH,Sender transferred to 87 unique receivers
21,Fan-Out,A0021,,100,,HIGH,Sender transferred to 100 unique receivers
22,Fan-Out,A0022,,83,,HIGH,Sender transferred to 83 unique receivers
23,Fan-Out,A0023,,102,,HIGH,Sender transferred to 102 unique receivers
24,Fan-Out,A0024,,82,,HIGH,Sender transferred to 82 unique receivers
25,Fan-Out,A0025,,97,,HIGH,Sender transferred to 97 unique receivers
26,Fan-Out,A0026,,99,,HIGH,Sender transferred to 99 unique receivers
27,Fan-Out,A0027,,92,,HIGH,Sender transferred to 92 unique receivers
28,Fan-Out,A0028,,88,,HIGH,Sender transferred to 88 unique receivers
29,Fan-Out,A0029,,94,,HIGH,Sender transferred to 94 unique receivers
30,Fan-Out,A0030,,83,,HIGH,Sender transferred to 83 unique receivers
31,Fan-Out,A0031,,91,,HIGH,Sender transferred to 91 unique receivers
32,Fan-Out,A0032,,91,,HIGH,Sender transferred to 91 unique receivers
33,Fan-Out,A0033,,74,,HIGH,Sender transferred to 74 unique receivers
34,Fan-Out,A0034,,74,,HIGH,Sender transferred to 74 unique receivers
35,Fan-Out,A0035,,82,,HIGH,Sender transferred to 82 unique receivers
36,Fan-Out,A0036,,91,,HIGH,Sender transferred to 91 unique receivers
37,Fan-Out,A0037,,75,,HIGH,Sender transferred to 75 unique receivers
38,Fan-Out,A0038,,93,,HIGH,Sender transferred to 93 unique receivers
39,Fan-Out,A0039,,90,,HIGH,Sender transferred to 90 unique receivers
40,Fan-Out,A0040,,88,,HIGH,Sender transferred to 88 unique receivers
41,Fan-Out,A0041,,95,,HIGH,Sender transferred to 95 unique receivers
42,Fan-Out,A0042,,81,,HIGH,Sender transferred to 81 unique receivers
43,Fan-Out,A0043,,86,,HIGH,Sender transferred to 86 unique receivers
44,Fan-Out,A0044,,102,,HIGH,Sender transferred to 102 unique receivers
45,Fan-Out,A0045,,102,,HIGH,Sender transferred to 102 unique receivers
46,Fan-Out,A0046,,80,,HIGH,Sender transferred to 80 unique receivers
47,Fan-Out,A0047,,89,,HIGH,Sender transferred to 89 unique receivers
48,Fan-Out,A0048,,82,,HIGH,Sender transferred to 82 unique receivers
49,Fan-Out,A0049,,76,,HIGH,Sender transferred to 76 unique receivers
50,Fan-Out,A0050,,89,,HIGH,Sender transferred to 89 unique receivers
51,Fan-Out,A0051,,94,,HIGH,Sender transferred to 94 unique receivers
52,Fan-Out,A0052,,74,,HIGH,Sender transferred to 74 unique receivers
53,Fan-Out,A0053,,98,,HIGH,Sender transferred to 98 unique receivers
54,Fan-Out,A0054,,85,,HIGH,Sender transferred to 85 unique receivers
55,Fan-Out,A0055,,83,,HIGH,Sender transferred to 83 unique receivers
56,Fan-Out,A0056,,82,,HIGH,Sender transferred to 82 unique receivers
57,Fan-Out,A0057,,85,,HIGH,Sender transferred to 85 unique receivers
58,Fan-Out,A0058,,77,,HIGH,Sender transferred to 77 unique receivers
59,Fan-Out,A0059,,98,,HIGH,Sender transferred to 98 unique receivers
60,Fan-Out,A0060,,85,,HIGH,Sender transferred to 85 unique receivers
61,Fan-Out,A0061,,64,,HIGH,Sender transferred to 64 unique receivers
62,Fan-Out,A0062,,98,,HIGH,Sender transferred to 98 unique receivers
63,Fan-Out,A0063,,84,,HIGH,Sender transferred to 84 unique receivers
64,Fan-Out,A0064,,86,,HIGH,Sender transferred to 86 unique receivers
65,Fan-Out,A0065,,80,,HIGH,Sender transferred to 80 unique receivers
66,Fan-Out,A0066,,81,,HIGH,Sender transferred to 81 unique receivers
67,Fan-Out,A0067,,91,,HIGH,Sender transferred to 91 unique receivers
68,Fan-Out,A0068,,100,,HIGH,Sender transferred to 100 unique receivers
69,Fan-Out,A0069,,99,,HIGH,Sender transferred to 99 unique receivers
70,Fan-Out,A0070,,94,,HIGH,Sender transferred to 94 unique receivers
71,Fan-Out,A0071,,99,,HIGH,Sender transferred to 99 unique receivers
72,Fan-Out,A0072,,100,,HIGH,Sender transferred to 100 unique receivers
73,Fan-Out,A0073,,90,,HIGH,Sender transferred to 90 unique receivers
74,Fan-Out,A0074,,101,,HIGH,Sender transferred to 101 unique receivers
75,Fan-Out,A0075,,110,,HIGH,Sender transferred to 110 unique receivers
76,Fan-Out,A0076,,87,,HIGH,Sender transferred to 87 unique receivers
77,Fan-Out,A0077,,80,,HIGH,Sender transferred to 80 unique receivers
78,Fan-Out,A0078,,71,,HIGH,Sender transferred to 71 unique receivers
79,Fan-Out,A0079,,96,,HIGH,Sender transferred to 96 unique receivers
80,Fan-Out,A0080,,89,,HIGH,Sender transferred to 89 unique receivers
81,Fan-Out,A0081,,98,,HIGH,Sender transferred to 98 unique receivers
82,Fan-Out,A0082,,79,,HIGH,Sender transferred to 79 unique receivers
83,Fan-Out,A0083,,96,,HIGH,Sender transferred to 96 unique receivers
84,Fan-Out,A0084,,97,,HIGH,Sender transferred to 97 unique receivers
85,Fan-Out,A0085,,100,,HIGH,Sender transferred to 100 unique receivers
86,Fan-Out,A0086,,89,,HIGH,Sender transferred to 89 unique receivers
87,Fan-Out,A0087,,94,,HIGH,Sender transferred to 94 unique receivers
88,Fan-Out,A0088,,88,,HIGH,Sender transferred to 88 unique receivers
89,Fan-Out,A0089,,83,,HIGH,Sender transferred to 83 unique receivers
90,Fan-Out,A0090,,76,,HIGH,Sender transferred to 76 unique receivers
91,Fan-Out,A0091,,79,,HIGH,Sender transferred to 79 unique receivers
92,Fan-Out,A0092,,96,,HIGH,Sender transferred to 96 unique receivers
93,Fan-Out,A0093,,74,,HIGH,Sender transferred to 74 unique receivers
94,Fan-Out,A0094,,97,,HIGH,Sender transferred to 97 unique receivers
95,Fan-Out,A0095,,101,,HIGH,Sender transferred to 101 unique receivers
96,Fan-Out,A0096,,72,,HIGH,Sender transferred to 72 unique receivers
97,Fan-Out,A0097,,101,,HIGH,Sender transferred to 101 unique receivers
98,Fan-Out,A0098,,104,,HIGH,Sender transferred to 104 unique receivers
99,Fan-Out,A0099,,101,,HIGH,Sender transferred to 101 unique receivers
100,Fan-Out,A0100,,85,,HIGH,Sender transferred to 85 unique receivers
101,Fan-Out,A0101,,81,,HIGH,Sender transferred to 81 unique receivers
102,Fan-Out,A0102,,93,,HIGH,Sender transferred to 93 unique receivers
103,Fan-Out,A0103,,95,,HIGH,Sender transferred to 95 unique receivers
104,Fan-Out,A0104,,98,,HIGH,Sender transferred to 98 unique receivers
105,Fan-Out,A0105,,103,,HIGH,Sender transferred to 103 unique receivers
106,Fan-Out,A0106,,98,,HIGH,Sender transferred to 98 unique receivers
107,Fan-Out,A0107,,90,,HIGH,Sender transferred to 90 unique receivers
108,Fan-Out,A0108,,88,,HIGH,Sender transferred to 88 unique receivers
109,Fan-Out,A0109,,79,,HIGH,Sender transferred to 79 unique receivers
110,Fan-Out,A0110,,82,,HIGH,Sender transferred to 82 unique receivers
111,Fan-Out,A0111,,101,,HIGH,Sender transferred to 101 unique receivers
112,Fan-Out,A0112,,86,,HIGH,Sender transferred to 86 unique receivers
113,Fan-Out,A0113,,102,,HIGH,Sender transferred to 102 unique receivers
114,Fan-Out,A0114,,95,,HIGH,Sender transferred to 95 unique receivers
115,Fan-Out,A0115,,88,,HIGH,Sender transferred to 88 unique receivers
116,Fan-Out,A0116,,86,,HIGH,Sender transferred to 86 unique receivers
117,Fan-Out,A0117,,96,,HIGH,Sender transferred to 96 unique receivers
118,Fan-Out,A0118,,93,,HIGH,Sender transferred to 93 unique receivers
119,Fan-Out,A0119,,87,,HIGH,Sender transferred to 87 unique receivers
120,Fan-Out,A0120,,91,,HIGH,Sender transferred to 91 unique receivers
121,Fan-Out,A0121,,90,,HIGH,Sender transferred to 90 unique receivers
122,Fan-Out,A0122,,95,,HIGH,Sender transferred to 95 unique receivers
123,Fan-Out,A0123,,78,,HIGH,Sender transferred to 78 unique receivers
124,Fan-Out,A0124,,93,,HIGH,Sender transferred to 93 unique receivers
125,Fan-Out,A0125,,97,,HIGH,Sender transferred to 97 unique receivers
126,Fan-Out,A0126,,93,,HIGH,Sender transferred to 93 unique receivers
127,Fan-Out,A0127,,91,,HIGH,Sender transferred to 91 unique receivers
128,Fan-Out,A0128,,89,,HIGH,Sender transferred to 89 unique receivers
129,Fan-Out,A0129,,92,,HIGH,Sender transferred to 92 unique receivers
130,Fan-Out,A0130,,87,,HIGH,Sender transferred to 87 unique receivers
131,Fan-Out,A0131,,90,,HIGH,Sender transferred to 90 unique receivers
132,Fan-Out,A0132,,97,,HIGH,Sender transferred to 97 unique receivers
133,Fan-Out,A0133,,103,,HIGH,Sender transferred to 103 unique receivers
134,Fan-Out,A0134,,100,,HIGH,Sender transferred to 100 unique receivers
135,Fan-Out,A0135,,101,,HIGH,Sender transferred to 101 unique receivers
136,Fan-Out,A0136,,101,,HIGH,Sender transferred to 101 unique receivers
137,Fan-Out,A0137,,80,,HIGH,Sender transferred to 80 unique receivers
138,Fan-Out,A0138,,78,,HIGH,Sender transferred to 78 unique receivers
139,Fan-Out,A0139,,101,,HIGH,Sender transferred to 101 unique receivers
140,Fan-Out,A0140,,93,,HIGH,Sender transferred to 93 unique receivers
141,Fan-Out,A0141,,88,,HIGH,Sender transferred to 88 unique receivers
142,Fan-Out,A0142,,95,,HIGH,Sender transferred to 95 unique receivers
143,Fan-Out,A0143,,85,,HIGH,Sender transferred to 85 unique receivers
144,Fan-Out,A0144,,80,,HIGH,Sender transferred to 80 unique receivers
145,Fan-Out,A0145,,84,,HIGH,Sender transferred to 84 unique receivers
146,Fan-Out,A0146,,92,,HIGH,Sender transferred to 92 unique receivers
147,Fan-Out,A0147,,86,,HIGH,Sender transferred to 86 unique receivers
148,Fan-Out,A0148,,84,,HIGH,Sender transferred to 84 unique receivers
149,Fan-Out,A0149,,93,,HIGH,Sender transferred to 93 unique receivers
150,Fan-Out,A0150,,85,,HIGH,Sender transferred to 85 unique receivers
151,Fan-Out,A0151,,96,,HIGH,Sender transferred to 96 unique receivers
152,Fan-Out,A0152,,96,,HIGH,Sender transferred to 96 unique receivers
153,Fan-Out,A0153,,89,,HIGH,Sender transferred to 89 unique receivers
154,Fan-Out,A0154,,104,,HIGH,Sender transferred to 104 unique receivers
155,Fan-Out,A0155,,97,,HIGH,Sender transferred to 97 unique receivers
156,Fan-Out,A0156,,86,,HIGH,Sender transferred to 86 unique receivers
157,Fan-Out,A0157,,93,,HIGH,Sender transferred to 93 unique receivers
158,Fan-Out,A0158,,92,,HIGH,Sender transferred to 92 unique receivers
159,Fan-Out,A0159,,90,,HIGH,Sender transferred to 90 unique receivers
160,Fan-Out,A0160,,82,,HIGH,Sender transferred to 82 unique receivers
161,Fan-Out,A0161,,85,,HIGH,Sender transferred to 85 unique receivers
162,Fan-Out,A0162,,77,,HIGH,Sender transferred to 77 unique receivers
163,Fan-Out,A0163,,87,,HIGH,Sender transferred to 87 unique receivers
164,Fan-Out,A0164,,94,,HIGH,Sender transferred to 94 unique receivers
165,Fan-Out,A0165,,79,,HIGH,Sender transferred to 79 unique receivers
166,Fan-Out,A0166,,93,,HIGH,Sender transferred to 93 unique receivers
167,Fan-Out,A0167,,94,,HIGH,Sender transferred to 94 unique receivers
168,Fan-Out,A0168,,107,,HIGH,Sender transferred to 107 unique receivers
169,Fan-Out,A0169,,85,,HIGH,Sender transferred to 85 unique receivers
170,Fan-Out,A0170,,101,,HIGH,Sender transferred to 101 unique receivers
171,Fan-Out,A0171,,73,,HIGH,Sender transferred to 73 unique receivers
172,Fan-Out,A0172,,77,,HIGH,Sender transferred to 77 unique receivers
173,Fan-Out,A0173,,75,,HIGH,Sender transferred to 75 unique receivers
174,Fan-Out,A0174,,90,,HIGH,Sender transferred to 90 unique receivers
175,Fan-Out,A0175,,94,,HIGH,Sender transferred to 94 unique receivers
176,Fan-Out,A0176,,93,,HIGH,Sender transferred to 93 unique receivers
177,Fan-Out,A0177,,79,,HIGH,Sender transferred to 79 unique receivers
178,Fan-Out,A0178,,94,,HIGH,Sender transferred to 94 unique receivers
179,Fan-Out,A0179,,97,,HIGH,Sender transferred to 97 unique receivers
180,Fan-Out,A0180,,80,,HIGH,Sender transferred to 80 unique receivers
181,Fan-Out,A0181,,81,,HIGH,Sender transferred to 81 unique receivers
182,Fan-Out,A0182,,83,,HIGH,Sender transferred to 83 unique receivers
183,Fan-Out,A0183,,92,,HIGH,Sender transferred to 92 unique receivers
184,Fan-Out,A0184,,76,,HIGH,Sender transferred to 76 unique receivers
185,Fan-Out,A0185,,89,,HIGH,Sender transferred to 89 unique receivers
186,Fan-Out,A0186,,80,,HIGH,Sender transferred to 80 unique receivers
187,Fan-Out,A0187,,104,,HIGH,Sender transferred to 104 unique receivers
188,Fan-Out,A0188,,92,,HIGH,Sender transferred to 92 unique receivers
189,Fan-Out,A0189,,79,,HIGH,Sender transferred to 79 unique receivers
190,Fan-Out,A0190,,105,,HIGH,Sender transferred to 105 unique receivers
191,Fan-Out,A0191,,78,,HIGH,Sender transferred to 78 unique receivers
192,Fan-Out,A0192,,85,,HIGH,Sender transferred to 85 unique receivers
193,Fan-Out,A0193,,91,,HIGH,Sender transferred to 91 unique receivers
194,Fan-Out,A0194,,99,,HIGH,Sender transferred to 99 unique receivers
195,Fan-Out,A0195,,109,,HIGH,Sender transferred to 109 unique receivers
196,Fan-Out,A0196,,96,,HIGH,Sender transferred to 96 unique receivers
197,Fan-Out,A0197,,89,,HIGH,Sender transferred to 89 unique receivers
198,Fan-Out,A0198,,98,,HIGH,Sender transferred to 98 unique receivers
199,Fan-Out,A0199,,84,,HIGH,Sender transferred to 84 unique receivers
200,Fan-Out,A0200,,92,,HIGH,Sender transferred to 92 unique receivers
201,Fan-Out,A0201,,102,,HIGH,Sender transferred to 102 unique receivers
202,Fan-Out,A0202,,92,,HIGH,Sender transferred to 92 unique receivers
203,Fan-Out,A0203,,78,,HIGH,Sender transferred to 78 unique receivers
204,Fan-Out,A0204,,93,,HIGH,Sender transferred to 93 unique receivers
205,Fan-Out,A0205,,96,,HIGH,Sender transferred to 96 unique receivers
206,Fan-Out,A0206,,77,,HIGH,Sender transferred to 77 unique receivers
207,Fan-Out,A0207,,86,,HIGH,Sender transferred to 86 unique receivers
208,Fan-Out,A0208,,93,,HIGH,Sender transferred to 93 unique receivers
209,Fan-Out,A0209,,90,,HIGH,Sender transferred to 90 unique receivers
210,Fan-Out,A0210,,84,,HIGH,Sender transferred to 84 unique receivers
211,Fan-Out,A0211,,89,,HIGH,Sender transferred to 89 unique receivers
212,Fan-Out,A0212,,102,,HIGH,Sender transferred to 102 unique receivers
213,Fan-Out,A0213,,78,,HIGH,Sender transferred to 78 unique receivers
214,Fan-Out,A0214,,90,,HIGH,Sender transferred to 90 unique receivers
215,Fan-Out,A0215,,89,,HIGH,Sender transferred to 89 unique receivers
216,Fan-Out,A0216,,85,,HIGH,Sender transferred to 85 unique receivers
217,Fan-Out,A0217,,91,,HIGH,Sender transferred to 91 unique receivers
218,Fan-Out,A0218,,79,,HIGH,Sender transferred to 79 unique receivers
219,Fan-Out,A0219,,104,,HIGH,Sender transferred to 104 unique receivers
220,Fan-Out,A0220,,107,,HIGH,Sender transferred to 107 unique receivers
221,Fan-Out,A0221,,96,,HIGH,Sender transferred to 96 unique receivers
222,Fan-Out,A0222,,94,,HIGH,Sender transferred to 94 unique receivers
223,Fan-Out,A0223,,100,,HIGH,Sender transferred to 100 unique receivers
224,Fan-Out,A0224,,96,,HIGH,Sender transferred to 96 unique receivers
225,Fan-Out,A0225,,89,,HIGH,Sender transferred to 89 unique receivers
226,Fan-Out,A0226,,75,,HIGH,Sender transferred to 75 unique receivers
227,Fan-Out,A0227,,89,,HIGH,Sender transferred to 89 unique receivers
228,Fan-Out,A0228,,99,,HIGH,Sender transferred to 99 unique receivers
229,Fan-Out,A0229,,83,,HIGH,Sender transferred to 83 unique receivers
230,Fan-Out,A0230,,94,,HIGH,Sender transferred to 94 unique receivers
231,Fan-Out,A0231,,107,,HIGH,Sender transferred to 107 unique receivers
232,Fan-Out,A0232,,74,,HIGH,Sender transferred to 74 unique receivers
233,Fan-Out,A0233,,97,,HIGH,Sender transferred to 97 unique receivers
234,Fan-Out,A0234,,87,,HIGH,Sender transferred to 87 unique receivers
235,Fan-Out,A0235,,97,,HIGH,Sender transferred to 97 unique receivers
236,Fan-Out,A0236,,100,,HIGH,Sender transferred to 100 unique receivers
237,Fan-Out,A0237,,94,,HIGH,Sender transferred to 94 unique receivers
238,Fan-Out,A0238,,88,,HIGH,Sender transferred to 88 unique receivers
239,Fan-Out,A0239,,91,,HIGH,Sender transferred to 91 unique receivers
240,Fan-Out,A0240,,83,,HIGH,Sender transferred to 83 unique receivers
241,Fan-Out,A0241,,75,,HIGH,Sender transferred to 75 unique receivers
242,Fan-Out,A0242,,102,,HIGH,Sender transferred to 102 unique receivers
243,Fan-Out,A0243,,79,,HIGH,Sender transferred to 79 unique receivers
244,Fan-Out,A0244,,96,,HIGH,Sender transferred to 96 unique receivers
245,Fan-Out,A0245,,93,,HIGH,Sender transferred to 93 unique receivers
246,Fan-Out,A0246,,85,,HIGH,Sender transferred to 85 unique receivers
247,Fan-Out,A0247,,91,,HIGH,Sender transferred to 91 unique receivers
248,Fan-Out,A0248,,82,,HIGH,Sender transferred to 82 unique receivers
249,Fan-Out,A0249,,101,,HIGH,Sender transferred to 101 unique receivers
250,Fan-Out,A0250,,91,,HIGH,Sender transferred to 91 unique receivers
251,Fan-Out,A0251,,88,,HIGH,Sender transferred to 88 unique receivers
252,Fan-Out,A0252,,98,,HIGH,Sender transferred to 98 unique receivers
253,Fan-Out,A0253,,82,,HIGH,Sender transferred to 82 unique receivers
254,Fan-Out,A0254,,101,,HIGH,Sender transferred to 101 unique receivers
255,Fan-Out,A0255,,110,,HIGH,Sender transferred to 110 unique receivers
256,Fan-Out,A0256,,93,,HIGH,Sender transferred to 93 unique receivers
257,Fan-Out,A0257,,87,,HIGH,Sender transferred to 87 unique receivers
258,Fan-Out,A0258,,88,,HIGH,Sender transferred to 88 unique receivers
259,Fan-Out,A0259,,83,,HIGH,Sender transferred to 83 unique receivers
260,Fan-Out,A0260,,85,,HIGH,Sender transferred to 85 unique receivers
261,Fan-Out,A0261,,85,,HIGH,Sender transferred to 85 unique receivers
262,Fan-Out,A0262,,98,,HIGH,Sender transferred to 98 unique receivers
263,Fan-Out,A0263,,84,,HIGH,Sender transferred to 84 unique receivers
264,Fan-Out,A0264,,85,,HIGH,Sender transferred to 85 unique receivers
265,Fan-Out,A0265,,87,,HIGH,Sender transferred to 87 unique receivers
266,Fan-Out,A0266,,81,,HIGH,Sender transferred to 81 unique receivers
267,Fan-Out,A0267,,99,,HIGH,Sender transferred to 99 unique receivers
268,Fan-Out,A0268,,88,,HIGH,Sender transferred to 88 unique receivers
269,Fan-Out,A0269,,88,,HIGH,Sender transferred to 88 unique receivers
270,Fan-Out,A0270,,102,,HIGH,Sender transferred to 102 unique receivers
271,Fan-Out,A0271,,90,,HIGH,Sender transferred to 90 unique receivers
272,Fan-Out,A0272,,84,,HIGH,Sender transferred to 84 unique receivers
273,Fan-Out,A0273,,94,,HIGH,Sender transferred to 94 unique receivers
274,Fan-Out,A0274,,83,,HIGH,Sender transferred to 83 unique receivers
275,Fan-Out,A0275,,102,,HIGH,Sender transferred to 102 unique receivers
276,Fan-Out,A0276,,95,,HIGH,Sender transferred to 95 unique receivers
277,Fan-Out,A0277,,88,,HIGH,Sender transferred to 88 unique receivers
278,Fan-Out,A0278,,89,,HIGH,Sender transferred to 89 unique receivers
279,Fan-Out,A0279,,95,,HIGH,Sender transferred to 95 unique receivers
280,Fan-Out,A0280,,87,,HIGH,Sender transferred to 87 unique receivers
281,Fan-Out,A0281,,94,,HIGH,Sender transferred to 94 unique receivers
282,Fan-Out,A0282,,85,,HIGH,Sender transferred to 85 unique receivers
283,Fan-Out,A0283,,107,,HIGH,Sender transferred to 107 unique receivers
284,Fan-Out,A0284,,96,,HIGH,Sender transferred to 96 unique receivers
285,Fan-Out,A0285,,92,,HIGH,Sender transferred to 92 unique receivers
286,Fan-Out,A0286,,88,,HIGH,Sender transferred to 88 unique receivers
287,Fan-Out,A0287,,90,,HIGH,Sender transferred to 90 unique receivers
288,Fan-Out,A0288,,85,,HIGH,Sender transferred to 85 unique receivers
289,Fan-Out,A0289,,95,,HIGH,Sender transferred to 95 unique receivers
290,Fan-Out,A0290,,106,,HIGH,Sender transferred to 106 unique receivers
291,Fan-Out,A0291,,100,,HIGH,Sender transferred to 100 unique receivers
292,Fan-Out,A0292,,84,,HIGH,Sender transferred to 84 unique receivers
293,Fan-Out,A0293,,90,,HIGH,Sender transferred to 90 unique receivers
294,Fan-Out,A0294,,92,,HIGH,Sender transferred to 92 unique receivers
295,Fan-Out,A0295,,92,,HIGH,Sender transferred to 92 unique receivers
296,Fan-Out,A0296,,76,,HIGH,Sender transferred to 76 unique receivers
297,Fan-Out,A0297,,94,,HIGH,Sender transferred to 94 unique receivers
298,Fan-Out,A0298,,66,,HIGH,Sender transferred to 66 unique receivers
299,Fan-Out,A0299,,78,,HIGH,Sender transferred to 78 unique receivers
300,Fan-Out,A0300,,86,,HIGH,Sender transferred to 86 unique receivers
301,Fan-Out,A0301,,71,,HIGH,Sender transferred to 71 unique receivers
302,Fan-Out,A0302,,94,,HIGH,Sender transferred to 94 unique receivers
303,Fan-Out,A0303,,86,,HIGH,Sender transferred to 86 unique receivers
304,Fan-Out,A0304,,88,,HIGH,Sender transferred to 88 unique receivers
305,Fan-Out,A0305,,93,,HIGH,Sender transferred to 93 unique receivers
306,Fan-Out,A0306,,93,,HIGH,Sender transferred to 93 unique receivers
307,Fan-Out,A0307,,82,,HIGH,Sender transferred to 82 unique receivers
308,Fan-Out,A0308,,95,,HIGH,Sender transferred to 95 unique receivers
309,Fan-Out,A0309,,95,,HIGH,Sender transferred to 95 unique receivers
310,Fan-Out,A0310,,81,,HIGH,Sender transferred to 81 unique receivers
311,Fan-Out,A0311,,80,,HIGH,Sender transferred to 80 unique receivers
312,Fan-Out,A0312,,98,,HIGH,Sender transferred to 98 unique receivers
313,Fan-Out,A0313,,88,,HIGH,Sender transferred to 88 unique receivers
314,Fan-Out,A0314,,81,,HIGH,Sender transferred to 81 unique receivers
315,Fan-Out,A0315,,76,,HIGH,Sender transferred to 76 unique receivers
316,Fan-Out,A0316,,84,,HIGH,Sender transferred to 84 unique receivers
317,Fan-Out,A0317,,91,,HIGH,Sender transferred to 91 unique receivers
318,Fan-Out,A0318,,99,,HIGH,Sender transferred to 99 unique receivers
319,Fan-Out,A0319,,90,,HIGH,Sender transferred to 90 unique receivers
320,Fan-Out,A0320,,93,,HIGH,Sender transferred to 93 unique receivers
321,Fan-Out,A0321,,88,,HIGH,Sender transferred to 88 unique receivers
322,Fan-Out,A0322,,92,,HIGH,Sender transferred to 92 unique receivers
323,Fan-Out,A0323,,90,,HIGH,Sender transferred to 90 unique receivers
324,Fan-Out,A0324,,76,,HIGH,Sender transferred to 76 unique receivers
325,Fan-Out,A0325,,98,,HIGH,Sender transferred to 98 unique receivers
326,Fan-Out,A0326,,97,,HIGH,Sender transferred to 97 unique receivers
327,Fan-Out,A0327,,95,,HIGH,Sender transferred to 95 unique receivers
328,Fan-Out,A0328,,85,,HIGH,Sender transferred to 85 unique receivers
329,Fan-Out,A0329,,109,,HIGH,Sender transferred to 109 unique receivers
330,Fan-Out,A0330,,94,,HIGH,Sender transferred to 94 unique receivers
331,Fan-Out,A0331,,84,,HIGH,Sender transferred to 84 unique receivers
332,Fan-Out,A0332,,92,,HIGH,Sender transferred to 92 unique receivers
333,Fan-Out,A0333,,99,,HIGH,Sender transferred to 99 unique receivers
334,Fan-Out,A0334,,78,,HIGH,Sender transferred to 78 unique receivers
335,Fan-Out,A0335,,83,,HIGH,Sender transferred to 83 unique receivers
336,Fan-Out,A0336,,87,,HIGH,Sender transferred to 87 unique receivers
337,Fan-Out,A0337,,76,,HIGH,Sender transferred to 76 unique receivers
338,Fan-Out,A0338,,91,,HIGH,Sender transferred to 91 unique receivers
339,Fan-Out,A0339,,85,,HIGH,Sender transferred to 85 unique receivers
340,Fan-Out,A0340,,88,,HIGH,Sender transferred to 88 unique receivers
341,Fan-Out,A0341,,64,,HIGH,Sender transferred to 64 unique receivers
342,Fan-Out,A0342,,88,,HIGH,Sender transferred to 88 unique receivers
343,Fan-Out,A0343,,86,,HIGH,Sender transferred to 86 unique receivers
344,Fan-Out,A0344,,84,,HIGH,Sender transferred to 84 unique receivers
345,Fan-Out,A0345,,86,,HIGH,Sender transferred to 86 unique receivers
346,Fan-Out,A0346,,103,,HIGH,Sender transferred to 103 unique receivers
347,Fan-Out,A0347,,99,,HIGH,Sender transferred to 99 unique receivers
348,Fan-Out,A0348,,84,,HIGH,Sender transferred to 84 unique receivers
349,Fan-Out,A0349,,101,,HIGH,Sender transferred to 101 unique receivers
350,Fan-Out,A0350,,73,,HIGH,Sender transferred to 73 unique receivers
351,Fan-Out,A0351,,90,,HIGH,Sender transferred to 90 unique receivers
352,Fan-Out,A0352,,89,,HIGH,Sender transferred to 89 unique receivers
353,Fan-Out,A0353,,82,,HIGH,Sender transferred to 82 unique receivers
354,Fan-Out,A0354,,89,,HIGH,Sender transferred to 89 unique receivers
355,Fan-Out,A0355,,72,,HIGH,Sender transferred to 72 unique receivers
356,Fan-Out,A0356,,88,,HIGH,Sender transferred to 88 unique receivers
357,Fan-Out,A0357,,103,,HIGH,Sender transferred to 103 unique receivers
358,Fan-Out,A0358,,95,,HIGH,Sender transferred to 95 unique receivers
359,Fan-Out,A0359,,81,,HIGH,Sender transferred to 81 unique receivers
360,Fan-Out,A0360,,83,,HIGH,Sender transferred to 83 unique receivers
361,Fan-Out,A0361,,87,,HIGH,Sender transferred to 87 unique receivers
362,Fan-Out,A0362,,79,,HIGH,Sender transferred to 79 unique receivers
363,Fan-Out,A0363,,97,,HIGH,Sender transferred to 97 unique receivers
364,Fan-Out,A0364,,84,,HIGH,Sender transferred to 84 unique receivers
365,Fan-Out,A0365,,76,,HIGH,Sender transferred to 76 unique receivers
366,Fan-Out,A0366,,88,,HIGH,Sender transferred to 88 unique receivers
367,Fan-Out,A0367,,100,,HIGH,Sender transferred to 100 unique receivers
368,Fan-Out,A0368,,76,,HIGH,Sender transferred to 76 unique receivers
369,Fan-Out,A0369,,79,,HIGH,Sender transferred to 79 unique receivers
370,Fan-Out,A0370,,101,,HIGH,Sender transferred to 101 unique receivers
371,Fan-Out,A0371,,91,,HIGH,Sender transferred to 91 unique receivers
372,Fan-Out,A0372,,95,,HIGH,Sender transferred to 95 unique receivers
373,Fan-Out,A0373,,91,,HIGH,Sender transferred to 91 unique receivers
374,Fan-Out,A0374,,90,,HIGH,Sender transferred to 90 unique receivers
375,Fan-Out,A0375,,95,,HIGH,Sender transferred to 95 unique receivers
376,Fan-Out,A0376,,98,,HIGH,Sender transferred to 98 unique receivers
377,Fan-Out,A0377,,74,,HIGH,Sender transferred to 74 unique receivers
378,Fan-Out,A0378,,97,,HIGH,Sender transferred to 97 unique receivers
379,Fan-Out,A0379,,94,,HIGH,Sender transferred to 94 unique receivers
380,Fan-Out,A0380,,92,,HIGH,Sender transferred to 92 unique receivers
381,Fan-Out,A0381,,100,,HIGH,Sender transferred to 100 unique receivers
382,Fan-Out,A0382,,86,,HIGH,Sender transferred to 86 unique receivers
383,Fan-Out,A0383,,86,,HIGH,Sender transferred to 86 unique receivers
384,Fan-Out,A0384,,80,,HIGH,Sender transferred to 80 unique receivers
385,Fan-Out,A0385,,82,,HIGH,Sender transferred to 82 unique receivers
386,Fan-Out,A0386,,100,,HIGH,Sender transferred to 100 unique receivers
387,Fan-Out,A0387,,94,,HIGH,Sender transferred to 94 unique receivers
388,Fan-Out,A0388,,85,,HIGH,Sender transferred to 85 unique receivers
389,Fan-Out,A0389,,91,,HIGH,Sender transferred to 91 unique receivers
390,Fan-Out,A0390,,88,,HIGH,Sender transferred to 88 unique receivers
391,Fan-Out,A0391,,96,,HIGH,Sender transferred to 96 unique receivers
392,Fan-Out,A0392,,75,,HIGH,Sender transferred to 75 unique receivers
393,Fan-Out,A0393,,88,,HIGH,Sender transferred to 88 unique receivers
394,Fan-Out,A0394,,85,,HIGH,Sender transferred to 85 unique receivers
395,Fan-Out,A0395,,95,,HIGH,Sender transferred to 95 unique receivers
396,Fan-Out,A0396,,91,,HIGH,Sender transferred to 91 unique receivers
397,Fan-Out,A0397,,83,,HIGH,Sender transferred to 83 unique receivers
398,Fan-Out,A0398,,114,,HIGH,Sender transferred to 114 unique receivers
399,Fan-Out,A0399,,89,,HIGH,Sender transferred to 89 unique receivers
400,Fan-Out,A0400,,80,,HIGH,Sender transferred to 80 unique receivers
401,Fan-Out,A0401,,90,,HIGH,Sender transferred to 90 unique receivers
402,Fan-Out,A0402,,84,,HIGH,Sender transferred to 84 unique receivers
403,Fan-Out,A0403,,84,,HIGH,Sender transferred to 84 unique receivers
404,Fan-Out,A0404,,77,,HIGH,Sender transferred to 77 unique receivers
405,Fan-Out,A0405,,84,,HIGH,Sender transferred to 84 unique receivers
406,Fan-Out,A0406,,87,,HIGH,Sender transferred to 87 unique receivers
407,Fan-Out,A0407,,97,,HIGH,Sender transferred to 97 unique receivers
408,Fan-Out,A0408,,87,,HIGH,Sender transferred to 87 unique receivers
409,Fan-Out,A0409,,85,,HIGH,Sender transferred to 85 unique receivers
410,Fan-Out,A0410,,91,,HIGH,Sender transferred to 91 unique receivers
411,Fan-Out,A0411,,102,,HIGH,Sender transferred to 102 unique receivers
412,Fan-Out,A0412,,92,,HIGH,Sender transferred to 92 unique receivers
413,Fan-Out,A0413,,94,,HIGH,Sender transferred to 94 unique receivers
414,Fan-Out,A0414,,88,,HIGH,Sender transferred to 88 unique receivers
415,Fan-Out,A0415,,92,,HIGH,Sender transferred to 92 unique receivers
416,Fan-Out,A0416,,92,,HIGH,Sender transferred to 92 unique receivers
417,Fan-Out,A0417,,105,,HIGH,Sender transferred to 105 unique receivers
418,Fan-Out,A0418,,92,,HIGH,Sender transferred to 92 unique receivers
419,Fan-Out,A0419,,86,,HIGH,Sender transferred to 86 unique receivers
420,Fan-Out,A0420,,93,,HIGH,Sender transferred to 93 unique receivers
421,Fan-Out,A0421,,85,,HIGH,Sender transferred to 85 unique receivers
422,Fan-Out,A0422,,80,,HIGH,Sender transferred to 80 unique receivers
423,Fan-Out,A0423,,76,,HIGH,Sender transferred to 76 unique receivers
424,Fan-Out,A0424,,91,,HIGH,Sender transferred to 91 unique receivers
425,Fan-Out,A0425,,85,,HIGH,Sender transferred to 85 unique receivers
426,Fan-Out,A0426,,102,,HIGH,Sender transferred to 102 unique receivers
427,Fan-Out,A0427,,82,,HIGH,Sender transferred to 82 unique receivers
428,Fan-Out,A0428,,92,,HIGH,Sender transferred to 92 unique receivers
429,Fan-Out,A0429,,92,,HIGH,Sender transferred to 92 unique receivers
430,Fan-Out,A0430,,88,,HIGH,Sender transferred to 88 unique receivers
431,Fan-Out,A0431,,89,,HIGH,Sender transferred to 89 unique receivers
432,Fan-Out,A0432,,76,,HIGH,Sender transferred to 76 unique receivers
433,Fan-Out,A0433,,89,,HIGH,Sender transferred to 89 unique receivers
434,Fan-Out,A0434,,89,,HIGH,Sender transferred to 89 unique receivers
435,Fan-Out,A0435,,81,,HIGH,Sender transferred to 81 unique receivers
436,Fan-Out,A0436,,84,,HIGH,Sender transferred to 84 unique receivers
437,Fan-Out,A0437,,94,,HIGH,Sender transferred to 94 unique receivers
438,Fan-Out,A0438,,86,,HIGH,Sender transferred to 86 unique receivers
439,Fan-Out,A0439,,93,,HIGH,Sender transferred to 93 unique receivers
440,Fan-Out,A0440,,89,,HIGH,Sender transferred to 89 unique receivers
441,Fan-Out,A0441,,74,,HIGH,Sender transferred to 74 unique receivers
442,Fan-Out,A0442,,94,,HIGH,Sender transferred to 94 unique receivers
443,Fan-Out,A0443,,92,,HIGH,Sender transferred to 92 unique receivers
444,Fan-Out,A0444,,92,,HIGH,Sender transferred to 92 unique receivers
445,Fan-Out,A0445,,63,,HIGH,Sender transferred to 63 unique receivers
446,Fan-Out,A0446,,99,,HIGH,Sender transferred to 99 unique receivers
447,Fan-Out,A0447,,89,,HIGH,Sender transferred to 89 unique receivers
448,Fan-Out,A0448,,92,,HIGH,Sender transferred to 92 unique receivers
449,Fan-Out,A0449,,96,,HIGH,Sender transferred to 96 unique receivers
450,Fan-Out,A0450,,93,,HIGH,Sender transferred to 93 unique receivers
451,Fan-Out,A0451,,77,,HIGH,Sender transferred to 77 unique receivers
452,Fan-Out,A0452,,99,,HIGH,Sender transferred to 99 unique receivers
453,Fan-Out,A0453,,104,,HIGH,Sender transferred to 104 unique receivers
454,Fan-Out,A0454,,97,,HIGH,Sender transferred to 97 unique receivers
455,Fan-Out,A0455,,98,,HIGH,Sender transferred to 98 unique receivers
456,Fan-Out,A0456,,84,,HIGH,Sender transferred to 84 unique receivers
457,Fan-Out,A0457,,84,,HIGH,Sender transferred to 84 unique receivers
458,Fan-Out,A0458,,83,,HIGH,Sender transferred to 83 unique receivers
459,Fan-Out,A0459,,76,,HIGH,Sender transferred to 76 unique receivers
460,Fan-Out,A0460,,98,,HIGH,Sender transferred to 98 unique receivers
461,Fan-Out,A0461,,102,,HIGH,Sender transferred to 102 unique receivers
462,Fan-Out,A0462,,90,,HIGH,Sender transferred to 90 unique receivers
463,Fan-Out,A0463,,107,,HIGH,Sender transferred to 107 unique receivers
464,Fan-Out,A0464,,96,,HIGH,Sender transferred to 96 unique receivers
465,Fan-Out,A0465,,88,,HIGH,Sender transferred to 88 unique receivers
466,Fan-Out,A0466,,84,,HIGH,Sender transferred to 84 unique receivers
467,Fan-Out,A0467,,96,,HIGH,Sender transferred to 96 unique receivers
468,Fan-Out,A0468,,92,,HIGH,Sender transferred to 92 unique receivers
469,Fan-Out,A0469,,94,,HIGH,Sender transferred to 94 unique receivers
470,Fan-Out,A0470,,90,,HIGH,Sender transferred to 90 unique receivers
471,Fan-Out,A0471,,78,,HIGH,Sender transferred to 78 unique receivers
472,Fan-Out,A0472,,87,,HIGH,Sender transferred to 87 unique receivers
473,Fan-Out,A0473,,97,,HIGH,Sender transferred to 97 unique receivers
474,Fan-Out,A0474,,93,,HIGH,Sender transferred to 93 unique receivers
475,Fan-Out,A0475,,87,,HIGH,Sender transferred to 87 unique receivers
476,Fan-Out,A0476,,100,,HIGH,Sender transferred to 100 unique receivers
477,Fan-Out,A0477,,92,,HIGH,Sender transferred to 92 unique receivers
478,Fan-Out,A0478,,94,,HIGH,Sender transferred to 94 unique receivers
479,Fan-Out,A0479,,75,,HIGH,Sender transferred to 75 unique receivers
480,Fan-Out,A0480,,84,,HIGH,Sender transferred to 84 unique receivers
481,Fan-Out,A0481,,87,,HIGH,Sender transferred to 87 unique receivers
482,Fan-Out,A0482,,104,,HIGH,Sender transferred to 104 unique receivers
483,Fan-Out,A0483,,88,,HIGH,Sender transferred to 88 unique receivers
484,Fan-Out,A0484,,76,,HIGH,Sender transferred to 76 unique receivers
485,Fan-Out,A0485,,77,,HIGH,Sender transferred to 77 unique receivers
486,Fan-Out,A0486,,98,,HIGH,Sender transferred to 98 unique receivers
487,Fan-Out,A0487,,75,,HIGH,Sender transferred to 75 unique receivers
488,Fan-Out,A0488,,93,,HIGH,Sender transferred to 93 unique receivers
489,Fan-Out,A0489,,93,,HIGH,Sender transferred to 93 unique receivers
490,Fan-Out,A0490,,95,,HIGH,Sender transferred to 95 unique receivers
491,Fan-Out,A0491,,115,,HIGH,Sender transferred to 115 unique receivers
492,Fan-Out,A0492,,89,,HIGH,Sender transferred to 89 unique receivers
493,Fan-Out,A0493,,83,,HIGH,Sender transferred to 83 unique receivers
494,Fan-Out,A0494,,87,,HIGH,Sender transferred to 87 unique receivers
495,Fan-Out,A0495,,102,,HIGH,Sender transferred to 102 unique receivers
496,Fan-Out,A0496,,81,,HIGH,Sender transferred to 81 unique receivers
497,Fan-Out,A0497,,79,,HIGH,Sender transferred to 79 unique receivers
498,Fan-Out,A0498,,100,,HIGH,Sender transferred to 100 unique receivers
499,Fan-Out,A0499,,93,,HIGH,Sender transferred to 93 unique receivers
500,Fan-Out,A0500,,110,,HIGH,Sender transferred to 110 unique receivers
501,Fan-In,,A0001,84,,HIGH,Receiver accepted money from 84 unique senders
502,Fan-In,,A0002,83,,HIGH,Receiver accepted money from 83 unique senders
503,Fan-In,,A0003,78,,HIGH,Receiver accepted money from 78 unique senders
504,Fan-In,,A0004,70,,HIGH,Receiver accepted money from 70 unique senders
505,Fan-In,,A0005,80,,HIGH,Receiver accepted money from 80 unique senders
506,Fan-In,,A0006,77,,HIGH,Receiver accepted money from 77 unique senders
507,Fan-In,,A0007,114,,HIGH,Receiver accepted money from 114 unique senders
508,Fan-In,,A0008,58,,HIGH,Receiver accepted money from 58 unique senders
509,Fan-In,,A0009,86,,HIGH,Receiver accepted money from 86 unique senders
510,Fan-In,,A0010,65,,HIGH,Receiver accepted money from 65 unique senders
511,Fan-In,,A0011,61,,HIGH,Receiver accepted money from 61 unique senders
512,Fan-In,,A0012,132,,HIGH,Receiver accepted money from 132 unique senders
513,Fan-In,,A0013,76,,HIGH,Receiver accepted money from 76 unique senders
514,Fan-In,,A0014,77,,HIGH,Receiver accepted money from 77 unique senders
515,Fan-In,,A0015,65,,HIGH,Receiver accepted money from 65 unique senders
516,Fan-In,,A0016,71,,HIGH,Receiver accepted money from 71 unique senders
517,Fan-In,,A0017,84,,HIGH,Receiver accepted money from 84 unique senders
518,Fan-In,,A0018,62,,HIGH,Receiver accepted money from 62 unique senders
519,Fan-In,,A0019,137,,HIGH,Receiver accepted money from 137 unique senders
520,Fan-In,,A0020,74,,HIGH,Receiver accepted money from 74 unique senders
521,Fan-In,,A0021,160,,HIGH,Receiver accepted money from 160 unique senders
522,Fan-In,,A0022,120,,HIGH,Receiver accepted money from 120 unique senders
523,Fan-In,,A0023,131,,HIGH,Receiver accepted money from 131 unique senders
524,Fan-In,,A0024,131,,HIGH,Receiver accepted money from 131 unique senders
525,Fan-In,,A0025,62,,HIGH,Receiver accepted money from 62 unique senders
526,Fan-In,,A0026,73,,HIGH,Receiver accepted money from 73 unique senders
527,Fan-In,,A0027,74,,HIGH,Receiver accepted money from 74 unique senders
528,Fan-In,,A0028,134,,HIGH,Receiver accepted money from 134 unique senders
529,Fan-In,,A0029,76,,HIGH,Receiver accepted money from 76 unique senders
530,Fan-In,,A0030,167,,HIGH,Receiver accepted money from 167 unique senders
531,Fan-In,,A0031,144,,HIGH,Receiver accepted money from 144 unique senders
532,Fan-In,,A0032,68,,HIGH,Receiver accepted money from 68 unique senders
533,Fan-In,,A0033,73,,HIGH,Receiver accepted money from 73 unique senders
534,Fan-In,,A0034,74,,HIGH,Receiver accepted money from 74 unique senders
535,Fan-In,,A0035,64,,HIGH,Receiver accepted money from 64 unique senders
536,Fan-In,,A0036,71,,HIGH,Receiver accepted money from 71 unique senders
537,Fan-In,,A0037,156,,HIGH,Receiver accepted money from 156 unique senders
538,Fan-In,,A0038,76,,HIGH,Receiver accepted money from 76 unique senders
539,Fan-In,,A0039,77,,HIGH,Receiver accepted money from 77 unique senders
540,Fan-In,,A0040,74,,HIGH,Receiver accepted money from 74 unique senders
541,Fan-In,,A0041,80,,HIGH,Receiver accepted money from 80 unique senders
542,Fan-In,,A0042,78,,HIGH,Receiver accepted money from 78 unique senders
543,Fan-In,,A0043,66,,HIGH,Receiver accepted money from 66 unique senders
544,Fan-In,,A0044,74,,HIGH,Receiver accepted money from 74 unique senders
545,Fan-In,,A0045,78,,HIGH,Receiver accepted money from 78 unique senders
546,Fan-In,,A0046,81,,HIGH,Receiver accepted money from 81 unique senders
547,Fan-In,,A0047,74,,HIGH,Receiver accepted money from 74 unique senders
548,Fan-In,,A0048,68,,HIGH,Receiver accepted money from 68 unique senders
549,Fan-In,,A0049,83,,HIGH,Receiver accepted money from 83 unique senders
550,Fan-In,,A0050,157,,HIGH,Receiver accepted money from 157 unique senders
551,Fan-In,,A0051,71,,HIGH,Receiver accepted money from 71 unique senders
552,Fan-In,,A0052,65,,HIGH,Receiver accepted money from 65 unique senders
553,Fan-In,,A0053,171,,HIGH,Receiver accepted money from 171 unique senders
554,Fan-In,,A0054,86,,HIGH,Receiver accepted money from 86 unique senders
555,Fan-In,,A0055,159,,HIGH,Receiver accepted money from 159 unique senders
556,Fan-In,,A0056,142,,HIGH,Receiver accepted money from 142 unique senders
557,Fan-In,,A0057,139,,HIGH,Receiver accepted money from 139 unique senders
558,Fan-In,,A0058,171,,HIGH,Receiver accepted money from 171 unique senders
559,Fan-In,,A0059,81,,HIGH,Receiver accepted money from 81 unique senders
560,Fan-In,,A0060,85,,HIGH,Receiver accepted money from 85 unique senders
561,Fan-In,,A0061,169,,HIGH,Receiver accepted money from 169 unique senders
562,Fan-In,,A0062,69,,HIGH,Receiver accepted money from 69 unique senders
563,Fan-In,,A0063,83,,HIGH,Receiver accepted money from 83 unique senders
564,Fan-In,,A0064,71,,HIGH,Receiver accepted money from 71 unique senders
565,Fan-In,,A0065,69,,HIGH,Receiver accepted money from 69 unique senders
566,Fan-In,,A0066,85,,HIGH,Receiver accepted money from 85 unique senders
567,Fan-In,,A0067,80,,HIGH,Receiver accepted money from 80 unique senders
568,Fan-In,,A0068,69,,HIGH,Receiver accepted money from 69 unique senders
569,Fan-In,,A0069,63,,HIGH,Receiver accepted money from 63 unique senders
570,Fan-In,,A0070,169,,HIGH,Receiver accepted money from 169 unique senders
571,Fan-In,,A0071,85,,HIGH,Receiver accepted money from 85 unique senders
572,Fan-In,,A0072,68,,HIGH,Receiver accepted money from 68 unique senders
573,Fan-In,,A0073,70,,HIGH,Receiver accepted money from 70 unique senders
574,Fan-In,,A0074,72,,HIGH,Receiver accepted money from 72 unique senders
575,Fan-In,,A0075,156,,HIGH,Receiver accepted money from 156 unique senders
576,Fan-In,,A0076,81,,HIGH,Receiver accepted money from 81 unique senders
577,Fan-In,,A0077,79,,HIGH,Receiver accepted money from 79 unique senders
578,Fan-In,,A0078,92,,HIGH,Receiver accepted money from 92 unique senders
579,Fan-In,,A0079,83,,HIGH,Receiver accepted money from 83 unique senders
580,Fan-In,,A0080,76,,HIGH,Receiver accepted money from 76 unique senders
581,Fan-In,,A0081,64,,HIGH,Receiver accepted money from 64 unique senders
582,Fan-In,,A0082,81,,HIGH,Receiver accepted money from 81 unique senders
583,Fan-In,,A0083,69,,HIGH,Receiver accepted money from 69 unique senders
584,Fan-In,,A0084,74,,HIGH,Receiver accepted money from 74 unique senders
585,Fan-In,,A0085,76,,HIGH,Receiver accepted money from 76 unique senders
586,Fan-In,,A0086,85,,HIGH,Receiver accepted money from 85 unique senders
587,Fan-In,,A0087,64,,HIGH,Receiver accepted money from 64 unique senders
588,Fan-In,,A0088,68,,HIGH,Receiver accepted money from 68 unique senders
589,Fan-In,,A0089,77,,HIGH,Receiver accepted money from 77 unique senders
590,Fan-In,,A0090,76,,HIGH,Receiver accepted money from 76 unique senders
591,Fan-In,,A0091,73,,HIGH,Receiver accepted money from 73 unique senders
592,Fan-In,,A0092,68,,HIGH,Receiver accepted money from 68 unique senders
593,Fan-In,,A0093,72,,HIGH,Receiver accepted money from 72 unique senders
594,Fan-In,,A0094,135,,HIGH,Receiver accepted money from 135 unique senders
595,Fan-In,,A0095,174,,HIGH,Receiver accepted money from 174 unique senders
596,Fan-In,,A0096,78,,HIGH,Receiver accepted money from 78 unique senders
597,Fan-In,,A0097,152,,HIGH,Receiver accepted money from 152 unique senders
598,Fan-In,,A0098,133,,HIGH,Receiver accepted money from 133 unique senders
599,Fan-In,,A0099,157,,HIGH,Receiver accepted money from 157 unique senders
600,Fan-In,,A0100,82,,HIGH,Receiver accepted money from 82 unique senders
601,Fan-In,,A0101,79,,HIGH,Receiver accepted money from 79 unique senders
602,Fan-In,,A0102,70,,HIGH,Receiver accepted money from 70 unique senders
603,Fan-In,,A0103,67,,HIGH,Receiver accepted money from 67 unique senders
604,Fan-In,,A0104,153,,HIGH,Receiver accepted money from 153 unique senders
605,Fan-In,,A0105,77,,HIGH,Receiver accepted money from 77 unique senders
606,Fan-In,,A0106,145,,HIGH,Receiver accepted money from 145 unique senders
607,Fan-In,,A0107,76,,HIGH,Receiver accepted money from 76 unique senders
608,Fan-In,,A0108,129,,HIGH,Receiver accepted money from 129 unique senders
609,Fan-In,,A0109,66,,HIGH,Receiver accepted money from 66 unique senders
610,Fan-In,,A0110,80,,HIGH,Receiver accepted money from 80 unique senders
611,Fan-In,,A0111,71,,HIGH,Receiver accepted money from 71 unique senders
612,Fan-In,,A0112,74,,HIGH,Receiver accepted money from 74 unique senders
613,Fan-In,,A0113,76,,HIGH,Receiver accepted money from 76 unique senders
614,Fan-In,,A0114,151,,HIGH,Receiver accepted money from 151 unique senders
615,Fan-In,,A0115,76,,HIGH,Receiver accepted money from 76 unique senders
616,Fan-In,,A0116,173,,HIGH,Receiver accepted money from 173 unique senders
617,Fan-In,,A0117,94,,HIGH,Receiver accepted money from 94 unique senders
618,Fan-In,,A0118,67,,HIGH,Receiver accepted money from 67 unique senders
619,Fan-In,,A0119,77,,HIGH,Receiver accepted money from 77 unique senders
620,Fan-In,,A0120,75,,HIGH,Receiver accepted money from 75 unique senders
621,Fan-In,,A0121,84,,HIGH,Receiver accepted money from 84 unique senders
622,Fan-In,,A0122,155,,HIGH,Receiver accepted money from 155 unique senders
623,Fan-In,,A0123,81,,HIGH,Receiver accepted money from 81 unique senders
624,Fan-In,,A0124,67,,HIGH,Receiver accepted money from 67 unique senders
625,Fan-In,,A0125,77,,HIGH,Receiver accepted money from 77 unique senders
626,Fan-In,,A0126,79,,HIGH,Receiver accepted money from 79 unique senders
627,Fan-In,,A0127,125,,HIGH,Receiver accepted money from 125 unique senders
628,Fan-In,,A0128,63,,HIGH,Receiver accepted money from 63 unique senders
629,Fan-In,,A0129,71,,HIGH,Receiver accepted money from 71 unique senders
630,Fan-In,,A0130,175,,HIGH,Receiver accepted money from 175 unique senders
631,Fan-In,,A0131,73,,HIGH,Receiver accepted money from 73 unique senders
632,Fan-In,,A0132,79,,HIGH,Receiver accepted money from 79 unique senders
633,Fan-In,,A0133,140,,HIGH,Receiver accepted money from 140 unique senders
634,Fan-In,,A0134,90,,HIGH,Receiver accepted money from 90 unique senders
635,Fan-In,,A0135,76,,HIGH,Receiver accepted money from 76 unique senders
636,Fan-In,,A0136,77,,HIGH,Receiver accepted money from 77 unique senders
637,Fan-In,,A0137,72,,HIGH,Receiver accepted money from 72 unique senders
638,Fan-In,,A0138,83,,HIGH,Receiver accepted money from 83 unique senders
639,Fan-In,,A0139,68,,HIGH,Receiver accepted money from 68 unique senders
640,Fan-In,,A0140,74,,HIGH,Receiver accepted money from 74 unique senders
641,Fan-In,,A0141,76,,HIGH,Receiver accepted money from 76 unique senders
642,Fan-In,,A0142,129,,HIGH,Receiver accepted money from 129 unique senders
643,Fan-In,,A0143,94,,HIGH,Receiver accepted money from 94 unique senders
644,Fan-In,,A0144,80,,HIGH,Receiver accepted money from 80 unique senders
645,Fan-In,,A0145,75,,HIGH,Receiver accepted money from 75 unique senders
646,Fan-In,,A0146,75,,HIGH,Receiver accepted money from 75 unique senders
647,Fan-In,,A0147,152,,HIGH,Receiver accepted money from 152 unique senders
648,Fan-In,,A0148,71,,HIGH,Receiver accepted money from 71 unique senders
649,Fan-In,,A0149,77,,HIGH,Receiver accepted money from 77 unique senders
650,Fan-In,,A0150,75,,HIGH,Receiver accepted money from 75 unique senders
651,Fan-In,,A0151,93,,HIGH,Receiver accepted money from 93 unique senders
652,Fan-In,,A0152,88,,HIGH,Receiver accepted money from 88 unique senders
653,Fan-In,,A0153,76,,HIGH,Receiver accepted money from 76 unique senders
654,Fan-In,,A0154,79,,HIGH,Receiver accepted money from 79 unique senders
655,Fan-In,,A0155,73,,HIGH,Receiver accepted money from 73 unique senders
656,Fan-In,,A0156,84,,HIGH,Receiver accepted money from 84 unique senders
657,Fan-In,,A0157,153,,HIGH,Receiver accepted money from 153 unique senders
658,Fan-In,,A0158,128,,HIGH,Receiver accepted money from 128 unique senders
659,Fan-In,,A0159,64,,HIGH,Receiver accepted money from 64 unique senders
660,Fan-In,,A0160,70,,HIGH,Receiver accepted money from 70 unique senders
661,Fan-In,,A0161,67,,HIGH,Receiver accepted money from 67 unique senders
662,Fan-In,,A0162,89,,HIGH,Receiver accepted money from 89 unique senders
663,Fan-In,,A0163,68,,HIGH,Receiver accepted money from 68 unique senders
664,Fan-In,,A0164,71,,HIGH,Receiver accepted money from 71 unique senders
665,Fan-In,,A0165,79,,HIGH,Receiver accepted money from 79 unique senders
666,Fan-In,,A0166,64,,HIGH,Receiver accepted money from 64 unique senders
667,Fan-In,,A0167,66,,HIGH,Receiver accepted money from 66 unique senders
668,Fan-In,,A0168,121,,HIGH,Receiver accepted money from 121 unique senders
669,Fan-In,,A0169,85,,HIGH,Receiver accepted money from 85 unique senders
670,Fan-In,,A0170,66,,HIGH,Receiver accepted money from 66 unique senders
671,Fan-In,,A0171,66,,HIGH,Receiver accepted money from 66 unique senders
672,Fan-In,,A0172,76,,HIGH,Receiver accepted money from 76 unique senders
673,Fan-In,,A0173,64,,HIGH,Receiver accepted money from 64 unique senders
674,Fan-In,,A0174,69,,HIGH,Receiver accepted money from 69 unique senders
675,Fan-In,,A0175,122,,HIGH,Receiver accepted money from 122 unique senders
676,Fan-In,,A0176,72,,HIGH,Receiver accepted money from 72 unique senders
677,Fan-In,,A0177,71,,HIGH,Receiver accepted money from 71 unique senders
678,Fan-In,,A0178,70,,HIGH,Receiver accepted money from 70 unique senders
679,Fan-In,,A0179,82,,HIGH,Receiver accepted money from 82 unique senders
680,Fan-In,,A0180,74,,HIGH,Receiver accepted money from 74 unique senders
681,Fan-In,,A0181,66,,HIGH,Receiver accepted money from 66 unique senders
682,Fan-In,,A0182,70,,HIGH,Receiver accepted money from 70 unique senders
683,Fan-In,,A0183,96,,HIGH,Receiver accepted money from 96 unique senders
684,Fan-In,,A0184,155,,HIGH,Receiver accepted money from 155 unique senders
685,Fan-In,,A0185,71,,HIGH,Receiver accepted money from 71 unique senders
686,Fan-In,,A0186,73,,HIGH,Receiver accepted money from 73 unique senders
687,Fan-In,,A0187,169,,HIGH,Receiver accepted money from 169 unique senders
688,Fan-In,,A0188,140,,HIGH,Receiver accepted money from 140 unique senders
689,Fan-In,,A0189,60,,HIGH,Receiver accepted money from 60 unique senders
690,Fan-In,,A0190,79,,HIGH,Receiver accepted money from 79 unique senders
691,Fan-In,,A0191,148,,HIGH,Receiver accepted money from 148 unique senders
692,Fan-In,,A0192,158,,HIGH,Receiver accepted money from 158 unique senders
693,Fan-In,,A0193,66,,HIGH,Receiver accepted money from 66 unique senders
694,Fan-In,,A0194,84,,HIGH,Receiver accepted money from 84 unique senders
695,Fan-In,,A0195,66,,HIGH,Receiver accepted money from 66 unique senders
696,Fan-In,,A0196,70,,HIGH,Receiver accepted money from 70 unique senders
697,Fan-In,,A0197,73,,HIGH,Receiver accepted money from 73 unique senders
698,Fan-In,,A0198,108,,HIGH,Receiver accepted money from 108 unique senders
699,Fan-In,,A0199,74,,HIGH,Receiver accepted money from 74 unique senders
700,Fan-In,,A0200,150,,HIGH,Receiver accepted money from 150 unique senders
701,Fan-In,,A0201,76,,HIGH,Receiver accepted money from 76 unique senders
702,Fan-In,,A0202,82,,HIGH,Receiver accepted money from 82 unique senders
703,Fan-In,,A0203,80,,HIGH,Receiver accepted money from 80 unique senders
704,Fan-In,,A0204,64,,HIGH,Receiver accepted money from 64 unique senders
705,Fan-In,,A0205,164,,HIGH,Receiver accepted money from 164 unique senders
706,Fan-In,,A0206,72,,HIGH,Receiver accepted money from 72 unique senders
707,Fan-In,,A0207,75,,HIGH,Receiver accepted money from 75 unique senders
708,Fan-In,,A0208,71,,HIGH,Receiver accepted money from 71 unique senders
709,Fan-In,,A0209,83,,HIGH,Receiver accepted money from 83 unique senders
710,Fan-In,,A0210,90,,HIGH,Receiver accepted money from 90 unique senders
711,Fan-In,,A0211,139,,HIGH,Receiver accepted money from 139 unique senders
712,Fan-In,,A0212,71,,HIGH,Receiver accepted money from 71 unique senders
713,Fan-In,,A0213,79,,HIGH,Receiver accepted money from 79 unique senders
714,Fan-In,,A0214,77,,HIGH,Receiver accepted money from 77 unique senders
715,Fan-In,,A0215,67,,HIGH,Receiver accepted money from 67 unique senders
716,Fan-In,,A0216,58,,HIGH,Receiver accepted money from 58 unique senders
717,Fan-In,,A0217,57,,HIGH,Receiver accepted money from 57 unique senders
718,Fan-In,,A0218,74,,HIGH,Receiver accepted money from 74 unique senders
719,Fan-In,,A0219,76,,HIGH,Receiver accepted money from 76 unique senders
720,Fan-In,,A0220,80,,HIGH,Receiver accepted money from 80 unique senders
721,Fan-In,,A0221,76,,HIGH,Receiver accepted money from 76 unique senders
722,Fan-In,,A0222,108,,HIGH,Receiver accepted money from 108 unique senders
723,Fan-In,,A0223,83,,HIGH,Receiver accepted money from 83 unique senders
724,Fan-In,,A0224,75,,HIGH,Receiver accepted money from 75 unique senders
725,Fan-In,,A0225,72,,HIGH,Receiver accepted money from 72 unique senders
726,Fan-In,,A0226,73,,HIGH,Receiver accepted money from 73 unique senders
727,Fan-In,,A0227,153,,HIGH,Receiver accepted money from 153 unique senders
728,Fan-In,,A0228,66,,HIGH,Receiver accepted money from 66 unique senders
729,Fan-In,,A0229,73,,HIGH,Receiver accepted money from 73 unique senders
730,Fan-In,,A0230,69,,HIGH,Receiver accepted money from 69 unique senders
731,Fan-In,,A0231,88,,HIGH,Receiver accepted money from 88 unique senders
732,Fan-In,,A0232,71,,HIGH,Receiver accepted money from 71 unique senders
733,Fan-In,,A0233,79,,HIGH,Receiver accepted money from 79 unique senders
734,Fan-In,,A0234,82,,HIGH,Receiver accepted money from 82 unique senders
735,Fan-In,,A0235,75,,HIGH,Receiver accepted money from 75 unique senders
736,Fan-In,,A0236,167,,HIGH,Receiver accepted money from 167 unique senders
737,Fan-In,,A0237,87,,HIGH,Receiver accepted money from 87 unique senders
738,Fan-In,,A0238,150,,HIGH,Receiver accepted money from 150 unique senders
739,Fan-In,,A0239,83,,HIGH,Receiver accepted money from 83 unique senders
740,Fan-In,,A0240,137,,HIGH,Receiver accepted money from 137 unique senders
741,Fan-In,,A0241,61,,HIGH,Receiver accepted money from 61 unique senders
742,Fan-In,,A0242,96,,HIGH,Receiver accepted money from 96 unique senders
743,Fan-In,,A0243,75,,HIGH,Receiver accepted money from 75 unique senders
744,Fan-In,,A0244,69,,HIGH,Receiver accepted money from 69 unique senders
745,Fan-In,,A0245,150,,HIGH,Receiver accepted money from 150 unique senders
746,Fan-In,,A0246,71,,HIGH,Receiver accepted money from 71 unique senders
747,Fan-In,,A0247,70,,HIGH,Receiver accepted money from 70 unique senders
748,Fan-In,,A0248,63,,HIGH,Receiver accepted money from 63 unique senders
749,Fan-In,,A0249,148,,HIGH,Receiver accepted money from 148 unique senders
750,Fan-In,,A0250,91,,HIGH,Receiver accepted money from 91 unique senders
751,Fan-In,,A0251,71,,HIGH,Receiver accepted money from 71 unique senders
752,Fan-In,,A0252,174,,HIGH,Receiver accepted money from 174 unique senders
753,Fan-In,,A0253,83,,HIGH,Receiver accepted money from 83 unique senders
754,Fan-In,,A0254,84,,HIGH,Receiver accepted money from 84 unique senders
755,Fan-In,,A0255,72,,HIGH,Receiver accepted money from 72 unique senders
756,Fan-In,,A0256,83,,HIGH,Receiver accepted money from 83 unique senders
757,Fan-In,,A0257,155,,HIGH,Receiver accepted money from 155 unique senders
758,Fan-In,,A0258,74,,HIGH,Receiver accepted money from 74 unique senders
759,Fan-In,,A0259,73,,HIGH,Receiver accepted money from 73 unique senders
760,Fan-In,,A0260,72,,HIGH,Receiver accepted money from 72 unique senders
761,Fan-In,,A0261,73,,HIGH,Receiver accepted money from 73 unique senders
762,Fan-In,,A0262,88,,HIGH,Receiver accepted money from 88 unique senders
763,Fan-In,,A0263,90,,HIGH,Receiver accepted money from 90 unique senders
764,Fan-In,,A0264,72,,HIGH,Receiver accepted money from 72 unique senders
765,Fan-In,,A0265,184,,HIGH,Receiver accepted money from 184 unique senders
766,Fan-In,,A0266,77,,HIGH,Receiver accepted money from 77 unique senders
767,Fan-In,,A0267,86,,HIGH,Receiver accepted money from 86 unique senders
768,Fan-In,,A0268,157,,HIGH,Receiver accepted money from 157 unique senders
769,Fan-In,,A0269,156,,HIGH,Receiver accepted money from 156 unique senders
770,Fan-In,,A0270,69,,HIGH,Receiver accepted money from 69 unique senders
771,Fan-In,,A0271,139,,HIGH,Receiver accepted money from 139 unique senders
772,Fan-In,,A0272,78,,HIGH,Receiver accepted money from 78 unique senders
773,Fan-In,,A0273,85,,HIGH,Receiver accepted money from 85 unique senders
774,Fan-In,,A0274,84,,HIGH,Receiver accepted money from 84 unique senders
775,Fan-In,,A0275,80,,HIGH,Receiver accepted money from 80 unique senders
776,Fan-In,,A0276,79,,HIGH,Receiver accepted money from 79 unique senders
777,Fan-In,,A0277,84,,HIGH,Receiver accepted money from 84 unique senders
778,Fan-In,,A0278,166,,HIGH,Receiver accepted money from 166 unique senders
779,Fan-In,,A0279,125,,HIGH,Receiver accepted money from 125 unique senders
780,Fan-In,,A0280,70,,HIGH,Receiver accepted money from 70 unique senders
781,Fan-In,,A0281,68,,HIGH,Receiver accepted money from 68 unique senders
782,Fan-In,,A0282,153,,HIGH,Receiver accepted money from 153 unique senders
783,Fan-In,,A0283,76,,HIGH,Receiver accepted money from 76 unique senders
784,Fan-In,,A0284,67,,HIGH,Receiver accepted money from 67 unique senders
785,Fan-In,,A0285,75,,HIGH,Receiver accepted money from 75 unique senders
786,Fan-In,,A0286,58,,HIGH,Receiver accepted money from 58 unique senders
787,Fan-In,,A0287,79,,HIGH,Receiver accepted money from 79 unique senders
788,Fan-In,,A0288,153,,HIGH,Receiver accepted money from 153 unique senders
789,Fan-In,,A0289,81,,HIGH,Receiver accepted money from 81 unique senders
790,Fan-In,,A0290,81,,HIGH,Receiver accepted money from 81 unique senders
791,Fan-In,,A0291,129,,HIGH,Receiver accepted money from 129 unique senders
792,Fan-In,,A0292,74,,HIGH,Receiver accepted money from 74 unique senders
793,Fan-In,,A0293,84,,HIGH,Receiver accepted money from 84 unique senders
794,Fan-In,,A0294,150,,HIGH,Receiver accepted money from 150 unique senders
795,Fan-In,,A0295,73,,HIGH,Receiver accepted money from 73 unique senders
796,Fan-In,,A0296,73,,HIGH,Receiver accepted money from 73 unique senders
797,Fan-In,,A0297,88,,HIGH,Receiver accepted money from 88 unique senders
798,Fan-In,,A0298,71,,HIGH,Receiver accepted money from 71 unique senders
799,Fan-In,,A0299,81,,HIGH,Receiver accepted money from 81 unique senders
800,Fan-In,,A0300,73,,HIGH,Receiver accepted money from 73 unique senders
801,Fan-In,,A0301,58,,HIGH,Receiver accepted money from 58 unique senders
802,Fan-In,,A0302,63,,HIGH,Receiver accepted money from 63 unique senders
803,Fan-In,,A0303,66,,HIGH,Receiver accepted money from 66 unique senders
804,Fan-In,,A0304,69,,HIGH,Receiver accepted money from 69 unique senders
805,Fan-In,,A0305,74,,HIGH,Receiver accepted money from 74 unique senders
806,Fan-In,,A0306,81,,HIGH,Receiver accepted money from 81 unique senders
807,Fan-In,,A0307,63,,HIGH,Receiver accepted money from 63 unique senders
808,Fan-In,,A0308,72,,HIGH,Receiver accepted money from 72 unique senders
809,Fan-In,,A0309,181,,HIGH,Receiver accepted money from 181 unique senders
810,Fan-In,,A0310,65,,HIGH,Receiver accepted money from 65 unique senders
811,Fan-In,,A0311,91,,HIGH,Receiver accepted money from 91 unique senders
812,Fan-In,,A0312,85,,HIGH,Receiver accepted money from 85 unique senders
813,Fan-In,,A0313,84,,HIGH,Receiver accepted money from 84 unique senders
814,Fan-In,,A0314,74,,HIGH,Receiver accepted money from 74 unique senders
815,Fan-In,,A0315,148,,HIGH,Receiver accepted money from 148 unique senders
816,Fan-In,,A0316,65,,HIGH,Receiver accepted money from 65 unique senders
817,Fan-In,,A0317,69,,HIGH,Receiver accepted money from 69 unique senders
818,Fan-In,,A0318,77,,HIGH,Receiver accepted money from 77 unique senders
819,Fan-In,,A0319,137,,HIGH,Receiver accepted money from 137 unique senders
820,Fan-In,,A0320,56,,HIGH,Receiver accepted money from 56 unique senders
821,Fan-In,,A0321,145,,HIGH,Receiver accepted money from 145 unique senders
822,Fan-In,,A0322,85,,HIGH,Receiver accepted money from 85 unique senders
823,Fan-In,,A0323,60,,HIGH,Receiver accepted money from 60 unique senders
824,Fan-In,,A0324,63,,HIGH,Receiver accepted money from 63 unique senders
825,Fan-In,,A0325,71,,HIGH,Receiver accepted money from 71 unique senders
826,Fan-In,,A0326,139,,HIGH,Receiver accepted money from 139 unique senders
827,Fan-In,,A0327,80,,HIGH,Receiver accepted money from 80 unique senders
828,Fan-In,,A0328,82,,HIGH,Receiver accepted money from 82 unique senders
829,Fan-In,,A0329,68,,HIGH,Receiver accepted money from 68 unique senders
830,Fan-In,,A0330,80,,HIGH,Receiver accepted money from 80 unique senders
831,Fan-In,,A0331,61,,HIGH,Receiver accepted money from 61 unique senders
832,Fan-In,,A0332,73,,HIGH,Receiver accepted money from 73 unique senders
833,Fan-In,,A0333,84,,HIGH,Receiver accepted money from 84 unique senders
834,Fan-In,,A0334,78,,HIGH,Receiver accepted money from 78 unique senders
835,Fan-In,,A0335,169,,HIGH,Receiver accepted money from 169 unique senders
836,Fan-In,,A0336,65,,HIGH,Receiver accepted money from 65 unique senders
837,Fan-In,,A0337,79,,HIGH,Receiver accepted money from 79 unique senders
838,Fan-In,,A0338,68,,HIGH,Receiver accepted money from 68 unique senders
839,Fan-In,,A0339,68,,HIGH,Receiver accepted money from 68 unique senders
840,Fan-In,,A0340,81,,HIGH,Receiver accepted money from 81 unique senders
841,Fan-In,,A0341,156,,HIGH,Receiver accepted money from 156 unique senders
842,Fan-In,,A0342,70,,HIGH,Receiver accepted money from 70 unique senders
843,Fan-In,,A0343,81,,HIGH,Receiver accepted money from 81 unique senders
844,Fan-In,,A0344,76,,HIGH,Receiver accepted money from 76 unique senders
845,Fan-In,,A0345,58,,HIGH,Receiver accepted money from 58 unique senders
846,Fan-In,,A0346,70,,HIGH,Receiver accepted money from 70 unique senders
847,Fan-In,,A0347,60,,HIGH,Receiver accepted money from 60 unique senders
848,Fan-In,,A0348,80,,HIGH,Receiver accepted money from 80 unique senders
849,Fan-In,,A0349,87,,HIGH,Receiver accepted money from 87 unique senders
850,Fan-In,,A0350,82,,HIGH,Receiver accepted money from 82 unique senders
851,Fan-In,,A0351,131,,HIGH,Receiver accepted money from 131 unique senders
852,Fan-In,,A0352,81,,HIGH,Receiver accepted money from 81 unique senders
853,Fan-In,,A0353,77,,HIGH,Receiver accepted money from 77 unique senders
854,Fan-In,,A0354,72,,HIGH,Receiver accepted money from 72 unique senders
855,Fan-In,,A0355,64,,HIGH,Receiver accepted money from 64 unique senders
856,Fan-In,,A0356,59,,HIGH,Receiver accepted money from 59 unique senders
857,Fan-In,,A0357,81,,HIGH,Receiver accepted money from 81 unique senders
858,Fan-In,,A0358,84,,HIGH,Receiver accepted money from 84 unique senders
859,Fan-In,,A0359,63,,HIGH,Receiver accepted money from 63 unique senders
860,Fan-In,,A0360,68,,HIGH,Receiver accepted money from 68 unique senders
861,Fan-In,,A0361,67,,HIGH,Receiver accepted money from 67 unique senders
862,Fan-In,,A0362,71,,HIGH,Receiver accepted money from 71 unique senders
863,Fan-In,,A0363,76,,HIGH,Receiver accepted money from 76 unique senders
864,Fan-In,,A0364,75,,HIGH,Receiver accepted money from 75 unique senders
865,Fan-In,,A0365,81,,HIGH,Receiver accepted money from 81 unique senders
866,Fan-In,,A0366,85,,HIGH,Receiver accepted money from 85 unique senders
867,Fan-In,,A0367,73,,HIGH,Receiver accepted money from 73 unique senders
868,Fan-In,,A0368,63,,HIGH,Receiver accepted money from 63 unique senders
869,Fan-In,,A0369,72,,HIGH,Receiver accepted money from 72 unique senders
870,Fan-In,,A0370,59,,HIGH,Receiver accepted money from 59 unique senders
871,Fan-In,,A0371,81,,HIGH,Receiver accepted money from 81 unique senders
872,Fan-In,,A0372,62,,HIGH,Receiver accepted money from 62 unique senders
873,Fan-In,,A0373,175,,HIGH,Receiver accepted money from 175 unique senders
874,Fan-In,,A0374,160,,HIGH,Receiver accepted money from 160 unique senders
875,Fan-In,,A0375,155,,HIGH,Receiver accepted money from 155 unique senders
876,Fan-In,,A0376,67,,HIGH,Receiver accepted money from 67 unique senders
877,Fan-In,,A0377,87,,HIGH,Receiver accepted money from 87 unique senders
878,Fan-In,,A0378,81,,HIGH,Receiver accepted money from 81 unique senders
879,Fan-In,,A0379,87,,HIGH,Receiver accepted money from 87 unique senders
880,Fan-In,,A0380,70,,HIGH,Receiver accepted money from 70 unique senders
881,Fan-In,,A0381,90,,HIGH,Receiver accepted money from 90 unique senders
882,Fan-In,,A0382,71,,HIGH,Receiver accepted money from 71 unique senders
883,Fan-In,,A0383,72,,HIGH,Receiver accepted money from 72 unique senders
884,Fan-In,,A0384,143,,HIGH,Receiver accepted money from 143 unique senders
885,Fan-In,,A0385,75,,HIGH,Receiver accepted money from 75 unique senders
886,Fan-In,,A0386,75,,HIGH,Receiver accepted money from 75 unique senders
887,Fan-In,,A0387,84,,HIGH,Receiver accepted money from 84 unique senders
888,Fan-In,,A0388,75,,HIGH,Receiver accepted money from 75 unique senders
889,Fan-In,,A0389,80,,HIGH,Receiver accepted money from 80 unique senders
890,Fan-In,,A0390,70,,HIGH,Receiver accepted money from 70 unique senders
891,Fan-In,,A0391,92,,HIGH,Receiver accepted money from 92 unique senders
892,Fan-In,,A0392,82,,HIGH,Receiver accepted money from 82 unique senders
893,Fan-In,,A0393,71,,HIGH,Receiver accepted money from 71 unique senders
894,Fan-In,,A0394,148,,HIGH,Receiver accepted money from 148 unique senders
895,Fan-In,,A0395,90,,HIGH,Receiver accepted money from 90 unique senders
896,Fan-In,,A0396,164,,HIGH,Receiver accepted money from 164 unique senders
897,Fan-In,,A0397,72,,HIGH,Receiver accepted money from 72 unique senders
898,Fan-In,,A0398,74,,HIGH,Receiver accepted money from 74 unique senders
899,Fan-In,,A0399,86,,HIGH,Receiver accepted money from 86 unique senders
900,Fan-In,,A0400,75,,HIGH,Receiver accepted money from 75 unique senders
901,Fan-In,,A0401,58,,HIGH,Receiver accepted money from 58 unique senders
902,Fan-In,,A0402,74,,HIGH,Receiver accepted money from 74 unique senders
903,Fan-In,,A0403,70,,HIGH,Receiver accepted money from 70 unique senders
904,Fan-In,,A0404,64,,HIGH,Receiver accepted money from 64 unique senders
905,Fan-In,,A0405,80,,HIGH,Receiver accepted money from 80 unique senders
906,Fan-In,,A0406,146,,HIGH,Receiver accepted money from 146 unique senders
907,Fan-In,,A0407,75,,HIGH,Receiver accepted money from 75 unique senders
908,Fan-In,,A0408,61,,HIGH,Receiver accepted money from 61 unique senders
909,Fan-In,,A0409,160,,HIGH,Receiver accepted money from 160 unique senders
910,Fan-In,,A0410,58,,HIGH,Receiver accepted money from 58 unique senders
911,Fan-In,,A0411,71,,HIGH,Receiver accepted money from 71 unique senders
912,Fan-In,,A0412,71,,HIGH,Receiver accepted money from 71 unique senders
913,Fan-In,,A0413,74,,HIGH,Receiver accepted money from 74 unique senders
914,Fan-In,,A0414,72,,HIGH,Receiver accepted money from 72 unique senders
915,Fan-In,,A0415,71,,HIGH,Receiver accepted money from 71 unique senders
916,Fan-In,,A0416,75,,HIGH,Receiver accepted money from 75 unique senders
917,Fan-In,,A0417,81,,HIGH,Receiver accepted money from 81 unique senders
918,Fan-In,,A0418,86,,HIGH,Receiver accepted money from 86 unique senders
919,Fan-In,,A0419,78,,HIGH,Receiver accepted money from 78 unique senders
920,Fan-In,,A0420,68,,HIGH,Receiver accepted money from 68 unique senders
921,Fan-In,,A0421,70,,HIGH,Receiver accepted money from 70 unique senders
922,Fan-In,,A0422,70,,HIGH,Receiver accepted money from 70 unique senders
923,Fan-In,,A0423,77,,HIGH,Receiver accepted money from 77 unique senders
924,Fan-In,,A0424,85,,HIGH,Receiver accepted money from 85 unique senders
925,Fan-In,,A0425,158,,HIGH,Receiver accepted money from 158 unique senders
926,Fan-In,,A0426,142,,HIGH,Receiver accepted money from 142 unique senders
927,Fan-In,,A0427,69,,HIGH,Receiver accepted money from 69 unique senders
928,Fan-In,,A0428,84,,HIGH,Receiver accepted money from 84 unique senders
929,Fan-In,,A0429,92,,HIGH,Receiver accepted money from 92 unique senders
930,Fan-In,,A0430,71,,HIGH,Receiver accepted money from 71 unique senders
931,Fan-In,,A0431,148,,HIGH,Receiver accepted money from 148 unique senders
932,Fan-In,,A0432,77,,HIGH,Receiver accepted money from 77 unique senders
933,Fan-In,,A0433,85,,HIGH,Receiver accepted money from 85 unique senders
934,Fan-In,,A0434,84,,HIGH,Receiver accepted money from 84 unique senders
935,Fan-In,,A0435,124,,HIGH,Receiver accepted money from 124 unique senders
936,Fan-In,,A0436,86,,HIGH,Receiver accepted money from 86 unique senders
937,Fan-In,,A0437,86,,HIGH,Receiver accepted money from 86 unique senders
938,Fan-In,,A0438,69,,HIGH,Receiver accepted money from 69 unique senders
939,Fan-In,,A0439,75,,HIGH,Receiver accepted money from 75 unique senders
940,Fan-In,,A0440,155,,HIGH,Receiver accepted money from 155 unique senders
941,Fan-In,,A0441,65,,HIGH,Receiver accepted money from 65 unique senders
942,Fan-In,,A0442,71,,HIGH,Receiver accepted money from 71 unique senders
943,Fan-In,,A0443,77,,HIGH,Receiver accepted money from 77 unique senders
944,Fan-In,,A0444,76,,HIGH,Receiver accepted money from 76 unique senders
945,Fan-In,,A0445,156,,HIGH,Receiver accepted money from 156 unique senders
946,Fan-In,,A0446,84,,HIGH,Receiver accepted money from 84 unique senders
947,Fan-In,,A0447,180,,HIGH,Receiver accepted money from 180 unique senders
948,Fan-In,,A0448,97,,HIGH,Receiver accepted money from 97 unique senders
949,Fan-In,,A0449,72,,HIGH,Receiver accepted money from 72 unique senders
950,Fan-In,,A0450,69,,HIGH,Receiver accepted money from 69 unique senders
951,Fan-In,,A0451,64,,HIGH,Receiver accepted money from 64 unique senders
952,Fan-In,,A0452,78,,HIGH,Receiver accepted money from 78 unique senders
953,Fan-In,,A0453,69,,HIGH,Receiver accepted money from 69 unique senders
954,Fan-In,,A0454,154,,HIGH,Receiver accepted money from 154 unique senders
955,Fan-In,,A0455,75,,HIGH,Receiver accepted money from 75 unique senders
956,Fan-In,,A0456,75,,HIGH,Receiver accepted money from 75 unique senders
957,Fan-In,,A0457,63,,HIGH,Receiver accepted money from 63 unique senders
958,Fan-In,,A0458,155,,HIGH,Receiver accepted money from 155 unique senders
959,Fan-In,,A0459,92,,HIGH,Receiver accepted money from 92 unique senders
960,Fan-In,,A0460,77,,HIGH,Receiver accepted money from 77 unique senders
961,Fan-In,,A0461,65,,HIGH,Receiver accepted money from 65 unique senders
962,Fan-In,,A0462,79,,HIGH,Receiver accepted money from 79 unique senders
963,Fan-In,,A0463,75,,HIGH,Receiver accepted money from 75 unique senders
964,Fan-In,,A0464,74,,HIGH,Receiver accepted money from 74 unique senders
965,Fan-In,,A0465,64,,HIGH,Receiver accepted money from 64 unique senders
966,Fan-In,,A0466,71,,HIGH,Receiver accepted money from 71 unique senders
967,Fan-In,,A0467,81,,HIGH,Receiver accepted money from 81 unique senders
968,Fan-In,,A0468,74,,HIGH,Receiver accepted money from 74 unique senders
969,Fan-In,,A0469,65,,HIGH,Receiver accepted money from 65 unique senders
970,Fan-In,,A0470,161,,HIGH,Receiver accepted money from 161 unique senders
971,Fan-In,,A0471,84,,HIGH,Receiver accepted money from 84 unique senders
972,Fan-In,,A0472,158,,HIGH,Receiver accepted money from 158 unique senders
973,Fan-In,,A0473,124,,HIGH,Receiver accepted money from 124 unique senders
974,Fan-In,,A0474,75,,HIGH,Receiver accepted money from 75 unique senders
975,Fan-In,,A0475,132,,HIGH,Receiver accepted money from 132 unique senders
976,Fan-In,,A0476,67,,HIGH,Receiver accepted money from 67 unique senders
977,Fan-In,,A0477,69,,HIGH,Receiver accepted money from 69 unique senders
978,Fan-In,,A0478,62,,HIGH,Receiver accepted money from 62 unique senders
979,Fan-In,,A0479,74,,HIGH,Receiver accepted money from 74 unique senders
980,Fan-In,,A0480,76,,HIGH,Receiver accepted money from 76 unique senders
981,Fan-In,,A0481,171,,HIGH,Receiver accepted money from 171 unique senders
982,Fan-In,,A0482,123,,HIGH,Receiver accepted money from 123 unique senders
983,Fan-In,,A0483,66,,HIGH,Receiver accepted money from 66 unique senders
984,Fan-In,,A0484,166,,HIGH,Receiver accepted money from 166 unique senders
985,Fan-In,,A0485,69,,HIGH,Receiver accepted money from 69 unique senders
986,Fan-In,,A0486,73,,HIGH,Receiver accepted money from 73 unique senders
987,Fan-In,,A0487,66,,HIGH,Receiver accepted money from 66 unique senders
988,Fan-In,,A0488,65,,HIGH,Receiver accepted money from 65 unique senders
989,Fan-In,,A0489,68,,HIGH,Receiver accepted money from 68 unique senders
990,Fan-In,,A0490,84,,HIGH,Receiver accepted money from 84 unique senders
991,Fan-In,,A0491,72,,HIGH,Receiver accepted money from 72 unique senders
992,Fan-In,,A0492,65,,HIGH,Receiver accepted money from 65 unique senders
993,Fan-In,,A0493,72,,HIGH,Receiver accepted money from 72 unique senders
994,Fan-In,,A0494,87,,HIGH,Receiver accepted money from 87 unique senders
995,Fan-In,,A0495,83,,HIGH,Receiver accepted money from 83 unique senders
996,Fan-In,,A0496,77,,HIGH,Receiver accepted money from 77 unique senders
997,Fan-In,,A0497,72,,HIGH,Receiver accepted money from 72 unique senders
998,Fan-In,,A0498,73,,HIGH,Receiver accepted money from 73 unique senders
999,Fan-In,,A0499,76,,HIGH,Receiver accepted money from 76 unique senders
1000,Fan-In,,A0500,80,,HIGH,Receiver accepted money from 80 unique senders
1001,Circular Transfer,A0294,A0325,2,,HIGH,Bi-directional money flow detected
1002,Circular Transfer,A0219,A0187,2,,HIGH,Bi-directional money flow detected
1003,Circular Transfer,A0378,A0114,2,,HIGH,Bi-directional money flow detected
1004,Circular Transfer,A0473,A0140,2,,HIGH,Bi-directional money flow detected
1005,Circular Transfer,A0331,A0264,2,,HIGH,Bi-directional money flow detected
1006,Circular Transfer,A0041,A0279,2,,HIGH,Bi-directional money flow detected
1007,Circular Transfer,A0479,A0233,2,,HIGH,Bi-directional money flow detected
1008,Circular Transfer,A0493,A0274,2,,HIGH,Bi-directional money flow detected
1009,Circular Transfer,A0069,A0426,2,,HIGH,Bi-directional money flow detected
1010,Circular Transfer,A0199,A0062,2,,HIGH,Bi-directional money flow detected
1011,Circular Transfer,A0143,A0258,2,,HIGH,Bi-directional money flow detected
1012,Circular Transfer,A0454,A0067,2,,HIGH,Bi-directional money flow detected
1013,Circular Transfer,A0410,A0347,2,,HIGH,Bi-directional money flow detected
1014,Circular Transfer,A0252,A0303,2,,HIGH,Bi-directional money flow detected
1015,Circular Transfer,A0384,A0130,2,,HIGH,Bi-directional money flow detected
1016,Circular Transfer,A0105,A0443,2,,HIGH,Bi-directional money flow detected
1017,Circular Transfer,A0139,A0434,2,,HIGH,Bi-directional money flow detected
1018,Circular Transfer,A0444,A0487,2,,HIGH,Bi-directional money flow detected
1019,Circular Transfer,A0040,A0004,2,,HIGH,Bi-directional money flow detected
1020,Circular Transfer,A0040,A0260,2,,HIGH,Bi-directional money flow detected
1021,Circular Transfer,A0189,A0254,2,,HIGH,Bi-directional money flow detected
1022,Circular Transfer,A0203,A0196,2,,HIGH,Bi-directional money flow detected
1023,Circular Transfer,A0094,A0104,2,,HIGH,Bi-directional money flow detected
1024,Circular Transfer,A0148,A0326,2,,HIGH,Bi-directional money flow detected
1025,Circular Transfer,A0006,A0297,2,,HIGH,Bi-directional money flow detected
1026,Circular Transfer,A0175,A0411,2,,HIGH,Bi-directional money flow detected
1027,Circular Transfer,A0178,A0141,2,,HIGH,Bi-directional money flow detected
1028,Circular Transfer,A0319,A0082,2,,HIGH,Bi-directional money flow detected
1029,Circular Transfer,A0374,A0123,2,,HIGH,Bi-directional money flow detected
1030,Circular Transfer,A0451,A0374,2,,HIGH,Bi-directional money flow detected
1031,Circular Transfer,A0194,A0196,2,,HIGH,Bi-directional money flow detected
1032,Circular Transfer,A0498,A0140,2,,HIGH,Bi-directional money flow detected
1033,Circular Transfer,A0075,A0475,2,,HIGH,Bi-directional money flow detected
1034,Circular Transfer,A0252,A0330,2,,HIGH,Bi-directional money flow detected
1035,Circular Transfer,A0254,A0257,2,,HIGH,Bi-directional money flow detected
1036,Circular Transfer,A0120,A0126,2,,HIGH,Bi-directional money flow detected
1037,Circular Transfer,A0199,A0469,2,,HIGH,Bi-directional money flow detected
1038,Circular Transfer,A0068,A0046,2,,HIGH,Bi-directional money flow detected
1039,Circular Transfer,A0188,A0388,2,,HIGH,Bi-directional money flow detected
1040,Circular Transfer,A0080,A0100,2,,HIGH,Bi-directional money flow detected
1041,Circular Transfer,A0197,A0330,2,,HIGH,Bi-directional money flow detected
1042,Circular Transfer,A0454,A0154,2,,HIGH,Bi-directional money flow detected
1043,Circular Transfer,A0396,A0491,2,,HIGH,Bi-directional money flow detected
1044,Circular Transfer,A0431,A0466,2,,HIGH,Bi-directional money flow detected
1045,Circular Transfer,A0035,A0056,2,,HIGH,Bi-directional money flow detected
1046,Circular Transfer,A0086,A0075,2,,HIGH,Bi-directional money flow detected
1047,Circular Transfer,A0244,A0461,2,,HIGH,Bi-directional money flow detected
1048,Circular Transfer,A0204,A0016,2,,HIGH,Bi-directional money flow detected
1049,Circular Transfer,A0341,A0416,2,,HIGH,Bi-directional money flow detected
1050,Circular Transfer,A0206,A0218,2,,HIGH,Bi-directional money flow detected
1051,Circular Transfer,A0099,A0052,2,,HIGH,Bi-directional money flow detected
1052,Circular Transfer,A0426,A0496,2,,HIGH,Bi-directional money flow detected
1053,Circular Transfer,A0200,A0321,2,,HIGH,Bi-directional money flow detected
1054,Circular Transfer,A0063,A0242,2,,HIGH,Bi-directional money flow detected
1055,Circular Transfer,A0159,A0158,2,,HIGH,Bi-directional money flow detected
1056,Circular Transfer,A0184,A0312,2,,HIGH,Bi-directional money flow detected
1057,Circular Transfer,A0339,A0389,2,,HIGH,Bi-directional money flow detected
1058,Circular Transfer,A0071,A0073,2,,HIGH,Bi-directional money flow detected
1059,Circular Transfer,A0234,A0446,2,,HIGH,Bi-directional money flow detected
1060,Circular Transfer,A0282,A0117,2,,HIGH,Bi-directional money flow detected
1061,Circular Transfer,A0110,A0192,2,,HIGH,Bi-directional money flow detected
1062,Circular Transfer,A0310,A0495,2,,HIGH,Bi-directional money flow detected
1063,Circular Transfer,A0424,A0494,2,,HIGH,Bi-directional money flow detected
1064,Circular Transfer,A0430,A0078,2,,HIGH,Bi-directional money flow detected
1065,Circular Transfer,A0120,A0174,2,,HIGH,Bi-directional money flow detected
1066,Circular Transfer,A0488,A0293,2,,HIGH,Bi-directional money flow detected
1067,Circular Transfer,A0053,A0326,2,,HIGH,Bi-directional money flow detected
1068,Circular Transfer,A0488,A0183,2,,HIGH,Bi-directional money flow detected
1069,Circular Transfer,A0003,A0151,2,,HIGH,Bi-directional money flow detected
1070,Circular Transfer,A0403,A0283,2,,HIGH,Bi-directional money flow detected
1071,Circular Transfer,A0288,A0436,2,,HIGH,Bi-directional money flow detected
1072,Circular Transfer,A0378,A0194,2,,HIGH,Bi-directional money flow detected
1073,Circular Transfer,A0042,A0264,2,,HIGH,Bi-directional money flow detected
1074,Circular Transfer,A0273,A0038,2,,HIGH,Bi-directional money flow detected
1075,Circular Transfer,A0174,A0360,2,,HIGH,Bi-directional money flow detected
1076,Circular Transfer,A0323,A0120,2,,HIGH,Bi-directional money flow detected
1077,Circular Transfer,A0315,A0316,2,,HIGH,Bi-directional money flow detected
1078,Circular Transfer,A0089,A0231,2,,HIGH,Bi-directional money flow detected
1079,Circular Transfer,A0472,A0119,2,,HIGH,Bi-directional money flow detected
1080,Circular Transfer,A0394,A0250,2,,HIGH,Bi-directional money flow detected
1081,Circular Transfer,A0075,A0486,2,,HIGH,Bi-directional money flow detected
1082,Circular Transfer,A0236,A0187,2,,HIGH,Bi-directional money flow detected
1083,Circular Transfer,A0195,A0148,2,,HIGH,Bi-directional money flow detected
1084,Circular Transfer,A0258,A0056,2,,HIGH,Bi-directional money flow detected
1085,Circular Transfer,A0270,A0092,2,,HIGH,Bi-directional money flow detected
1086,Circular Transfer,A0262,A0399,2,,HIGH,Bi-directional money flow detected
1087,Circular Transfer,A0028,A0245,2,,HIGH,Bi-directional money flow detected
1088,Circular Transfer,A0053,A0079,2,,HIGH,Bi-directional money flow detected
1089,Circular Transfer,A0437,A0171,2,,HIGH,Bi-directional money flow detected
1090,Circular Transfer,A0300,A0067,2,,HIGH,Bi-directional money flow detected
1091,Circular Transfer,A0009,A0246,2,,HIGH,Bi-directional money flow detected
1092,Circular Transfer,A0494,A0191,2,,HIGH,Bi-directional money flow detected
1093,Circular Transfer,A0142,A0103,2,,HIGH,Bi-directional money flow detected
1094,Circular Transfer,A0050,A0414,2,,HIGH,Bi-directional money flow detected
1095,Circular Transfer,A0412,A0486,2,,HIGH,Bi-directional money flow detected
1096,Circular Transfer,A0481,A0150,2,,HIGH,Bi-directional money flow detected
1097,Circular Transfer,A0286,A0452,2,,HIGH,Bi-directional money flow detected
1098,Circular Transfer,A0145,A0002,2,,HIGH,Bi-directional money flow detected
1099,Circular Transfer,A0048,A0356,2,,HIGH,Bi-directional money flow detected
1100,Circular Transfer,A0422,A0131,2,,HIGH,Bi-directional money flow detected
1101,Circular Transfer,A0273,A0444,2,,HIGH,Bi-directional money flow detected
1102,Circular Transfer,A0127,A0085,2,,HIGH,Bi-directional money flow detected
1103,Circular Transfer,A0352,A0038,2,,HIGH,Bi-directional money flow detected
1104,Circular Transfer,A0137,A0236,2,,HIGH,Bi-directional money flow detected
1105,Circular Transfer,A0120,A0398,2,,HIGH,Bi-directional money flow detected
1106,Circular Transfer,A0358,A0143,2,,HIGH,Bi-directional money flow detected
1107,Circular Transfer,A0242,A0409,2,,HIGH,Bi-directional money flow detected
1108,Circular Transfer,A0312,A0198,2,,HIGH,Bi-directional money flow detected
1109,Circular Transfer,A0498,A0031,2,,HIGH,Bi-directional money flow detected
1110,Circular Transfer,A0418,A0135,2,,HIGH,Bi-directional money flow detected
1111,Circular Transfer,A0057,A0227,2,,HIGH,Bi-directional money flow detected
1112,Circular Transfer,A0436,A0306,2,,HIGH,Bi-directional money flow detected
1113,Circular Transfer,A0434,A0490,2,,HIGH,Bi-directional money flow detected
1114,Circular Transfer,A0104,A0303,2,,HIGH,Bi-directional money flow detected
1115,Circular Transfer,A0433,A0145,2,,HIGH,Bi-directional money flow detected
1116,Circular Transfer,A0096,A0201,2,,HIGH,Bi-directional money flow detected
1117,Circular Transfer,A0272,A0318,2,,HIGH,Bi-directional money flow detected
1118,Circular Transfer,A0192,A0270,2,,HIGH,Bi-directional money flow detected
1119,Circular Transfer,A0466,A0074,2,,HIGH,Bi-directional money flow detected
1120,Circular Transfer,A0370,A0292,2,,HIGH,Bi-directional money flow detected
1121,Circular Transfer,A0147,A0201,2,,HIGH,Bi-directional money flow detected
1122,Circular Transfer,A0056,A0366,2,,HIGH,Bi-directional money flow detected
1123,Circular Transfer,A0058,A0443,2,,HIGH,Bi-directional money flow detected
1124,Circular Transfer,A0116,A0348,2,,HIGH,Bi-directional money flow detected
1125,Circular Transfer,A0059,A0024,2,,HIGH,Bi-directional money flow detected
1126,Circular Transfer,A0282,A0007,2,,HIGH,Bi-directional money flow detected
1127,Circular Transfer,A0074,A0239,2,,HIGH,Bi-directional money flow detected
1128,Circular Transfer,A0472,A0088,2,,HIGH,Bi-directional money flow detected
1129,Circular Transfer,A0313,A0488,2,,HIGH,Bi-directional money flow detected
1130,Circular Transfer,A0402,A0154,2,,HIGH,Bi-directional money flow detected
1131,Circular Transfer,A0104,A0473,2,,HIGH,Bi-directional money flow detected
1132,Circular Transfer,A0032,A0431,2,,HIGH,Bi-directional money flow detected
1133,Circular Transfer,A0155,A0409,2,,HIGH,Bi-directional money flow detected
1134,Circular Transfer,A0178,A0305,2,,HIGH,Bi-directional money flow detected
1135,Circular Transfer,A0019,A0168,2,,HIGH,Bi-directional money flow detected
1136,Circular Transfer,A0448,A0028,2,,HIGH,Bi-directional money flow detected
1137,Circular Transfer,A0293,A0202,2,,HIGH,Bi-directional money flow detected
1138,Circular Transfer,A0386,A0354,2,,HIGH,Bi-directional money flow detected
1139,Circular Transfer,A0494,A0010,2,,HIGH,Bi-directional money flow detected
1140,Circular Transfer,A0024,A0076,2,,HIGH,Bi-directional money flow detected
1141,Circular Transfer,A0185,A0125,2,,HIGH,Bi-directional money flow detected
1142,Circular Transfer,A0413,A0090,2,,HIGH,Bi-directional money flow detected
1143,Circular Transfer,A0499,A0481,2,,HIGH,Bi-directional money flow detected
1144,Circular Transfer,A0391,A0079,2,,HIGH,Bi-directional money flow detected
1145,Circular Transfer,A0079,A0268,2,,HIGH,Bi-directional money flow detected
1146,Circular Transfer,A0346,A0053,2,,HIGH,Bi-directional money flow detected
1147,Circular Transfer,A0098,A0335,2,,HIGH,Bi-directional money flow detected
1148,Circular Transfer,A0110,A0475,2,,HIGH,Bi-directional money flow detected
1149,Circular Transfer,A0476,A0378,2,,HIGH,Bi-directional money flow detected
1150,Circular Transfer,A0351,A0388,2,,HIGH,Bi-directional money flow detected
1151,Circular Transfer,A0283,A0200,2,,HIGH,Bi-directional money flow detected
1152,Circular Transfer,A0185,A0131,2,,HIGH,Bi-directional money flow detected
1153,Circular Transfer,A0417,A0261,2,,HIGH,Bi-directional money flow detected
1154,Circular Transfer,A0279,A0348,2,,HIGH,Bi-directional money flow detected
1155,Circular Transfer,A0161,A0045,2,,HIGH,Bi-directional money flow detected
1156,Circular Transfer,A0470,A0425,2,,HIGH,Bi-directional money flow detected
1157,Circular Transfer,A0288,A0042,2,,HIGH,Bi-directional money flow detected
1158,Circular Transfer,A0091,A0035,2,,HIGH,Bi-directional money flow detected
1159,Circular Transfer,A0075,A0474,2,,HIGH,Bi-directional money flow detected
1160,Circular Transfer,A0447,A0085,2,,HIGH,Bi-directional money flow detected
1161,Circular Transfer,A0465,A0141,2,,HIGH,Bi-directional money flow detected
1162,Circular Transfer,A0251,A0353,2,,HIGH,Bi-directional money flow detected
1163,Circular Transfer,A0479,A0277,2,,HIGH,Bi-directional money flow detected
1164,Circular Transfer,A0184,A0030,2,,HIGH,Bi-directional money flow detected
1165,Circular Transfer,A0378,A0032,2,,HIGH,Bi-directional money flow detected
1166,Circular Transfer,A0459,A0050,2,,HIGH,Bi-directional money flow detected
1167,Circular Transfer,A0007,A0257,2,,HIGH,Bi-directional money flow detected
1168,Circular Transfer,A0096,A0243,2,,HIGH,Bi-directional money flow detected
1169,Circular Transfer,A0351,A0321,2,,HIGH,Bi-directional money flow detected
1170,Circular Transfer,A0187,A0422,2,,HIGH,Bi-directional money flow detected
1171,Circular Transfer,A0293,A0257,2,,HIGH,Bi-directional money flow detected
1172,Circular Transfer,A0156,A0159,2,,HIGH,Bi-directional money flow detected
1173,Circular Transfer,A0245,A0159,2,,HIGH,Bi-directional money flow detected
1174,Circular Transfer,A0419,A0114,2,,HIGH,Bi-directional money flow detected
1175,Circular Transfer,A0121,A0133,2,,HIGH,Bi-directional money flow detected
1176,Circular Transfer,A0101,A0092,2,,HIGH,Bi-directional money flow detected
1177,Circular Transfer,A0073,A0230,2,,HIGH,Bi-directional money flow detected
1178,Circular Transfer,A0148,A0482,2,,HIGH,Bi-directional money flow detected
1179,Circular Transfer,A0282,A0238,2,,HIGH,Bi-directional money flow detected
1180,Circular Transfer,A0358,A0119,2,,HIGH,Bi-directional money flow detected
1181,Circular Transfer,A0467,A0093,2,,HIGH,Bi-directional money flow detected
1182,Circular Transfer,A0448,A0305,2,,HIGH,Bi-directional money flow detected
1183,Circular Transfer,A0437,A0031,2,,HIGH,Bi-directional money flow detected
1184,Circular Transfer,A0096,A0316,2,,HIGH,Bi-directional money flow detected
1185,Circular Transfer,A0110,A0127,2,,HIGH,Bi-directional money flow detected
1186,Circular Transfer,A0024,A0030,2,,HIGH,Bi-directional money flow detected
1187,Circular Transfer,A0268,A0130,2,,HIGH,Bi-directional money flow detected
1188,Circular Transfer,A0265,A0248,2,,HIGH,Bi-directional money flow detected
1189,Circular Transfer,A0337,A0378,2,,HIGH,Bi-directional money flow detected
1190,Circular Transfer,A0473,A0070,2,,HIGH,Bi-directional money flow detected
1191,Circular Transfer,A0073,A0031,2,,HIGH,Bi-directional money flow detected
1192,Circular Transfer,A0389,A0067,2,,HIGH,Bi-directional money flow detected
1193,Circular Transfer,A0380,A0227,2,,HIGH,Bi-directional money flow detected
1194,Circular Transfer,A0211,A0391,2,,HIGH,Bi-directional money flow detected
1195,Circular Transfer,A0395,A0068,2,,HIGH,Bi-directional money flow detected
1196,Circular Transfer,A0055,A0132,2,,HIGH,Bi-directional money flow detected
1197,Circular Transfer,A0254,A0022,2,,HIGH,Bi-directional money flow detected
1198,Circular Transfer,A0384,A0425,2,,HIGH,Bi-directional money flow detected
1199,Circular Transfer,A0260,A0419,2,,HIGH,Bi-directional money flow detected
1200,Circular Transfer,A0156,A0211,2,,HIGH,Bi-directional money flow detected
1201,Circular Transfer,A0384,A0378,2,,HIGH,Bi-directional money flow detected
1202,Circular Transfer,A0170,A0493,2,,HIGH,Bi-directional money flow detected
1203,Circular Transfer,A0104,A0395,2,,HIGH,Bi-directional money flow detected
1204,Circular Transfer,A0398,A0350,2,,HIGH,Bi-directional money flow detected
1205,Circular Transfer,A0345,A0028,2,,HIGH,Bi-directional money flow detected
1206,Circular Transfer,A0005,A0269,2,,HIGH,Bi-directional money flow detected
1207,Circular Transfer,A0099,A0030,2,,HIGH,Bi-directional money flow detected
1208,Circular Transfer,A0286,A0152,2,,HIGH,Bi-directional money flow detected
1209,Circular Transfer,A0459,A0394,2,,HIGH,Bi-directional money flow detected
1210,Circular Transfer,A0406,A0188,2,,HIGH,Bi-directional money flow detected
1211,Circular Transfer,A0117,A0447,2,,HIGH,Bi-directional money flow detected
1212,Circular Transfer,A0174,A0252,2,,HIGH,Bi-directional money flow detected
1213,Circular Transfer,A0270,A0212,2,,HIGH,Bi-directional money flow detected
1214,Circular Transfer,A0165,A0409,2,,HIGH,Bi-directional money flow detected
1215,Circular Transfer,A0361,A0124,2,,HIGH,Bi-directional money flow detected
1216,Circular Transfer,A0076,A0090,2,,HIGH,Bi-directional money flow detected
1217,Circular Transfer,A0353,A0423,2,,HIGH,Bi-directional money flow detected
1218,Circular Transfer,A0151,A0088,2,,HIGH,Bi-directional money flow detected
1219,Circular Transfer,A0062,A0109,2,,HIGH,Bi-directional money flow detected
1220,Circular Transfer,A0251,A0125,2,,HIGH,Bi-directional money flow detected
1221,Circular Transfer,A0440,A0281,2,,HIGH,Bi-directional money flow detected
1222,Circular Transfer,A0075,A0186,2,,HIGH,Bi-directional money flow detected
1223,Circular Transfer,A0137,A0312,2,,HIGH,Bi-directional money flow detected
1224,Circular Transfer,A0140,A0046,2,,HIGH,Bi-directional money flow detected
1225,Circular Transfer,A0139,A0184,2,,HIGH,Bi-directional money flow detected
1226,Circular Transfer,A0226,A0243,2,,HIGH,Bi-directional money flow detected
1227,Circular Transfer,A0056,A0195,2,,HIGH,Bi-directional money flow detected
1228,Circular Transfer,A0100,A0121,2,,HIGH,Bi-directional money flow detected
1229,Circular Transfer,A0141,A0453,2,,HIGH,Bi-directional money flow detected
1230,Circular Transfer,A0339,A0089,2,,HIGH,Bi-directional money flow detected
1231,Circular Transfer,A0323,A0475,2,,HIGH,Bi-directional money flow detected
1232,Circular Transfer,A0196,A0076,2,,HIGH,Bi-directional money flow detected
1233,Circular Transfer,A0166,A0154,2,,HIGH,Bi-directional money flow detected
1234,Circular Transfer,A0223,A0415,2,,HIGH,Bi-directional money flow detected
1235,Circular Transfer,A0046,A0349,2,,HIGH,Bi-directional money flow detected
1236,Circular Transfer,A0018,A0328,2,,HIGH,Bi-directional money flow detected
1237,Circular Transfer,A0115,A0098,2,,HIGH,Bi-directional money flow detected
1238,Circular Transfer,A0089,A0086,2,,HIGH,Bi-directional money flow detected
1239,Circular Transfer,A0448,A0434,2,,HIGH,Bi-directional money flow detected
1240,Circular Transfer,A0380,A0059,2,,HIGH,Bi-directional money flow detected
1241,Circular Transfer,A0294,A0487,2,,HIGH,Bi-directional money flow detected
1242,Circular Transfer,A0021,A0417,2,,HIGH,Bi-directional money flow detected
1243,Circular Transfer,A0106,A0045,2,,HIGH,Bi-directional money flow detected
1244,Circular Transfer,A0207,A0225,2,,HIGH,Bi-directional money flow detected
1245,Circular Transfer,A0469,A0420,2,,HIGH,Bi-directional money flow detected
1246,Circular Transfer,A0252,A0026,2,,HIGH,Bi-directional money flow detected
1247,Circular Transfer,A0475,A0130,2,,HIGH,Bi-directional money flow detected
1248,Circular Transfer,A0292,A0206,2,,HIGH,Bi-directional money flow detected
1249,Circular Transfer,A0075,A0070,2,,HIGH,Bi-directional money flow detected
1250,Circular Transfer,A0196,A0238,2,,HIGH,Bi-directional money flow detected
1251,Circular Transfer,A0130,A0101,2,,HIGH,Bi-directional money flow detected
1252,Circular Transfer,A0402,A0318,2,,HIGH,Bi-directional money flow detected
1253,Circular Transfer,A0258,A0191,2,,HIGH,Bi-directional money flow detected
1254,Circular Transfer,A0068,A0378,2,,HIGH,Bi-directional money flow detected
1255,Circular Transfer,A0059,A0445,2,,HIGH,Bi-directional money flow detected
1256,Circular Transfer,A0231,A0167,2,,HIGH,Bi-directional money flow detected
1257,Circular Transfer,A0074,A0010,2,,HIGH,Bi-directional money flow detected
1258,Circular Transfer,A0438,A0016,2,,HIGH,Bi-directional money flow detected
1259,Circular Transfer,A0282,A0203,2,,HIGH,Bi-directional money flow detected
1260,Circular Transfer,A0498,A0231,2,,HIGH,Bi-directional money flow detected
1261,Circular Transfer,A0114,A0183,2,,HIGH,Bi-directional money flow detected
1262,Circular Transfer,A0181,A0192,2,,HIGH,Bi-directional money flow detected
1263,Circular Transfer,A0239,A0102,2,,HIGH,Bi-directional money flow detected
1264,Circular Transfer,A0156,A0447,2,,HIGH,Bi-directional money flow detected
1265,Circular Transfer,A0224,A0458,2,,HIGH,Bi-directional money flow detected
1266,Circular Transfer,A0493,A0140,2,,HIGH,Bi-directional money flow detected
1267,Circular Transfer,A0157,A0069,2,,HIGH,Bi-directional money flow detected
1268,Circular Transfer,A0021,A0129,2,,HIGH,Bi-directional money flow detected
1269,Circular Transfer,A0294,A0136,2,,HIGH,Bi-directional money flow detected
1270,Circular Transfer,A0483,A0373,2,,HIGH,Bi-directional money flow detected
1271,Circular Transfer,A0472,A0210,2,,HIGH,Bi-directional money flow detected
1272,Circular Transfer,A0491,A0281,2,,HIGH,Bi-directional money flow detected
1273,Circular Transfer,A0082,A0408,2,,HIGH,Bi-directional money flow detected
1274,Circular Transfer,A0187,A0246,2,,HIGH,Bi-directional money flow detected
1275,Circular Transfer,A0124,A0366,2,,HIGH,Bi-directional money flow detected
1276,Circular Transfer,A0343,A0158,2,,HIGH,Bi-directional money flow detected
1277,Circular Transfer,A0244,A0155,2,,HIGH,Bi-directional money flow detected
1278,Circular Transfer,A0271,A0010,2,,HIGH,Bi-directional money flow detected
1279,Circular Transfer,A0157,A0422,2,,HIGH,Bi-directional money flow detected
1280,Circular Transfer,A0088,A0367,2,,HIGH,Bi-directional money flow detected
1281,Circular Transfer,A0151,A0221,2,,HIGH,Bi-directional money flow detected
1282,Circular Transfer,A0052,A0431,2,,HIGH,Bi-directional money flow detected
1283,Circular Transfer,A0228,A0482,2,,HIGH,Bi-directional money flow detected
1284,Circular Transfer,A0082,A0477,2,,HIGH,Bi-directional money flow detected
1285,Circular Transfer,A0044,A0094,2,,HIGH,Bi-directional money flow detected
1286,Circular Transfer,A0423,A0464,2,,HIGH,Bi-directional money flow detected
1287,Circular Transfer,A0117,A0217,2,,HIGH,Bi-directional money flow detected
1288,Circular Transfer,A0364,A0247,2,,HIGH,Bi-directional money flow detected
1289,Circular Transfer,A0335,A0291,2,,HIGH,Bi-directional money flow detected
1290,Circular Transfer,A0218,A0072,2,,HIGH,Bi-directional money flow detected
1291,Circular Transfer,A0023,A0290,2,,HIGH,Bi-directional money flow detected
1292,Circular Transfer,A0409,A0087,2,,HIGH,Bi-directional money flow detected
1293,Circular Transfer,A0309,A0108,2,,HIGH,Bi-directional money flow detected
1294,Circular Transfer,A0030,A0368,2,,HIGH,Bi-directional money flow detected
1295,Circular Transfer,A0473,A0194,2,,HIGH,Bi-directional money flow detected
1296,Circular Transfer,A0432,A0341,2,,HIGH,Bi-directional money flow detected
1297,Circular Transfer,A0114,A0309,2,,HIGH,Bi-directional money flow detected
1298,Circular Transfer,A0017,A0405,2,,HIGH,Bi-directional money flow detected
1299,Circular Transfer,A0076,A0010,2,,HIGH,Bi-directional money flow detected
1300,Circular Transfer,A0106,A0055,2,,HIGH,Bi-directional money flow detected
1301,Circular Transfer,A0409,A0222,2,,HIGH,Bi-directional money flow detected
1302,Circular Transfer,A0195,A0471,2,,HIGH,Bi-directional money flow detected
1303,Circular Transfer,A0284,A0429,2,,HIGH,Bi-directional money flow detected
1304,Circular Transfer,A0021,A0358,2,,HIGH,Bi-directional money flow detected
1305,Circular Transfer,A0473,A0366,2,,HIGH,Bi-directional money flow detected
1306,Circular Transfer,A0151,A0499,2,,HIGH,Bi-directional money flow detected
1307,Circular Transfer,A0330,A0017,2,,HIGH,Bi-directional money flow detected
1308,Circular Transfer,A0484,A0188,2,,HIGH,Bi-directional money flow detected
1309,Circular Transfer,A0184,A0079,2,,HIGH,Bi-directional money flow detected
1310,Circular Transfer,A0074,A0390,2,,HIGH,Bi-directional money flow detected
1311,Circular Transfer,A0489,A0296,2,,HIGH,Bi-directional money flow detected
1312,Circular Transfer,A0071,A0330,2,,HIGH,Bi-directional money flow detected
1313,Circular Transfer,A0089,A0271,2,,HIGH,Bi-directional money flow detected
1314,Circular Transfer,A0396,A0247,2,,HIGH,Bi-directional money flow detected
1315,Circular Transfer,A0315,A0191,2,,HIGH,Bi-directional money flow detected
1316,Circular Transfer,A0185,A0037,2,,HIGH,Bi-directional money flow detected
1317,Circular Transfer,A0179,A0185,2,,HIGH,Bi-directional money flow detected
1318,Circular Transfer,A0185,A0368,2,,HIGH,Bi-directional money flow detected
1319,Circular Transfer,A0001,A0223,2,,HIGH,Bi-directional money flow detected
1320,Circular Transfer,A0088,A0206,2,,HIGH,Bi-directional money flow detected
1321,Circular Transfer,A0438,A0062,2,,HIGH,Bi-directional money flow detected
1322,Circular Transfer,A0075,A0351,2,,HIGH,Bi-directional money flow detected
1323,Circular Transfer,A0063,A0050,2,,HIGH,Bi-directional money flow detected
1324,Circular Transfer,A0183,A0327,2,,HIGH,Bi-directional money flow detected
1325,Circular Transfer,A0103,A0326,2,,HIGH,Bi-directional money flow detected
1326,Circular Transfer,A0114,A0025,2,,HIGH,Bi-directional money flow detected
1327,Circular Transfer,A0321,A0364,2,,HIGH,Bi-directional money flow detected
1328,Circular Transfer,A0278,A0327,2,,HIGH,Bi-directional money flow detected
1329,Circular Transfer,A0182,A0243,2,,HIGH,Bi-directional money flow detected
1330,Circular Transfer,A0181,A0475,2,,HIGH,Bi-directional money flow detected
1331,Circular Transfer,A0114,A0325,2,,HIGH,Bi-directional money flow detected
1332,Circular Transfer,A0145,A0465,2,,HIGH,Bi-directional money flow detected
1333,Circular Transfer,A0196,A0376,2,,HIGH,Bi-directional money flow detected
1334,Circular Transfer,A0022,A0006,2,,HIGH,Bi-directional money flow detected
1335,Circular Transfer,A0001,A0285,2,,HIGH,Bi-directional money flow detected
1336,Circular Transfer,A0396,A0315,2,,HIGH,Bi-directional money flow detected
1337,Circular Transfer,A0234,A0389,2,,HIGH,Bi-directional money flow detected
1338,Circular Transfer,A0181,A0171,2,,HIGH,Bi-directional money flow detected
1339,Circular Transfer,A0212,A0180,2,,HIGH,Bi-directional money flow detected
1340,Circular Transfer,A0377,A0191,2,,HIGH,Bi-directional money flow detected
1341,Circular Transfer,A0163,A0071,2,,HIGH,Bi-directional money flow detected
1342,Circular Transfer,A0414,A0379,2,,HIGH,Bi-directional money flow detected
1343,Circular Transfer,A0136,A0177,2,,HIGH,Bi-directional money flow detected
1344,Circular Transfer,A0005,A0051,2,,HIGH,Bi-directional money flow detected
1345,Circular Transfer,A0374,A0074,2,,HIGH,Bi-directional money flow detected
1346,Circular Transfer,A0050,A0424,2,,HIGH,Bi-directional money flow detected
1347,Circular Transfer,A0106,A0236,2,,HIGH,Bi-directional money flow detected
1348,Circular Transfer,A0097,A0440,2,,HIGH,Bi-directional money flow detected
1349,Circular Transfer,A0315,A0036,2,,HIGH,Bi-directional money flow detected
1350,Circular Transfer,A0458,A0431,2,,HIGH,Bi-directional money flow detected
1351,Circular Transfer,A0023,A0425,2,,HIGH,Bi-directional money flow detected
1352,Circular Transfer,A0122,A0032,2,,HIGH,Bi-directional money flow detected
1353,Circular Transfer,A0265,A0345,2,,HIGH,Bi-directional money flow detected
1354,Circular Transfer,A0358,A0210,2,,HIGH,Bi-directional money flow detected
1355,Circular Transfer,A0484,A0432,2,,HIGH,Bi-directional money flow detected
1356,Circular Transfer,A0372,A0055,2,,HIGH,Bi-directional money flow detected
1357,Circular Transfer,A0393,A0467,2,,HIGH,Bi-directional money flow detected
1358,Circular Transfer,A0291,A0277,2,,HIGH,Bi-directional money flow detected
1359,Circular Transfer,A0343,A0199,2,,HIGH,Bi-directional money flow detected
1360,Circular Transfer,A0354,A0422,2,,HIGH,Bi-directional money flow detected
1361,Circular Transfer,A0345,A0470,2,,HIGH,Bi-directional money flow detected
1362,Circular Transfer,A0071,A0342,2,,HIGH,Bi-directional money flow detected
1363,Circular Transfer,A0271,A0188,2,,HIGH,Bi-directional money flow detected
1364,Circular Transfer,A0099,A0053,2,,HIGH,Bi-directional money flow detected
1365,Circular Transfer,A0309,A0346,2,,HIGH,Bi-directional money flow detected
1366,Circular Transfer,A0311,A0498,2,,HIGH,Bi-directional money flow detected
1367,Circular Transfer,A0317,A0376,2,,HIGH,Bi-directional money flow detected
1368,Circular Transfer,A0115,A0278,2,,HIGH,Bi-directional money flow detected
1369,Circular Transfer,A0474,A0032,2,,HIGH,Bi-directional money flow detected
1370,Circular Transfer,A0338,A0329,2,,HIGH,Bi-directional money flow detected
1371,Circular Transfer,A0264,A0209,2,,HIGH,Bi-directional money flow detected
1372,Circular Transfer,A0259,A0059,2,,HIGH,Bi-directional money flow detected
1373,Circular Transfer,A0448,A0024,2,,HIGH,Bi-directional money flow detected
1374,Circular Transfer,A0104,A0160,2,,HIGH,Bi-directional money flow detected
1375,Circular Transfer,A0156,A0484,2,,HIGH,Bi-directional money flow detected
1376,Circular Transfer,A0373,A0392,2,,HIGH,Bi-directional money flow detected
1377,Circular Transfer,A0438,A0071,2,,HIGH,Bi-directional money flow detected
1378,Circular Transfer,A0195,A0163,2,,HIGH,Bi-directional money flow detected
1379,Circular Transfer,A0442,A0439,2,,HIGH,Bi-directional money flow detected
1380,Circular Transfer,A0205,A0357,2,,HIGH,Bi-directional money flow detected
1381,Circular Transfer,A0125,A0197,2,,HIGH,Bi-directional money flow detected
1382,Circular Transfer,A0054,A0467,2,,HIGH,Bi-directional money flow detected
1383,Circular Transfer,A0330,A0295,2,,HIGH,Bi-directional money flow detected
1384,Circular Transfer,A0181,A0301,2,,HIGH,Bi-directional money flow detected
1385,Circular Transfer,A0258,A0188,2,,HIGH,Bi-directional money flow detected
1386,Circular Transfer,A0321,A0023,2,,HIGH,Bi-directional money flow detected
1387,Circular Transfer,A0135,A0185,2,,HIGH,Bi-directional money flow detected
1388,Circular Transfer,A0436,A0291,2,,HIGH,Bi-directional money flow detected
1389,Circular Transfer,A0253,A0099,2,,HIGH,Bi-directional money flow detected
1390,Circular Transfer,A0170,A0462,2,,HIGH,Bi-directional money flow detected
1391,Circular Transfer,A0205,A0164,2,,HIGH,Bi-directional money flow detected
1392,Circular Transfer,A0495,A0437,2,,HIGH,Bi-directional money flow detected
1393,Circular Transfer,A0128,A0147,2,,HIGH,Bi-directional money flow detected
1394,Circular Transfer,A0208,A0089,2,,HIGH,Bi-directional money flow detected
1395,Circular Transfer,A0188,A0237,2,,HIGH,Bi-directional money flow detected
1396,Circular Transfer,A0287,A0426,2,,HIGH,Bi-directional money flow detected
1397,Circular Transfer,A0270,A0489,2,,HIGH,Bi-directional money flow detected
1398,Circular Transfer,A0008,A0228,2,,HIGH,Bi-directional money flow detected
1399,Circular Transfer,A0500,A0351,2,,HIGH,Bi-directional money flow detected
1400,Circular Transfer,A0161,A0411,2,,HIGH,Bi-directional money flow detected
1401,Circular Transfer,A0120,A0077,2,,HIGH,Bi-directional money flow detected
1402,Circular Transfer,A0335,A0059,2,,HIGH,Bi-directional money flow detected
1403,Circular Transfer,A0326,A0278,2,,HIGH,Bi-directional money flow detected
1404,Circular Transfer,A0233,A0432,2,,HIGH,Bi-directional money flow detected
1405,Circular Transfer,A0315,A0021,2,,HIGH,Bi-directional money flow detected
1406,Circular Transfer,A0011,A0007,2,,HIGH,Bi-directional money flow detected
1407,Circular Transfer,A0470,A0384,2,,HIGH,Bi-directional money flow detected
1408,Circular Transfer,A0222,A0012,2,,HIGH,Bi-directional money flow detected
1409,Circular Transfer,A0079,A0010,2,,HIGH,Bi-directional money flow detected
1410,Circular Transfer,A0053,A0055,2,,HIGH,Bi-directional money flow detected
1411,Circular Transfer,A0228,A0266,2,,HIGH,Bi-directional money flow detected
1412,Circular Transfer,A0444,A0216,2,,HIGH,Bi-directional money flow detected
1413,Circular Transfer,A0122,A0408,2,,HIGH,Bi-directional money flow detected
1414,Circular Transfer,A0435,A0431,2,,HIGH,Bi-directional money flow detected
1415,Circular Transfer,A0079,A0422,2,,HIGH,Bi-directional money flow detected
1416,Circular Transfer,A0191,A0465,2,,HIGH,Bi-directional money flow detected
1417,Circular Transfer,A0146,A0197,2,,HIGH,Bi-directional money flow detected
1418,Circular Transfer,A0431,A0374,2,,HIGH,Bi-directional money flow detected
1419,Circular Transfer,A0294,A0261,2,,HIGH,Bi-directional money flow detected
1420,Circular Transfer,A0047,A0064,2,,HIGH,Bi-directional money flow detected
1421,Circular Transfer,A0150,A0256,2,,HIGH,Bi-directional money flow detected
1422,Circular Transfer,A0387,A0263,2,,HIGH,Bi-directional money flow detected
1423,Circular Transfer,A0194,A0312,2,,HIGH,Bi-directional money flow detected
1424,Circular Transfer,A0272,A0019,2,,HIGH,Bi-directional money flow detected
1425,Circular Transfer,A0187,A0281,2,,HIGH,Bi-directional money flow detected
1426,Circular Transfer,A0108,A0046,2,,HIGH,Bi-directional money flow detected
1427,Circular Transfer,A0381,A0219,2,,HIGH,Bi-directional money flow detected
1428,Circular Transfer,A0370,A0084,2,,HIGH,Bi-directional money flow detected
1429,Circular Transfer,A0440,A0311,2,,HIGH,Bi-directional money flow detected
1430,Circular Transfer,A0396,A0373,2,,HIGH,Bi-directional money flow detected
1431,Circular Transfer,A0287,A0027,2,,HIGH,Bi-directional money flow detected
1432,Circular Transfer,A0006,A0048,2,,HIGH,Bi-directional money flow detected
1433,Circular Transfer,A0164,A0244,2,,HIGH,Bi-directional money flow detected
1434,Circular Transfer,A0474,A0095,2,,HIGH,Bi-directional money flow detected
1435,Circular Transfer,A0431,A0413,2,,HIGH,Bi-directional money flow detected
1436,Circular Transfer,A0023,A0081,2,,HIGH,Bi-directional money flow detected
1437,Circular Transfer,A0149,A0322,2,,HIGH,Bi-directional money flow detected
1438,Circular Transfer,A0406,A0136,2,,HIGH,Bi-directional money flow detected
1439,Circular Transfer,A0057,A0211,2,,HIGH,Bi-directional money flow detected
1440,Circular Transfer,A0491,A0243,2,,HIGH,Bi-directional money flow detected
1441,Circular Transfer,A0220,A0341,2,,HIGH,Bi-directional money flow detected
1442,Circular Transfer,A0087,A0111,2,,HIGH,Bi-directional money flow detected
1443,Circular Transfer,A0416,A0104,2,,HIGH,Bi-directional money flow detected
1444,Circular Transfer,A0395,A0136,2,,HIGH,Bi-directional money flow detected
1445,Circular Transfer,A0044,A0309,2,,HIGH,Bi-directional money flow detected
1446,Circular Transfer,A0258,A0177,2,,HIGH,Bi-directional money flow detected
1447,Circular Transfer,A0397,A0200,2,,HIGH,Bi-directional money flow detected
1448,Circular Transfer,A0454,A0058,2,,HIGH,Bi-directional money flow detected
1449,Circular Transfer,A0450,A0202,2,,HIGH,Bi-directional money flow detected
1450,Circular Transfer,A0377,A0265,2,,HIGH,Bi-directional money flow detected
1451,Circular Transfer,A0131,A0211,2,,HIGH,Bi-directional money flow detected
1452,Circular Transfer,A0079,A0021,2,,HIGH,Bi-directional money flow detected
1453,Circular Transfer,A0144,A0103,2,,HIGH,Bi-directional money flow detected
1454,Circular Transfer,A0315,A0188,2,,HIGH,Bi-directional money flow detected
1455,Circular Transfer,A0116,A0496,2,,HIGH,Bi-directional money flow detected
1456,Circular Transfer,A0044,A0169,2,,HIGH,Bi-directional money flow detected
1457,Circular Transfer,A0405,A0423,2,,HIGH,Bi-directional money flow detected
1458,Circular Transfer,A0499,A0471,2,,HIGH,Bi-directional money flow detected
1459,Circular Transfer,A0361,A0024,2,,HIGH,Bi-directional money flow detected
1460,Circular Transfer,A0168,A0346,2,,HIGH,Bi-directional money flow detected
1461,Circular Transfer,A0001,A0373,2,,HIGH,Bi-directional money flow detected
1462,Circular Transfer,A0040,A0419,2,,HIGH,Bi-directional money flow detected
1463,Circular Transfer,A0057,A0051,2,,HIGH,Bi-directional money flow detected
1464,Circular Transfer,A0490,A0047,2,,HIGH,Bi-directional money flow detected
1465,Circular Transfer,A0375,A0297,2,,HIGH,Bi-directional money flow detected
1466,Circular Transfer,A0195,A0189,2,,HIGH,Bi-directional money flow detected
1467,Circular Transfer,A0062,A0284,2,,HIGH,Bi-directional money flow detected
1468,Circular Transfer,A0369,A0219,2,,HIGH,Bi-directional money flow detected
1469,Circular Transfer,A0116,A0157,2,,HIGH,Bi-directional money flow detected
1470,Circular Transfer,A0145,A0212,2,,HIGH,Bi-directional money flow detected
1471,Circular Transfer,A0227,A0462,2,,HIGH,Bi-directional money flow detected
1472,Circular Transfer,A0440,A0294,2,,HIGH,Bi-directional money flow detected
1473,Circular Transfer,A0431,A0279,2,,HIGH,Bi-directional money flow detected
1474,Circular Transfer,A0376,A0098,2,,HIGH,Bi-directional money flow detected
1475,Circular Transfer,A0014,A0092,2,,HIGH,Bi-directional money flow detected
1476,Circular Transfer,A0281,A0473,2,,HIGH,Bi-directional money flow detected
1477,Circular Transfer,A0225,A0381,2,,HIGH,Bi-directional money flow detected
1478,Circular Transfer,A0122,A0052,2,,HIGH,Bi-directional money flow detected
1479,Circular Transfer,A0094,A0200,2,,HIGH,Bi-directional money flow detected
1480,Circular Transfer,A0162,A0055,2,,HIGH,Bi-directional money flow detected
1481,Circular Transfer,A0034,A0028,2,,HIGH,Bi-directional money flow detected
1482,Circular Transfer,A0471,A0021,2,,HIGH,Bi-directional money flow detected
1483,Circular Transfer,A0238,A0135,2,,HIGH,Bi-directional money flow detected
1484,Circular Transfer,A0451,A0286,2,,HIGH,Bi-directional money flow detected
1485,Circular Transfer,A0394,A0076,2,,HIGH,Bi-directional money flow detected
1486,Circular Transfer,A0073,A0200,2,,HIGH,Bi-directional money flow detected
1487,Circular Transfer,A0044,A0025,2,,HIGH,Bi-directional money flow detected
1488,Circular Transfer,A0452,A0412,2,,HIGH,Bi-directional money flow detected
1489,Circular Transfer,A0109,A0175,2,,HIGH,Bi-directional money flow detected
1490,Circular Transfer,A0264,A0296,2,,HIGH,Bi-directional money flow detected
1491,Circular Transfer,A0410,A0039,2,,HIGH,Bi-directional money flow detected
1492,Circular Transfer,A0352,A0196,2,,HIGH,Bi-directional money flow detected
1493,Circular Transfer,A0242,A0243,2,,HIGH,Bi-directional money flow detected
1494,Circular Transfer,A0475,A0070,2,,HIGH,Bi-directional money flow detected
1495,Circular Transfer,A0188,A0344,2,,HIGH,Bi-directional money flow detected
1496,Circular Transfer,A0379,A0428,2,,HIGH,Bi-directional money flow detected
1497,Circular Transfer,A0199,A0262,2,,HIGH,Bi-directional money flow detected
1498,Circular Transfer,A0471,A0205,2,,HIGH,Bi-directional money flow detected
1499,Circular Transfer,A0255,A0195,2,,HIGH,Bi-directional money flow detected
1500,Circular Transfer,A0484,A0374,2,,HIGH,Bi-directional money flow detected
1501,Circular Transfer,A0179,A0060,2,,HIGH,Bi-directional money flow detected
1502,Circular Transfer,A0285,A0439,2,,HIGH,Bi-directional money flow detected
1503,Circular Transfer,A0058,A0146,2,,HIGH,Bi-directional money flow detected
1504,Circular Transfer,A0409,A0430,2,,HIGH,Bi-directional money flow detected
1505,Circular Transfer,A0491,A0447,2,,HIGH,Bi-directional money flow detected
1506,Circular Transfer,A0314,A0190,2,,HIGH,Bi-directional money flow detected
1507,Circular Transfer,A0142,A0341,2,,HIGH,Bi-directional money flow detected
1508,Circular Transfer,A0144,A0376,2,,HIGH,Bi-directional money flow detected
1509,Circular Transfer,A0228,A0061,2,,HIGH,Bi-directional money flow detected
1510,Circular Transfer,A0288,A0175,2,,HIGH,Bi-directional money flow detected
1511,Circular Transfer,A0302,A0194,2,,HIGH,Bi-directional money flow detected
1512,Circular Transfer,A0156,A0422,2,,HIGH,Bi-directional money flow detected
1513,Circular Transfer,A0114,A0281,2,,HIGH,Bi-directional money flow detected
1514,Circular Transfer,A0348,A0095,2,,HIGH,Bi-directional money flow detected
1515,Circular Transfer,A0092,A0413,2,,HIGH,Bi-directional money flow detected
1516,Circular Transfer,A0053,A0223,2,,HIGH,Bi-directional money flow detected
1517,Circular Transfer,A0127,A0434,2,,HIGH,Bi-directional money flow detected
1518,Circular Transfer,A0325,A0416,2,,HIGH,Bi-directional money flow detected
1519,Circular Transfer,A0413,A0374,2,,HIGH,Bi-directional money flow detected
1520,Circular Transfer,A0123,A0415,2,,HIGH,Bi-directional money flow detected
1521,Circular Transfer,A0457,A0437,2,,HIGH,Bi-directional money flow detected
1522,Circular Transfer,A0192,A0409,2,,HIGH,Bi-directional money flow detected
1523,Circular Transfer,A0398,A0270,2,,HIGH,Bi-directional money flow detected
1524,Circular Transfer,A0392,A0245,2,,HIGH,Bi-directional money flow detected
1525,Circular Transfer,A0079,A0188,2,,HIGH,Bi-directional money flow detected
1526,Circular Transfer,A0342,A0260,2,,HIGH,Bi-directional money flow detected
1527,Circular Transfer,A0353,A0090,2,,HIGH,Bi-directional money flow detected
1528,Circular Transfer,A0046,A0184,2,,HIGH,Bi-directional money flow detected
1529,Circular Transfer,A0005,A0484,2,,HIGH,Bi-directional money flow detected
1530,Circular Transfer,A0067,A0113,2,,HIGH,Bi-directional money flow detected
1531,Circular Transfer,A0495,A0376,2,,HIGH,Bi-directional money flow detected
1532,Circular Transfer,A0488,A0013,2,,HIGH,Bi-directional money flow detected
1533,Circular Transfer,A0374,A0442,2,,HIGH,Bi-directional money flow detected
1534,Circular Transfer,A0147,A0205,2,,HIGH,Bi-directional money flow detected
1535,Circular Transfer,A0031,A0080,2,,HIGH,Bi-directional money flow detected
1536,Circular Transfer,A0200,A0291,2,,HIGH,Bi-directional money flow detected
1537,Circular Transfer,A0427,A0482,2,,HIGH,Bi-directional money flow detected
1538,Circular Transfer,A0252,A0070,2,,HIGH,Bi-directional money flow detected
1539,Circular Transfer,A0053,A0285,2,,HIGH,Bi-directional money flow detected
1540,Circular Transfer,A0196,A0033,2,,HIGH,Bi-directional money flow detected
1541,Circular Transfer,A0075,A0271,2,,HIGH,Bi-directional money flow detected
1542,Circular Transfer,A0041,A0488,2,,HIGH,Bi-directional money flow detected
1543,Circular Transfer,A0119,A0199,2,,HIGH,Bi-directional money flow detected
1544,Circular Transfer,A0288,A0236,2,,HIGH,Bi-directional money flow detected
1545,Circular Transfer,A0305,A0168,2,,HIGH,Bi-directional money flow detected
1546,Circular Transfer,A0075,A0314,2,,HIGH,Bi-directional money flow detected
1547,Circular Transfer,A0136,A0130,2,,HIGH,Bi-directional money flow detected
1548,Circular Transfer,A0222,A0123,2,,HIGH,Bi-directional money flow detected
1549,Circular Transfer,A0484,A0288,2,,HIGH,Bi-directional money flow detected
1550,Circular Transfer,A0373,A0429,2,,HIGH,Bi-directional money flow detected
1551,Circular Transfer,A0408,A0281,2,,HIGH,Bi-directional money flow detected
1552,Circular Transfer,A0346,A0223,2,,HIGH,Bi-directional money flow detected
1553,Circular Transfer,A0482,A0275,2,,HIGH,Bi-directional money flow detected
1554,Circular Transfer,A0373,A0099,2,,HIGH,Bi-directional money flow detected
1555,Circular Transfer,A0176,A0391,2,,HIGH,Bi-directional money flow detected
1556,Circular Transfer,A0307,A0130,2,,HIGH,Bi-directional money flow detected
1557,Circular Transfer,A0239,A0393,2,,HIGH,Bi-directional money flow detected
1558,Circular Transfer,A0403,A0266,2,,HIGH,Bi-directional money flow detected
1559,Circular Transfer,A0499,A0236,2,,HIGH,Bi-directional money flow detected
1560,Circular Transfer,A0492,A0133,2,,HIGH,Bi-directional money flow detected
1561,Circular Transfer,A0382,A0010,2,,HIGH,Bi-directional money flow detected
1562,Circular Transfer,A0262,A0229,2,,HIGH,Bi-directional money flow detected
1563,Circular Transfer,A0112,A0197,2,,HIGH,Bi-directional money flow detected
1564,Circular Transfer,A0454,A0312,2,,HIGH,Bi-directional money flow detected
1565,Circular Transfer,A0192,A0227,2,,HIGH,Bi-directional money flow detected
1566,Circular Transfer,A0169,A0335,2,,HIGH,Bi-directional money flow detected
1567,Circular Transfer,A0476,A0342,2,,HIGH,Bi-directional money flow detected
1568,Circular Transfer,A0183,A0187,2,,HIGH,Bi-directional money flow detected
1569,Circular Transfer,A0288,A0058,2,,HIGH,Bi-directional money flow detected
1570,Circular Transfer,A0460,A0379,2,,HIGH,Bi-directional money flow detected
1571,Circular Transfer,A0278,A0187,2,,HIGH,Bi-directional money flow detected
1572,Circular Transfer,A0109,A0223,2,,HIGH,Bi-directional money flow detected
1573,Circular Transfer,A0265,A0064,2,,HIGH,Bi-directional money flow detected
1574,Circular Transfer,A0117,A0246,2,,HIGH,Bi-directional money flow detected
1575,Circular Transfer,A0116,A0346,2,,HIGH,Bi-directional money flow detected
1576,Circular Transfer,A0401,A0446,2,,HIGH,Bi-directional money flow detected
1577,Circular Transfer,A0212,A0020,2,,HIGH,Bi-directional money flow detected
1578,Circular Transfer,A0398,A0407,2,,HIGH,Bi-directional money flow detected
1579,Circular Transfer,A0031,A0107,2,,HIGH,Bi-directional money flow detected
1580,Circular Transfer,A0350,A0475,2,,HIGH,Bi-directional money flow detected
1581,Circular Transfer,A0448,A0210,2,,HIGH,Bi-directional money flow detected
1582,Circular Transfer,A0019,A0199,2,,HIGH,Bi-directional money flow detected
1583,Circular Transfer,A0281,A0282,2,,HIGH,Bi-directional money flow detected
1584,Circular Transfer,A0147,A0188,2,,HIGH,Bi-directional money flow detected
1585,Circular Transfer,A0472,A0065,2,,HIGH,Bi-directional money flow detected
1586,Circular Transfer,A0202,A0305,2,,HIGH,Bi-directional money flow detected
1587,Circular Transfer,A0482,A0095,2,,HIGH,Bi-directional money flow detected
1588,Circular Transfer,A0381,A0377,2,,HIGH,Bi-directional money flow detected
1589,Circular Transfer,A0381,A0025,2,,HIGH,Bi-directional money flow detected
1590,Circular Transfer,A0157,A0391,2,,HIGH,Bi-directional money flow detected
1591,Circular Transfer,A0484,A0345,2,,HIGH,Bi-directional money flow detected
1592,Circular Transfer,A0312,A0265,2,,HIGH,Bi-directional money flow detected
1593,Circular Transfer,A0427,A0491,2,,HIGH,Bi-directional money flow detected
1594,Circular Transfer,A0299,A0262,2,,HIGH,Bi-directional money flow detected
1595,Circular Transfer,A0431,A0168,2,,HIGH,Bi-directional money flow detected
1596,Circular Transfer,A0054,A0159,2,,HIGH,Bi-directional money flow detected
1597,Circular Transfer,A0176,A0136,2,,HIGH,Bi-directional money flow detected
1598,Circular Transfer,A0381,A0188,2,,HIGH,Bi-directional money flow detected
1599,Circular Transfer,A0433,A0475,2,,HIGH,Bi-directional money flow detected
1600,Circular Transfer,A0324,A0098,2,,HIGH,Bi-directional money flow detected
1601,Circular Transfer,A0485,A0042,2,,HIGH,Bi-directional money flow detected
1602,Circular Transfer,A0057,A0217,2,,HIGH,Bi-directional money flow detected
1603,Circular Transfer,A0433,A0448,2,,HIGH,Bi-directional money flow detected
1604,Circular Transfer,A0134,A0411,2,,HIGH,Bi-directional money flow detected
1605,Circular Transfer,A0127,A0357,2,,HIGH,Bi-directional money flow detected
1606,Circular Transfer,A0434,A0266,2,,HIGH,Bi-directional money flow detected
1607,Circular Transfer,A0302,A0086,2,,HIGH,Bi-directional money flow detected
1608,Circular Transfer,A0304,A0498,2,,HIGH,Bi-directional money flow detected
1609,Circular Transfer,A0094,A0342,2,,HIGH,Bi-directional money flow detected
1610,Circular Transfer,A0346,A0393,2,,HIGH,Bi-directional money flow detected
1611,Circular Transfer,A0156,A0129,2,,HIGH,Bi-directional money flow detected
1612,Circular Transfer,A0074,A0027,2,,HIGH,Bi-directional money flow detected
1613,Circular Transfer,A0026,A0309,2,,HIGH,Bi-directional money flow detected
1614,Circular Transfer,A0268,A0327,2,,HIGH,Bi-directional money flow detected
1615,Circular Transfer,A0475,A0194,2,,HIGH,Bi-directional money flow detected
1616,Circular Transfer,A0071,A0394,2,,HIGH,Bi-directional money flow detected
1617,Circular Transfer,A0469,A0146,2,,HIGH,Bi-directional money flow detected
1618,Circular Transfer,A0460,A0449,2,,HIGH,Bi-directional money flow detected
1619,Circular Transfer,A0372,A0373,2,,HIGH,Bi-directional money flow detected
1620,Circular Transfer,A0406,A0261,2,,HIGH,Bi-directional money flow detected
1621,Circular Transfer,A0369,A0377,2,,HIGH,Bi-directional money flow detected
1622,Circular Transfer,A0488,A0273,2,,HIGH,Bi-directional money flow detected
1623,Circular Transfer,A0198,A0424,2,,HIGH,Bi-directional money flow detected
1624,Circular Transfer,A0257,A0123,2,,HIGH,Bi-directional money flow detected
1625,Circular Transfer,A0325,A0041,2,,HIGH,Bi-directional money flow detected
1626,Circular Transfer,A0055,A0463,2,,HIGH,Bi-directional money flow detected
1627,Circular Transfer,A0052,A0269,2,,HIGH,Bi-directional money flow detected
1628,Circular Transfer,A0382,A0439,2,,HIGH,Bi-directional money flow detected
1629,Circular Transfer,A0309,A0152,2,,HIGH,Bi-directional money flow detected
1630,Circular Transfer,A0267,A0244,2,,HIGH,Bi-directional money flow detected
1631,Circular Transfer,A0122,A0179,2,,HIGH,Bi-directional money flow detected
1632,Circular Transfer,A0247,A0309,2,,HIGH,Bi-directional money flow detected
1633,Circular Transfer,A0130,A0341,2,,HIGH,Bi-directional money flow detected
1634,Circular Transfer,A0428,A0223,2,,HIGH,Bi-directional money flow detected
1635,Circular Transfer,A0136,A0127,2,,HIGH,Bi-directional money flow detected
1636,Circular Transfer,A0030,A0335,2,,HIGH,Bi-directional money flow detected
1637,Circular Transfer,A0220,A0233,2,,HIGH,Bi-directional money flow detected
1638,Circular Transfer,A0037,A0057,2,,HIGH,Bi-directional money flow detected
1639,Circular Transfer,A0335,A0292,2,,HIGH,Bi-directional money flow detected
1640,Circular Transfer,A0235,A0022,2,,HIGH,Bi-directional money flow detected
1641,Circular Transfer,A0477,A0476,2,,HIGH,Bi-directional money flow detected
1642,Circular Transfer,A0261,A0200,2,,HIGH,Bi-directional money flow detected
1643,Circular Transfer,A0187,A0316,2,,HIGH,Bi-directional money flow detected
1644,Circular Transfer,A0026,A0417,2,,HIGH,Bi-directional money flow detected
1645,Circular Transfer,A0321,A0105,2,,HIGH,Bi-directional money flow detected
1646,Circular Transfer,A0298,A0032,2,,HIGH,Bi-directional money flow detected
1647,Circular Transfer,A0333,A0187,2,,HIGH,Bi-directional money flow detected
1648,Circular Transfer,A0051,A0141,2,,HIGH,Bi-directional money flow detected
1649,Circular Transfer,A0230,A0222,2,,HIGH,Bi-directional money flow detected
1650,Circular Transfer,A0071,A0011,2,,HIGH,Bi-directional money flow detected
1651,Circular Transfer,A0112,A0270,2,,HIGH,Bi-directional money flow detected
1652,Circular Transfer,A0106,A0371,2,,HIGH,Bi-directional money flow detected
1653,Circular Transfer,A0195,A0040,2,,HIGH,Bi-directional money flow detected
1654,Circular Transfer,A0099,A0106,2,,HIGH,Bi-directional money flow detected
1655,Circular Transfer,A0473,A0332,2,,HIGH,Bi-directional money flow detected
1656,Circular Transfer,A0428,A0019,2,,HIGH,Bi-directional money flow detected
1657,Circular Transfer,A0070,A0254,2,,HIGH,Bi-directional money flow detected
1658,Circular Transfer,A0385,A0377,2,,HIGH,Bi-directional money flow detected
1659,Circular Transfer,A0222,A0257,2,,HIGH,Bi-directional money flow detected
1660,Circular Transfer,A0031,A0268,2,,HIGH,Bi-directional money flow detected
1661,Circular Transfer,A0151,A0398,2,,HIGH,Bi-directional money flow detected
1662,Circular Transfer,A0089,A0485,2,,HIGH,Bi-directional money flow detected
1663,Circular Transfer,A0490,A0349,2,,HIGH,Bi-directional money flow detected
1664,Circular Transfer,A0421,A0458,2,,HIGH,Bi-directional money flow detected
1665,Circular Transfer,A0353,A0021,2,,HIGH,Bi-directional money flow detected
1666,Circular Transfer,A0217,A0276,2,,HIGH,Bi-directional money flow detected
1667,Circular Transfer,A0231,A0456,2,,HIGH,Bi-directional money flow detected
1668,Circular Transfer,A0199,A0238,2,,HIGH,Bi-directional money flow detected
1669,Circular Transfer,A0246,A0229,2,,HIGH,Bi-directional money flow detected
1670,Circular Transfer,A0151,A0157,2,,HIGH,Bi-directional money flow detected
1671,Circular Transfer,A0284,A0293,2,,HIGH,Bi-directional money flow detected
1672,Circular Transfer,A0322,A0058,2,,HIGH,Bi-directional money flow detected
1673,Circular Transfer,A0295,A0061,2,,HIGH,Bi-directional money flow detected
1674,Circular Transfer,A0344,A0434,2,,HIGH,Bi-directional money flow detected
1675,Circular Transfer,A0312,A0432,2,,HIGH,Bi-directional money flow detected
1676,Circular Transfer,A0124,A0040,2,,HIGH,Bi-directional money flow detected
1677,Circular Transfer,A0165,A0041,2,,HIGH,Bi-directional money flow detected
1678,Circular Transfer,A0106,A0459,2,,HIGH,Bi-directional money flow detected
1679,Circular Transfer,A0436,A0388,2,,HIGH,Bi-directional money flow detected
1680,Circular Transfer,A0124,A0122,2,,HIGH,Bi-directional money flow detected
1681,Circular Transfer,A0087,A0036,2,,HIGH,Bi-directional money flow detected
1682,Circular Transfer,A0472,A0304,2,,HIGH,Bi-directional money flow detected
1683,Circular Transfer,A0019,A0165,2,,HIGH,Bi-directional money flow detected
1684,Circular Transfer,A0358,A0232,2,,HIGH,Bi-directional money flow detected
1685,Circular Transfer,A0460,A0075,2,,HIGH,Bi-directional money flow detected
1686,Circular Transfer,A0406,A0375,2,,HIGH,Bi-directional money flow detected
1687,Circular Transfer,A0450,A0037,2,,HIGH,Bi-directional money flow detected
1688,Circular Transfer,A0309,A0240,2,,HIGH,Bi-directional money flow detected
1689,Circular Transfer,A0427,A0116,2,,HIGH,Bi-directional money flow detected
1690,Circular Transfer,A0306,A0267,2,,HIGH,Bi-directional money flow detected
1691,Circular Transfer,A0475,A0158,2,,HIGH,Bi-directional money flow detected
1692,Circular Transfer,A0027,A0288,2,,HIGH,Bi-directional money flow detected
1693,Circular Transfer,A0034,A0115,2,,HIGH,Bi-directional money flow detected
1694,Circular Transfer,A0279,A0105,2,,HIGH,Bi-directional money flow detected
1695,Circular Transfer,A0488,A0484,2,,HIGH,Bi-directional money flow detected
1696,Circular Transfer,A0376,A0446,2,,HIGH,Bi-directional money flow detected
1697,Circular Transfer,A0011,A0434,2,,HIGH,Bi-directional money flow detected
1698,Circular Transfer,A0019,A0187,2,,HIGH,Bi-directional money flow detected
1699,Circular Transfer,A0427,A0106,2,,HIGH,Bi-directional money flow detected
1700,Circular Transfer,A0255,A0283,2,,HIGH,Bi-directional money flow detected
1701,Circular Transfer,A0226,A0339,2,,HIGH,Bi-directional money flow detected
1702,Circular Transfer,A0388,A0310,2,,HIGH,Bi-directional money flow detected
1703,Circular Transfer,A0489,A0446,2,,HIGH,Bi-directional money flow detected
1704,Circular Transfer,A0261,A0257,2,,HIGH,Bi-directional money flow detected
1705,Circular Transfer,A0470,A0029,2,,HIGH,Bi-directional money flow detected
1706,Circular Transfer,A0460,A0225,2,,HIGH,Bi-directional money flow detected
1707,Circular Transfer,A0250,A0222,2,,HIGH,Bi-directional money flow detected
1708,Circular Transfer,A0108,A0375,2,,HIGH,Bi-directional money flow detected
1709,Circular Transfer,A0005,A0309,2,,HIGH,Bi-directional money flow detected
1710,Circular Transfer,A0240,A0149,2,,HIGH,Bi-directional money flow detected
1711,Circular Transfer,A0486,A0233,2,,HIGH,Bi-directional money flow detected
1712,Circular Transfer,A0298,A0125,2,,HIGH,Bi-directional money flow detected
1713,Circular Transfer,A0187,A0111,2,,HIGH,Bi-directional money flow detected
1714,Circular Transfer,A0121,A0492,2,,HIGH,Bi-directional money flow detected
1715,Circular Transfer,A0113,A0441,2,,HIGH,Bi-directional money flow detected
1716,Circular Transfer,A0431,A0064,2,,HIGH,Bi-directional money flow detected
1717,Circular Transfer,A0071,A0150,2,,HIGH,Bi-directional money flow detected
1718,Circular Transfer,A0022,A0065,2,,HIGH,Bi-directional money flow detected
1719,Circular Transfer,A0471,A0440,2,,HIGH,Bi-directional money flow detected
1720,Circular Transfer,A0021,A0111,2,,HIGH,Bi-directional money flow detected
1721,Circular Transfer,A0338,A0233,2,,HIGH,Bi-directional money flow detected
1722,Circular Transfer,A0173,A0394,2,,HIGH,Bi-directional money flow detected
1723,Circular Transfer,A0053,A0016,2,,HIGH,Bi-directional money flow detected
1724,Circular Transfer,A0411,A0336,2,,HIGH,Bi-directional money flow detected
1725,Circular Transfer,A0435,A0014,2,,HIGH,Bi-directional money flow detected
1726,Circular Transfer,A0121,A0365,2,,HIGH,Bi-directional money flow detected
1727,Circular Transfer,A0374,A0351,2,,HIGH,Bi-directional money flow detected
1728,Circular Transfer,A0443,A0140,2,,HIGH,Bi-directional money flow detected
1729,Circular Transfer,A0101,A0186,2,,HIGH,Bi-directional money flow detected
1730,Circular Transfer,A0406,A0081,2,,HIGH,Bi-directional money flow detected
1731,Circular Transfer,A0085,A0486,2,,HIGH,Bi-directional money flow detected
1732,Circular Transfer,A0421,A0409,2,,HIGH,Bi-directional money flow detected
1733,Circular Transfer,A0079,A0374,2,,HIGH,Bi-directional money flow detected
1734,Circular Transfer,A0412,A0037,2,,HIGH,Bi-directional money flow detected
1735,Circular Transfer,A0148,A0101,2,,HIGH,Bi-directional money flow detected
1736,Circular Transfer,A0375,A0455,2,,HIGH,Bi-directional money flow detected
1737,Circular Transfer,A0435,A0397,2,,HIGH,Bi-directional money flow detected
1738,Circular Transfer,A0148,A0495,2,,HIGH,Bi-directional money flow detected
1739,Circular Transfer,A0271,A0290,2,,HIGH,Bi-directional money flow detected
1740,Circular Transfer,A0447,A0024,2,,HIGH,Bi-directional money flow detected
1741,Circular Transfer,A0082,A0333,2,,HIGH,Bi-directional money flow detected
1742,Circular Transfer,A0231,A0271,2,,HIGH,Bi-directional money flow detected
1743,Circular Transfer,A0183,A0167,2,,HIGH,Bi-directional money flow detected
1744,Circular Transfer,A0222,A0282,2,,HIGH,Bi-directional money flow detected
1745,Circular Transfer,A0228,A0238,2,,HIGH,Bi-directional money flow detected
1746,Circular Transfer,A0234,A0055,2,,HIGH,Bi-directional money flow detected
1747,Circular Transfer,A0484,A0425,2,,HIGH,Bi-directional money flow detected
1748,Circular Transfer,A0417,A0288,2,,HIGH,Bi-directional money flow detected
1749,Circular Transfer,A0487,A0474,2,,HIGH,Bi-directional money flow detected
1750,Circular Transfer,A0390,A0184,2,,HIGH,Bi-directional money flow detected
1751,Circular Transfer,A0447,A0386,2,,HIGH,Bi-directional money flow detected
1752,Circular Transfer,A0034,A0367,2,,HIGH,Bi-directional money flow detected
1753,Circular Transfer,A0041,A0413,2,,HIGH,Bi-directional money flow detected
1754,Circular Transfer,A0197,A0032,2,,HIGH,Bi-directional money flow detected
1755,Circular Transfer,A0133,A0162,2,,HIGH,Bi-directional money flow detected
1756,Circular Transfer,A0132,A0053,2,,HIGH,Bi-directional money flow detected
1757,Circular Transfer,A0125,A0166,2,,HIGH,Bi-directional money flow detected
1758,Circular Transfer,A0426,A0094,2,,HIGH,Bi-directional money flow detected
1759,Circular Transfer,A0183,A0011,2,,HIGH,Bi-directional money flow detected
1760,Circular Transfer,A0395,A0484,2,,HIGH,Bi-directional money flow detected
1761,Circular Transfer,A0432,A0293,2,,HIGH,Bi-directional money flow detected
1762,Circular Transfer,A0393,A0004,2,,HIGH,Bi-directional money flow detected
1763,Circular Transfer,A0472,A0105,2,,HIGH,Bi-directional money flow detected
1764,Circular Transfer,A0005,A0129,2,,HIGH,Bi-directional money flow detected
1765,Circular Transfer,A0059,A0227,2,,HIGH,Bi-directional money flow detected
1766,Circular Transfer,A0252,A0380,2,,HIGH,Bi-directional money flow detected
1767,Circular Transfer,A0380,A0237,2,,HIGH,Bi-directional money flow detected
1768,Circular Transfer,A0409,A0392,2,,HIGH,Bi-directional money flow detected
1769,Circular Transfer,A0099,A0453,2,,HIGH,Bi-directional money flow detected
1770,Circular Transfer,A0474,A0121,2,,HIGH,Bi-directional money flow detected
1771,Circular Transfer,A0051,A0133,2,,HIGH,Bi-directional money flow detected
1772,Circular Transfer,A0177,A0235,2,,HIGH,Bi-directional money flow detected
1773,Circular Transfer,A0238,A0472,2,,HIGH,Bi-directional money flow detected
1774,Circular Transfer,A0134,A0371,2,,HIGH,Bi-directional money flow detected
1775,Circular Transfer,A0254,A0195,2,,HIGH,Bi-directional money flow detected
1776,Circular Transfer,A0231,A0295,2,,HIGH,Bi-directional money flow detected
1777,Circular Transfer,A0008,A0069,2,,HIGH,Bi-directional money flow detected
1778,Circular Transfer,A0361,A0063,2,,HIGH,Bi-directional money flow detected
1779,Circular Transfer,A0215,A0401,2,,HIGH,Bi-directional money flow detected
1780,Circular Transfer,A0149,A0445,2,,HIGH,Bi-directional money flow detected
1781,Circular Transfer,A0238,A0337,2,,HIGH,Bi-directional money flow detected
1782,Circular Transfer,A0414,A0331,2,,HIGH,Bi-directional money flow detected
1783,Circular Transfer,A0208,A0315,2,,HIGH,Bi-directional money flow detected
1784,Circular Transfer,A0366,A0480,2,,HIGH,Bi-directional money flow detected
1785,Circular Transfer,A0147,A0334,2,,HIGH,Bi-directional money flow detected
1786,Circular Transfer,A0082,A0100,2,,HIGH,Bi-directional money flow detected
1787,Circular Transfer,A0118,A0175,2,,HIGH,Bi-directional money flow detected
1788,Circular Transfer,A0488,A0219,2,,HIGH,Bi-directional money flow detected
1789,Circular Transfer,A0338,A0155,2,,HIGH,Bi-directional money flow detected
1790,Circular Transfer,A0418,A0110,2,,HIGH,Bi-directional money flow detected
1791,Circular Transfer,A0297,A0396,2,,HIGH,Bi-directional money flow detected
1792,Circular Transfer,A0119,A0050,2,,HIGH,Bi-directional money flow detected
1793,Circular Transfer,A0265,A0384,2,,HIGH,Bi-directional money flow detected
1794,Circular Transfer,A0371,A0037,2,,HIGH,Bi-directional money flow detected
1795,Circular Transfer,A0125,A0427,2,,HIGH,Bi-directional money flow detected
1796,Circular Transfer,A0382,A0354,2,,HIGH,Bi-directional money flow detected
1797,Circular Transfer,A0297,A0170,2,,HIGH,Bi-directional money flow detected
1798,Circular Transfer,A0285,A0288,2,,HIGH,Bi-directional money flow detected
1799,Circular Transfer,A0187,A0081,2,,HIGH,Bi-directional money flow detected
1800,Circular Transfer,A0472,A0287,2,,HIGH,Bi-directional money flow detected
1801,Circular Transfer,A0392,A0080,2,,HIGH,Bi-directional money flow detected
1802,Circular Transfer,A0140,A0488,2,,HIGH,Bi-directional money flow detected
1803,Circular Transfer,A0436,A0429,2,,HIGH,Bi-directional money flow detected
1804,Circular Transfer,A0147,A0426,2,,HIGH,Bi-directional money flow detected
1805,Circular Transfer,A0132,A0213,2,,HIGH,Bi-directional money flow detected
1806,Circular Transfer,A0408,A0447,2,,HIGH,Bi-directional money flow detected
1807,Circular Transfer,A0366,A0238,2,,HIGH,Bi-directional money flow detected
1808,Circular Transfer,A0425,A0148,2,,HIGH,Bi-directional money flow detected
1809,Circular Transfer,A0025,A0375,2,,HIGH,Bi-directional money flow detected
1810,Circular Transfer,A0411,A0357,2,,HIGH,Bi-directional money flow detected
1811,Circular Transfer,A0394,A0181,2,,HIGH,Bi-directional money flow detected
1812,Circular Transfer,A0109,A0203,2,,HIGH,Bi-directional money flow detected
1813,Circular Transfer,A0141,A0259,2,,HIGH,Bi-directional money flow detected
1814,Circular Transfer,A0470,A0475,2,,HIGH,Bi-directional money flow detected
1815,Circular Transfer,A0257,A0395,2,,HIGH,Bi-directional money flow detected
1816,Circular Transfer,A0296,A0222,2,,HIGH,Bi-directional money flow detected
1817,Circular Transfer,A0427,A0453,2,,HIGH,Bi-directional money flow detected
1818,Circular Transfer,A0207,A0161,2,,HIGH,Bi-directional money flow detected
1819,Circular Transfer,A0376,A0381,2,,HIGH,Bi-directional money flow detected
1820,Circular Transfer,A0399,A0395,2,,HIGH,Bi-directional money flow detected
1821,Circular Transfer,A0152,A0278,2,,HIGH,Bi-directional money flow detected
1822,Circular Transfer,A0039,A0053,2,,HIGH,Bi-directional money flow detected
1823,Circular Transfer,A0404,A0352,2,,HIGH,Bi-directional money flow detected
1824,Circular Transfer,A0292,A0304,2,,HIGH,Bi-directional money flow detected
1825,Circular Transfer,A0169,A0058,2,,HIGH,Bi-directional money flow detected
1826,Circular Transfer,A0425,A0196,2,,HIGH,Bi-directional money flow detected
1827,Circular Transfer,A0299,A0174,2,,HIGH,Bi-directional money flow detected
1828,Circular Transfer,A0314,A0321,2,,HIGH,Bi-directional money flow detected
1829,Circular Transfer,A0012,A0070,2,,HIGH,Bi-directional money flow detected
1830,Circular Transfer,A0378,A0098,2,,HIGH,Bi-directional money flow detected
1831,Circular Transfer,A0071,A0070,2,,HIGH,Bi-directional money flow detected
1832,Circular Transfer,A0444,A0080,2,,HIGH,Bi-directional money flow detected
1833,Circular Transfer,A0475,A0463,2,,HIGH,Bi-directional money flow detected
1834,Circular Transfer,A0394,A0110,2,,HIGH,Bi-directional money flow detected
1835,Circular Transfer,A0258,A0425,2,,HIGH,Bi-directional money flow detected
1836,Circular Transfer,A0238,A0222,2,,HIGH,Bi-directional money flow detected
1837,Circular Transfer,A0359,A0373,2,,HIGH,Bi-directional money flow detected
1838,Circular Transfer,A0070,A0020,2,,HIGH,Bi-directional money flow detected
1839,Circular Transfer,A0069,A0279,2,,HIGH,Bi-directional money flow detected
1840,Circular Transfer,A0046,A0365,2,,HIGH,Bi-directional money flow detected
1841,Circular Transfer,A0425,A0100,2,,HIGH,Bi-directional money flow detected
1842,Circular Transfer,A0061,A0120,2,,HIGH,Bi-directional money flow detected
1843,Circular Transfer,A0321,A0197,2,,HIGH,Bi-directional money flow detected
1844,Circular Transfer,A0482,A0040,2,,HIGH,Bi-directional money flow detected
1845,Circular Transfer,A0391,A0028,2,,HIGH,Bi-directional money flow detected
1846,Circular Transfer,A0374,A0032,2,,HIGH,Bi-directional money flow detected
1847,Circular Transfer,A0498,A0485,2,,HIGH,Bi-directional money flow detected
1848,Circular Transfer,A0139,A0149,2,,HIGH,Bi-directional money flow detected
1849,Circular Transfer,A0458,A0211,2,,HIGH,Bi-directional money flow detected
1850,Circular Transfer,A0289,A0018,2,,HIGH,Bi-directional money flow detected
1851,Circular Transfer,A0272,A0249,2,,HIGH,Bi-directional money flow detected
1852,Circular Transfer,A0122,A0296,2,,HIGH,Bi-directional money flow detected
1853,Circular Transfer,A0381,A0279,2,,HIGH,Bi-directional money flow detected
1854,Circular Transfer,A0315,A0268,2,,HIGH,Bi-directional money flow detected
1855,Circular Transfer,A0348,A0067,2,,HIGH,Bi-directional money flow detected
1856,Circular Transfer,A0400,A0471,2,,HIGH,Bi-directional money flow detected
1857,Circular Transfer,A0159,A0200,2,,HIGH,Bi-directional money flow detected
1858,Circular Transfer,A0348,A0481,2,,HIGH,Bi-directional money flow detected
1859,Circular Transfer,A0007,A0032,2,,HIGH,Bi-directional money flow detected
1860,Circular Transfer,A0051,A0139,2,,HIGH,Bi-directional money flow detected
1861,Circular Transfer,A0026,A0419,2,,HIGH,Bi-directional money flow detected
1862,Circular Transfer,A0143,A0091,2,,HIGH,Bi-directional money flow detected
1863,Circular Transfer,A0184,A0490,2,,HIGH,Bi-directional money flow detected
1864,Circular Transfer,A0291,A0445,2,,HIGH,Bi-directional money flow detected
1865,Circular Transfer,A0232,A0467,2,,HIGH,Bi-directional money flow detected
1866,Circular Transfer,A0140,A0319,2,,HIGH,Bi-directional money flow detected
1867,Circular Transfer,A0439,A0050,2,,HIGH,Bi-directional money flow detected
1868,Circular Transfer,A0321,A0323,2,,HIGH,Bi-directional money flow detected
1869,Circular Transfer,A0018,A0283,2,,HIGH,Bi-directional money flow detected
1870,Circular Transfer,A0271,A0375,2,,HIGH,Bi-directional money flow detected
1871,Circular Transfer,A0157,A0217,2,,HIGH,Bi-directional money flow detected
1872,Circular Transfer,A0385,A0374,2,,HIGH,Bi-directional money flow detected
1873,Circular Transfer,A0414,A0168,2,,HIGH,Bi-directional money flow detected
1874,Circular Transfer,A0245,A0080,2,,HIGH,Bi-directional money flow detected
1875,Circular Transfer,A0265,A0473,2,,HIGH,Bi-directional money flow detected
1876,Circular Transfer,A0448,A0496,2,,HIGH,Bi-directional money flow detected
1877,Circular Transfer,A0210,A0400,2,,HIGH,Bi-directional money flow detected
1878,Circular Transfer,A0497,A0351,2,,HIGH,Bi-directional money flow detected
1879,Circular Transfer,A0179,A0040,2,,HIGH,Bi-directional money flow detected
1880,Circular Transfer,A0104,A0242,2,,HIGH,Bi-directional money flow detected
1881,Circular Transfer,A0110,A0050,2,,HIGH,Bi-directional money flow detected
1882,Circular Transfer,A0165,A0362,2,,HIGH,Bi-directional money flow detected
1883,Circular Transfer,A0116,A0323,2,,HIGH,Bi-directional money flow detected
1884,Circular Transfer,A0279,A0321,2,,HIGH,Bi-directional money flow detected
1885,Circular Transfer,A0394,A0367,2,,HIGH,Bi-directional money flow detected
1886,Circular Transfer,A0425,A0114,2,,HIGH,Bi-directional money flow detected
1887,Circular Transfer,A0227,A0262,2,,HIGH,Bi-directional money flow detected
1888,Circular Transfer,A0396,A0252,2,,HIGH,Bi-directional money flow detected
1889,Circular Transfer,A0488,A0439,2,,HIGH,Bi-directional money flow detected
1890,Circular Transfer,A0032,A0362,2,,HIGH,Bi-directional money flow detected
1891,Circular Transfer,A0050,A0152,2,,HIGH,Bi-directional money flow detected
1892,Circular Transfer,A0375,A0370,2,,HIGH,Bi-directional money flow detected
1893,Circular Transfer,A0185,A0408,2,,HIGH,Bi-directional money flow detected
1894,Circular Transfer,A0116,A0112,2,,HIGH,Bi-directional money flow detected
1895,Circular Transfer,A0007,A0242,2,,HIGH,Bi-directional money flow detected
1896,Circular Transfer,A0009,A0212,2,,HIGH,Bi-directional money flow detected
1897,Circular Transfer,A0061,A0192,2,,HIGH,Bi-directional money flow detected
1898,Circular Transfer,A0201,A0035,2,,HIGH,Bi-directional money flow detected
1899,Circular Transfer,A0319,A0440,2,,HIGH,Bi-directional money flow detected
1900,Circular Transfer,A0328,A0116,2,,HIGH,Bi-directional money flow detected
1901,Circular Transfer,A0160,A0217,2,,HIGH,Bi-directional money flow detected
1902,Circular Transfer,A0326,A0249,2,,HIGH,Bi-directional money flow detected
1903,Circular Transfer,A0201,A0337,2,,HIGH,Bi-directional money flow detected
1904,Circular Transfer,A0206,A0315,2,,HIGH,Bi-directional money flow detected
1905,Circular Transfer,A0108,A0384,2,,HIGH,Bi-directional money flow detected
1906,Circular Transfer,A0272,A0044,2,,HIGH,Bi-directional money flow detected
1907,Circular Transfer,A0373,A0183,2,,HIGH,Bi-directional money flow detected
1908,Circular Transfer,A0225,A0119,2,,HIGH,Bi-directional money flow detected
1909,Circular Transfer,A0003,A0236,2,,HIGH,Bi-directional money flow detected
1910,Circular Transfer,A0305,A0200,2,,HIGH,Bi-directional money flow detected
1911,Circular Transfer,A0420,A0242,2,,HIGH,Bi-directional money flow detected
1912,Circular Transfer,A0200,A0429,2,,HIGH,Bi-directional money flow detected
1913,Circular Transfer,A0466,A0122,2,,HIGH,Bi-directional money flow detected
1914,Circular Transfer,A0452,A0113,2,,HIGH,Bi-directional money flow detected
1915,Circular Transfer,A0214,A0174,2,,HIGH,Bi-directional money flow detected
1916,Circular Transfer,A0200,A0099,2,,HIGH,Bi-directional money flow detected
1917,Circular Transfer,A0425,A0098,2,,HIGH,Bi-directional money flow detected
1918,Circular Transfer,A0069,A0290,2,,HIGH,Bi-directional money flow detected
1919,Circular Transfer,A0495,A0461,2,,HIGH,Bi-directional money flow detected
1920,Circular Transfer,A0060,A0167,2,,HIGH,Bi-directional money flow detected
1921,Circular Transfer,A0406,A0205,2,,HIGH,Bi-directional money flow detected
1922,Circular Transfer,A0280,A0087,2,,HIGH,Bi-directional money flow detected
1923,Circular Transfer,A0187,A0449,2,,HIGH,Bi-directional money flow detected
1924,Circular Transfer,A0462,A0354,2,,HIGH,Bi-directional money flow detected
1925,Circular Transfer,A0155,A0188,2,,HIGH,Bi-directional money flow detected
1926,Circular Transfer,A0363,A0467,2,,HIGH,Bi-directional money flow detected
1927,Circular Transfer,A0016,A0042,2,,HIGH,Bi-directional money flow detected
1928,Circular Transfer,A0482,A0154,2,,HIGH,Bi-directional money flow detected
1929,Circular Transfer,A0097,A0456,2,,HIGH,Bi-directional money flow detected
1930,Circular Transfer,A0375,A0097,2,,HIGH,Bi-directional money flow detected
1931,Circular Transfer,A0151,A0024,2,,HIGH,Bi-directional money flow detected
1932,Circular Transfer,A0406,A0265,2,,HIGH,Bi-directional money flow detected
1933,Circular Transfer,A0029,A0274,2,,HIGH,Bi-directional money flow detected
1934,Circular Transfer,A0316,A0205,2,,HIGH,Bi-directional money flow detected
1935,Circular Transfer,A0168,A0455,2,,HIGH,Bi-directional money flow detected
1936,Circular Transfer,A0117,A0132,2,,HIGH,Bi-directional money flow detected
1937,Circular Transfer,A0053,A0249,2,,HIGH,Bi-directional money flow detected
1938,Circular Transfer,A0341,A0056,2,,HIGH,Bi-directional money flow detected
1939,Circular Transfer,A0041,A0425,2,,HIGH,Bi-directional money flow detected
1940,Circular Transfer,A0051,A0024,2,,HIGH,Bi-directional money flow detected
1941,Circular Transfer,A0322,A0028,2,,HIGH,Bi-directional money flow detected
1942,Circular Transfer,A0295,A0174,2,,HIGH,Bi-directional money flow detected
1943,Circular Transfer,A0315,A0375,2,,HIGH,Bi-directional money flow detected
1944,Circular Transfer,A0130,A0277,2,,HIGH,Bi-directional money flow detected
1945,Circular Transfer,A0326,A0363,2,,HIGH,Bi-directional money flow detected
1946,Circular Transfer,A0256,A0070,2,,HIGH,Bi-directional money flow detected
1947,Circular Transfer,A0036,A0384,2,,HIGH,Bi-directional money flow detected
1948,Circular Transfer,A0295,A0141,2,,HIGH,Bi-directional money flow detected
1949,Circular Transfer,A0238,A0496,2,,HIGH,Bi-directional money flow detected
1950,Circular Transfer,A0355,A0409,2,,HIGH,Bi-directional money flow detected
1951,Circular Transfer,A0078,A0498,2,,HIGH,Bi-directional money flow detected
1952,Circular Transfer,A0238,A0398,2,,HIGH,Bi-directional money flow detected
1953,Circular Transfer,A0490,A0252,2,,HIGH,Bi-directional money flow detected
1954,Circular Transfer,A0475,A0037,2,,HIGH,Bi-directional money flow detected
1955,Circular Transfer,A0284,A0269,2,,HIGH,Bi-directional money flow detected
1956,Circular Transfer,A0341,A0064,2,,HIGH,Bi-directional money flow detected
1957,Circular Transfer,A0285,A0378,2,,HIGH,Bi-directional money flow detected
1958,Circular Transfer,A0218,A0320,2,,HIGH,Bi-directional money flow detected
1959,Circular Transfer,A0373,A0142,2,,HIGH,Bi-directional money flow detected
1960,Circular Transfer,A0313,A0457,2,,HIGH,Bi-directional money flow detected
1961,Circular Transfer,A0405,A0188,2,,HIGH,Bi-directional money flow detected
1962,Circular Transfer,A0097,A0473,2,,HIGH,Bi-directional money flow detected
1963,Circular Transfer,A0264,A0007,2,,HIGH,Bi-directional money flow detected
1964,Circular Transfer,A0038,A0333,2,,HIGH,Bi-directional money flow detected
1965,Circular Transfer,A0360,A0242,2,,HIGH,Bi-directional money flow detected
1966,Circular Transfer,A0496,A0401,2,,HIGH,Bi-directional money flow detected
1967,Circular Transfer,A0194,A0106,2,,HIGH,Bi-directional money flow detected
1968,Circular Transfer,A0033,A0331,2,,HIGH,Bi-directional money flow detected
1969,Circular Transfer,A0386,A0029,2,,HIGH,Bi-directional money flow detected
1970,Circular Transfer,A0187,A0075,2,,HIGH,Bi-directional money flow detected
1971,Circular Transfer,A0240,A0429,2,,HIGH,Bi-directional money flow detected
1972,Circular Transfer,A0095,A0070,2,,HIGH,Bi-directional money flow detected
1973,Circular Transfer,A0277,A0481,2,,HIGH,Bi-directional money flow detected
1974,Circular Transfer,A0240,A0099,2,,HIGH,Bi-directional money flow detected
1975,Circular Transfer,A0088,A0357,2,,HIGH,Bi-directional money flow detected
1976,Circular Transfer,A0466,A0481,2,,HIGH,Bi-directional money flow detected
1977,Circular Transfer,A0495,A0270,2,,HIGH,Bi-directional money flow detected
1978,Circular Transfer,A0439,A0150,2,,HIGH,Bi-directional money flow detected
1979,Circular Transfer,A0211,A0198,2,,HIGH,Bi-directional money flow detected
1980,Circular Transfer,A0183,A0351,2,,HIGH,Bi-directional money flow detected
1981,Circular Transfer,A0383,A0088,2,,HIGH,Bi-directional money flow detected
1982,Circular Transfer,A0236,A0209,2,,HIGH,Bi-directional money flow detected
1983,Circular Transfer,A0339,A0360,2,,HIGH,Bi-directional money flow detected
1984,Circular Transfer,A0433,A0420,2,,HIGH,Bi-directional money flow detected
1985,Circular Transfer,A0497,A0086,2,,HIGH,Bi-directional money flow detected
1986,Circular Transfer,A0094,A0333,2,,HIGH,Bi-directional money flow detected
1987,Circular Transfer,A0031,A0205,2,,HIGH,Bi-directional money flow detected
1988,Circular Transfer,A0360,A0095,2,,HIGH,Bi-directional money flow detected
1989,Circular Transfer,A0053,A0178,2,,HIGH,Bi-directional money flow detected
1990,Circular Transfer,A0245,A0401,2,,HIGH,Bi-directional money flow detected
1991,Circular Transfer,A0012,A0420,2,,HIGH,Bi-directional money flow detected
1992,Circular Transfer,A0097,A0118,2,,HIGH,Bi-directional money flow detected
1993,Circular Transfer,A0440,A0374,2,,HIGH,Bi-directional money flow detected
1994,Circular Transfer,A0350,A0456,2,,HIGH,Bi-directional money flow detected
1995,Circular Transfer,A0252,A0008,2,,HIGH,Bi-directional money flow detected
1996,Circular Transfer,A0133,A0191,2,,HIGH,Bi-directional money flow detected
1997,Circular Transfer,A0075,A0318,2,,HIGH,Bi-directional money flow detected
1998,Circular Transfer,A0431,A0473,2,,HIGH,Bi-directional money flow detected
1999,Circular Transfer,A0062,A0470,2,,HIGH,Bi-directional money flow detected
2000,Circular Transfer,A0040,A0075,2,,HIGH,Bi-directional money flow detected
2001,Circular Transfer,A0393,A0188,2,,HIGH,Bi-directional money flow detected
2002,Circular Transfer,A0416,A0438,2,,HIGH,Bi-directional money flow detected
2003,Circular Transfer,A0188,A0447,2,,HIGH,Bi-directional money flow detected
2004,Circular Transfer,A0044,A0300,2,,HIGH,Bi-directional money flow detected
2005,Circular Transfer,A0358,A0388,2,,HIGH,Bi-directional money flow detected
2006,Circular Transfer,A0190,A0400,2,,HIGH,Bi-directional money flow detected
2007,Circular Transfer,A0023,A0171,2,,HIGH,Bi-directional money flow detected
2008,Circular Transfer,A0412,A0318,2,,HIGH,Bi-directional money flow detected
2009,Circular Transfer,A0037,A0486,2,,HIGH,Bi-directional money flow detected
2010,Circular Transfer,A0335,A0352,2,,HIGH,Bi-directional money flow detected
2011,Circular Transfer,A0429,A0075,2,,HIGH,Bi-directional money flow detected
2012,Circular Transfer,A0403,A0305,2,,HIGH,Bi-directional money flow detected
2013,Circular Transfer,A0245,A0261,2,,HIGH,Bi-directional money flow detected
2014,Circular Transfer,A0272,A0313,2,,HIGH,Bi-directional money flow detected
2015,Circular Transfer,A0246,A0455,2,,HIGH,Bi-directional money flow detected
2016,Circular Transfer,A0021,A0308,2,,HIGH,Bi-directional money flow detected
2017,Circular Transfer,A0200,A0317,2,,HIGH,Bi-directional money flow detected
2018,Circular Transfer,A0103,A0355,2,,HIGH,Bi-directional money flow detected
2019,Circular Transfer,A0294,A0104,2,,HIGH,Bi-directional money flow detected
2020,Circular Transfer,A0065,A0005,2,,HIGH,Bi-directional money flow detected
2021,Circular Transfer,A0330,A0383,2,,HIGH,Bi-directional money flow detected
2022,Circular Transfer,A0250,A0229,2,,HIGH,Bi-directional money flow detected
2023,Circular Transfer,A0468,A0084,2,,HIGH,Bi-directional money flow detected
2024,Circular Transfer,A0126,A0044,2,,HIGH,Bi-directional money flow detected
2025,Circular Transfer,A0184,A0469,2,,HIGH,Bi-directional money flow detected
2026,Circular Transfer,A0215,A0422,2,,HIGH,Bi-directional money flow detected
2027,Circular Transfer,A0138,A0050,2,,HIGH,Bi-directional money flow detected
2028,Circular Transfer,A0487,A0200,2,,HIGH,Bi-directional money flow detected
2029,Circular Transfer,A0026,A0254,2,,HIGH,Bi-directional money flow detected
2030,Circular Transfer,A0012,A0017,2,,HIGH,Bi-directional money flow detected
2031,Circular Transfer,A0031,A0188,2,,HIGH,Bi-directional money flow detected
2032,Circular Transfer,A0308,A0098,2,,HIGH,Bi-directional money flow detected
2033,Circular Transfer,A0023,A0011,2,,HIGH,Bi-directional money flow detected
2034,Circular Transfer,A0160,A0478,2,,HIGH,Bi-directional money flow detected
2035,Circular Transfer,A0305,A0282,2,,HIGH,Bi-directional money flow detected
2036,Circular Transfer,A0137,A0373,2,,HIGH,Bi-directional money flow detected
2037,Circular Transfer,A0254,A0122,2,,HIGH,Bi-directional money flow detected
2038,Circular Transfer,A0370,A0387,2,,HIGH,Bi-directional money flow detected
2039,Circular Transfer,A0105,A0454,2,,HIGH,Bi-directional money flow detected
2040,Circular Transfer,A0093,A0406,2,,HIGH,Bi-directional money flow detected
2041,Circular Transfer,A0160,A0224,2,,HIGH,Bi-directional money flow detected
2042,Circular Transfer,A0038,A0113,2,,HIGH,Bi-directional money flow detected
2043,Circular Transfer,A0349,A0320,2,,HIGH,Bi-directional money flow detected
2044,Circular Transfer,A0077,A0339,2,,HIGH,Bi-directional money flow detected
2045,Circular Transfer,A0460,A0011,2,,HIGH,Bi-directional money flow detected
2046,Circular Transfer,A0119,A0114,2,,HIGH,Bi-directional money flow detected
2047,Circular Transfer,A0468,A0431,2,,HIGH,Bi-directional money flow detected
2048,Circular Transfer,A0168,A0094,2,,HIGH,Bi-directional money flow detected
2049,Circular Transfer,A0237,A0241,2,,HIGH,Bi-directional money flow detected
2050,Circular Transfer,A0349,A0302,2,,HIGH,Bi-directional money flow detected
2051,Circular Transfer,A0407,A0318,2,,HIGH,Bi-directional money flow detected
2052,Circular Transfer,A0243,A0374,2,,HIGH,Bi-directional money flow detected
2053,Circular Transfer,A0238,A0304,2,,HIGH,Bi-directional money flow detected
2054,Circular Transfer,A0100,A0410,2,,HIGH,Bi-directional money flow detected
2055,Circular Transfer,A0483,A0023,2,,HIGH,Bi-directional money flow detected
2056,Circular Transfer,A0324,A0028,2,,HIGH,Bi-directional money flow detected
2057,Circular Transfer,A0452,A0055,2,,HIGH,Bi-directional money flow detected
2058,Circular Transfer,A0234,A0495,2,,HIGH,Bi-directional money flow detected
2059,Circular Transfer,A0429,A0473,2,,HIGH,Bi-directional money flow detected
2060,Circular Transfer,A0219,A0043,2,,HIGH,Bi-directional money flow detected
2061,Circular Transfer,A0391,A0367,2,,HIGH,Bi-directional money flow detected
2062,Circular Transfer,A0265,A0192,2,,HIGH,Bi-directional money flow detected
2063,Circular Transfer,A0057,A0426,2,,HIGH,Bi-directional money flow detected
2064,Circular Transfer,A0294,A0475,2,,HIGH,Bi-directional money flow detected
2065,Circular Transfer,A0104,A0368,2,,HIGH,Bi-directional money flow detected
2066,Circular Transfer,A0028,A0192,2,,HIGH,Bi-directional money flow detected
2067,Circular Transfer,A0099,A0469,2,,HIGH,Bi-directional money flow detected
2068,Circular Transfer,A0269,A0296,2,,HIGH,Bi-directional money flow detected
2069,Circular Transfer,A0252,A0436,2,,HIGH,Bi-directional money flow detected
2070,Circular Transfer,A0394,A0085,2,,HIGH,Bi-directional money flow detected
2071,Circular Transfer,A0347,A0134,2,,HIGH,Bi-directional money flow detected
2072,Circular Transfer,A0157,A0390,2,,HIGH,Bi-directional money flow detected
2073,Circular Transfer,A0297,A0246,2,,HIGH,Bi-directional money flow detected
2074,Circular Transfer,A0237,A0120,2,,HIGH,Bi-directional money flow detected
2075,Circular Transfer,A0332,A0259,2,,HIGH,Bi-directional money flow detected
2076,Circular Transfer,A0248,A0024,2,,HIGH,Bi-directional money flow detected
2077,Circular Transfer,A0106,A0061,2,,HIGH,Bi-directional money flow detected
2078,Circular Transfer,A0456,A0425,2,,HIGH,Bi-directional money flow detected
2079,Circular Transfer,A0016,A0335,2,,HIGH,Bi-directional money flow detected
2080,Circular Transfer,A0138,A0167,2,,HIGH,Bi-directional money flow detected
2081,Circular Transfer,A0256,A0272,2,,HIGH,Bi-directional money flow detected
2082,Circular Transfer,A0050,A0235,2,,HIGH,Bi-directional money flow detected
2083,Circular Transfer,A0278,A0151,2,,HIGH,Bi-directional money flow detected
2084,Circular Transfer,A0198,A0208,2,,HIGH,Bi-directional money flow detected
2085,Circular Transfer,A0221,A0348,2,,HIGH,Bi-directional money flow detected
2086,Circular Transfer,A0408,A0439,2,,HIGH,Bi-directional money flow detected
2087,Circular Transfer,A0293,A0493,2,,HIGH,Bi-directional money flow detected
2088,Circular Transfer,A0053,A0252,2,,HIGH,Bi-directional money flow detected
2089,Circular Transfer,A0133,A0205,2,,HIGH,Bi-directional money flow detected
2090,Circular Transfer,A0060,A0070,2,,HIGH,Bi-directional money flow detected
2091,Circular Transfer,A0265,A0331,2,,HIGH,Bi-directional money flow detected
2092,Circular Transfer,A0271,A0265,2,,HIGH,Bi-directional money flow detected
2093,Circular Transfer,A0146,A0208,2,,HIGH,Bi-directional money flow detected
2094,Circular Transfer,A0398,A0208,2,,HIGH,Bi-directional money flow detected
2095,Circular Transfer,A0257,A0150,2,,HIGH,Bi-directional money flow detected
2096,Circular Transfer,A0118,A0389,2,,HIGH,Bi-directional money flow detected
2097,Circular Transfer,A0464,A0241,2,,HIGH,Bi-directional money flow detected
2098,Circular Transfer,A0306,A0401,2,,HIGH,Bi-directional money flow detected
2099,Circular Transfer,A0211,A0254,2,,HIGH,Bi-directional money flow detected
2100,Circular Transfer,A0183,A0086,2,,HIGH,Bi-directional money flow detected
2101,Circular Transfer,A0247,A0111,2,,HIGH,Bi-directional money flow detected
2102,Circular Transfer,A0282,A0133,2,,HIGH,Bi-directional money flow detected
2103,Circular Transfer,A0064,A0008,2,,HIGH,Bi-directional money flow detected
2104,Circular Transfer,A0399,A0150,2,,HIGH,Bi-directional money flow detected
2105,Circular Transfer,A0224,A0129,2,,HIGH,Bi-directional money flow detected
2106,Circular Transfer,A0079,A0433,2,,HIGH,Bi-directional money flow detected
2107,Circular Transfer,A0352,A0067,2,,HIGH,Bi-directional money flow detected
2108,Circular Transfer,A0175,A0139,2,,HIGH,Bi-directional money flow detected
2109,Circular Transfer,A0395,A0415,2,,HIGH,Bi-directional money flow detected
2110,Circular Transfer,A0171,A0106,2,,HIGH,Bi-directional money flow detected
2111,Circular Transfer,A0218,A0271,2,,HIGH,Bi-directional money flow detected
2112,Circular Transfer,A0155,A0374,2,,HIGH,Bi-directional money flow detected
2113,Circular Transfer,A0325,A0263,2,,HIGH,Bi-directional money flow detected
2114,Circular Transfer,A0267,A0141,2,,HIGH,Bi-directional money flow detected
2115,Circular Transfer,A0070,A0248,2,,HIGH,Bi-directional money flow detected
2116,Circular Transfer,A0379,A0142,2,,HIGH,Bi-directional money flow detected
2117,Circular Transfer,A0294,A0290,2,,HIGH,Bi-directional money flow detected
2118,Circular Transfer,A0210,A0045,2,,HIGH,Bi-directional money flow detected
2119,Circular Transfer,A0294,A0168,2,,HIGH,Bi-directional money flow detected
2120,Circular Transfer,A0065,A0330,2,,HIGH,Bi-directional money flow detected
2121,Circular Transfer,A0318,A0261,2,,HIGH,Bi-directional money flow detected
2122,Circular Transfer,A0350,A0282,2,,HIGH,Bi-directional money flow detected
2123,Circular Transfer,A0332,A0184,2,,HIGH,Bi-directional money flow detected
2124,Circular Transfer,A0453,A0019,2,,HIGH,Bi-directional money flow detected
2125,Circular Transfer,A0286,A0162,2,,HIGH,Bi-directional money flow detected
2126,Circular Transfer,A0495,A0155,2,,HIGH,Bi-directional money flow detected
2127,Circular Transfer,A0361,A0149,2,,HIGH,Bi-directional money flow detected
2128,Circular Transfer,A0232,A0447,2,,HIGH,Bi-directional money flow detected
2129,Circular Transfer,A0472,A0255,2,,HIGH,Bi-directional money flow detected
2130,Circular Transfer,A0439,A0231,2,,HIGH,Bi-directional money flow detected
2131,Circular Transfer,A0077,A0415,2,,HIGH,Bi-directional money flow detected
2132,Circular Transfer,A0346,A0204,2,,HIGH,Bi-directional money flow detected
2133,Circular Transfer,A0433,A0395,2,,HIGH,Bi-directional money flow detected
2134,Circular Transfer,A0227,A0494,2,,HIGH,Bi-directional money flow detected
2135,Circular Transfer,A0468,A0309,2,,HIGH,Bi-directional money flow detected
2136,Circular Transfer,A0152,A0349,2,,HIGH,Bi-directional money flow detected
2137,Circular Transfer,A0153,A0283,2,,HIGH,Bi-directional money flow detected
2138,Circular Transfer,A0467,A0172,2,,HIGH,Bi-directional money flow detected
2139,Circular Transfer,A0106,A0262,2,,HIGH,Bi-directional money flow detected
2140,Circular Transfer,A0119,A0302,2,,HIGH,Bi-directional money flow detected
2141,Circular Transfer,A0145,A0072,2,,HIGH,Bi-directional money flow detected
2142,Circular Transfer,A0242,A0136,2,,HIGH,Bi-directional money flow detected
2143,Circular Transfer,A0156,A0421,2,,HIGH,Bi-directional money flow detected
2144,Circular Transfer,A0194,A0117,2,,HIGH,Bi-directional money flow detected
2145,Circular Transfer,A0146,A0152,2,,HIGH,Bi-directional money flow detected
2146,Circular Transfer,A0451,A0215,2,,HIGH,Bi-directional money flow detected
2147,Circular Transfer,A0336,A0353,2,,HIGH,Bi-directional money flow detected
2148,Circular Transfer,A0322,A0244,2,,HIGH,Bi-directional money flow detected
2149,Circular Transfer,A0275,A0198,2,,HIGH,Bi-directional money flow detected
2150,Circular Transfer,A0396,A0222,2,,HIGH,Bi-directional money flow detected
2151,Circular Transfer,A0126,A0106,2,,HIGH,Bi-directional money flow detected
2152,Circular Transfer,A0353,A0396,2,,HIGH,Bi-directional money flow detected
2153,Circular Transfer,A0173,A0176,2,,HIGH,Bi-directional money flow detected
2154,Circular Transfer,A0338,A0289,2,,HIGH,Bi-directional money flow detected
2155,Circular Transfer,A0352,A0462,2,,HIGH,Bi-directional money flow detected
2156,Circular Transfer,A0490,A0117,2,,HIGH,Bi-directional money flow detected
2157,Circular Transfer,A0470,A0443,2,,HIGH,Bi-directional money flow detected
2158,Circular Transfer,A0316,A0374,2,,HIGH,Bi-directional money flow detected
2159,Circular Transfer,A0436,A0309,2,,HIGH,Bi-directional money flow detected
2160,Circular Transfer,A0405,A0426,2,,HIGH,Bi-directional money flow detected
2161,Circular Transfer,A0189,A0299,2,,HIGH,Bi-directional money flow detected
2162,Circular Transfer,A0084,A0346,2,,HIGH,Bi-directional money flow detected
2163,Circular Transfer,A0426,A0269,2,,HIGH,Bi-directional money flow detected
2164,Circular Transfer,A0306,A0170,2,,HIGH,Bi-directional money flow detected
2165,Circular Transfer,A0478,A0453,2,,HIGH,Bi-directional money flow detected
2166,Circular Transfer,A0192,A0362,2,,HIGH,Bi-directional money flow detected
2167,Circular Transfer,A0157,A0298,2,,HIGH,Bi-directional money flow detected
2168,Circular Transfer,A0037,A0070,2,,HIGH,Bi-directional money flow detected
2169,Circular Transfer,A0409,A0427,2,,HIGH,Bi-directional money flow detected
2170,Circular Transfer,A0411,A0492,2,,HIGH,Bi-directional money flow detected
2171,Circular Transfer,A0271,A0212,2,,HIGH,Bi-directional money flow detected
2172,Circular Transfer,A0400,A0122,2,,HIGH,Bi-directional money flow detected
2173,Circular Transfer,A0124,A0182,2,,HIGH,Bi-directional money flow detected
2174,Circular Transfer,A0417,A0092,2,,HIGH,Bi-directional money flow detected
2175,Circular Transfer,A0310,A0039,2,,HIGH,Bi-directional money flow detected
2176,Circular Transfer,A0096,A0054,2,,HIGH,Bi-directional money flow detected
2177,Circular Transfer,A0153,A0030,2,,HIGH,Bi-directional money flow detected
2178,Circular Transfer,A0065,A0395,2,,HIGH,Bi-directional money flow detected
2179,Circular Transfer,A0458,A0021,2,,HIGH,Bi-directional money flow detected
2180,Circular Transfer,A0014,A0302,2,,HIGH,Bi-directional money flow detected
2181,Circular Transfer,A0062,A0214,2,,HIGH,Bi-directional money flow detected
2182,Circular Transfer,A0436,A0417,2,,HIGH,Bi-directional money flow detected
2183,Circular Transfer,A0489,A0113,2,,HIGH,Bi-directional money flow detected
2184,Circular Transfer,A0183,A0314,2,,HIGH,Bi-directional money flow detected
2185,Circular Transfer,A0244,A0431,2,,HIGH,Bi-directional money flow detected
2186,Circular Transfer,A0278,A0271,2,,HIGH,Bi-directional money flow detected
2187,Circular Transfer,A0271,A0177,2,,HIGH,Bi-directional money flow detected
2188,Circular Transfer,A0024,A0470,2,,HIGH,Bi-directional money flow detected
2189,Circular Transfer,A0459,A0491,2,,HIGH,Bi-directional money flow detected
2190,Circular Transfer,A0434,A0143,2,,HIGH,Bi-directional money flow detected
2191,Circular Transfer,A0483,A0133,2,,HIGH,Bi-directional money flow detected
2192,Circular Transfer,A0122,A0182,2,,HIGH,Bi-directional money flow detected
2193,Circular Transfer,A0188,A0219,2,,HIGH,Bi-directional money flow detected
2194,Circular Transfer,A0055,A0286,2,,HIGH,Bi-directional money flow detected
2195,Circular Transfer,A0131,A0180,2,,HIGH,Bi-directional money flow detected
2196,Circular Transfer,A0197,A0296,2,,HIGH,Bi-directional money flow detected
2197,Circular Transfer,A0406,A0279,2,,HIGH,Bi-directional money flow detected
2198,Circular Transfer,A0402,A0055,2,,HIGH,Bi-directional money flow detected
2199,Circular Transfer,A0178,A0240,2,,HIGH,Bi-directional money flow detected
2200,Circular Transfer,A0406,A0130,2,,HIGH,Bi-directional money flow detected
2201,Circular Transfer,A0440,A0261,2,,HIGH,Bi-directional money flow detected
2202,Circular Transfer,A0026,A0405,2,,HIGH,Bi-directional money flow detected
2203,Circular Transfer,A0406,A0104,2,,HIGH,Bi-directional money flow detected
2204,Circular Transfer,A0285,A0384,2,,HIGH,Bi-directional money flow detected
2205,Circular Transfer,A0114,A0354,2,,HIGH,Bi-directional money flow detected
2206,Circular Transfer,A0441,A0475,2,,HIGH,Bi-directional money flow detected
2207,Circular Transfer,A0333,A0017,2,,HIGH,Bi-directional money flow detected
2208,Circular Transfer,A0206,A0434,2,,HIGH,Bi-directional money flow detected
2209,Circular Transfer,A0158,A0292,2,,HIGH,Bi-directional money flow detected
2210,Circular Transfer,A0422,A0462,2,,HIGH,Bi-directional money flow detected
2211,Circular Transfer,A0014,A0123,2,,HIGH,Bi-directional money flow detected
2212,Circular Transfer,A0275,A0159,2,,HIGH,Bi-directional money flow detected
2213,Circular Transfer,A0230,A0228,2,,HIGH,Bi-directional money flow detected
2214,Circular Transfer,A0309,A0358,2,,HIGH,Bi-directional money flow detected
2215,Circular Transfer,A0105,A0485,2,,HIGH,Bi-directional money flow detected
2216,Circular Transfer,A0455,A0117,2,,HIGH,Bi-directional money flow detected
2217,Circular Transfer,A0108,A0130,2,,HIGH,Bi-directional money flow detected
2218,Circular Transfer,A0481,A0058,2,,HIGH,Bi-directional money flow detected
2219,Circular Transfer,A0444,A0465,2,,HIGH,Bi-directional money flow detected
2220,Circular Transfer,A0327,A0368,2,,HIGH,Bi-directional money flow detected
2221,Circular Transfer,A0116,A0108,2,,HIGH,Bi-directional money flow detected
2222,Circular Transfer,A0068,A0272,2,,HIGH,Bi-directional money flow detected
2223,Circular Transfer,A0048,A0347,2,,HIGH,Bi-directional money flow detected
2224,Circular Transfer,A0099,A0360,2,,HIGH,Bi-directional money flow detected
2225,Circular Transfer,A0335,A0467,2,,HIGH,Bi-directional money flow detected
2226,Circular Transfer,A0443,A0444,2,,HIGH,Bi-directional money flow detected
2227,Circular Transfer,A0122,A0019,2,,HIGH,Bi-directional money flow detected
2228,Circular Transfer,A0238,A0386,2,,HIGH,Bi-directional money flow detected
2229,Circular Transfer,A0299,A0348,2,,HIGH,Bi-directional money flow detected
2230,Circular Transfer,A0243,A0254,2,,HIGH,Bi-directional money flow detected
2231,Circular Transfer,A0297,A0263,2,,HIGH,Bi-directional money flow detected
2232,Circular Transfer,A0256,A0438,2,,HIGH,Bi-directional money flow detected
2233,Circular Transfer,A0099,A0115,2,,HIGH,Bi-directional money flow detected
2234,Circular Transfer,A0057,A0268,2,,HIGH,Bi-directional money flow detected
2235,Circular Transfer,A0408,A0354,2,,HIGH,Bi-directional money flow detected
2236,Circular Transfer,A0284,A0004,2,,HIGH,Bi-directional money flow detected
2237,Circular Transfer,A0470,A0242,2,,HIGH,Bi-directional money flow detected
2238,Circular Transfer,A0029,A0031,2,,HIGH,Bi-directional money flow detected
2239,Circular Transfer,A0055,A0151,2,,HIGH,Bi-directional money flow detected
2240,Circular Transfer,A0247,A0466,2,,HIGH,Bi-directional money flow detected
2241,Circular Transfer,A0214,A0077,2,,HIGH,Bi-directional money flow detected
2242,Circular Transfer,A0460,A0161,2,,HIGH,Bi-directional money flow detected
2243,Circular Transfer,A0367,A0227,2,,HIGH,Bi-directional money flow detected
2244,Circular Transfer,A0019,A0200,2,,HIGH,Bi-directional money flow detected
2245,Circular Transfer,A0154,A0462,2,,HIGH,Bi-directional money flow detected
2246,Circular Transfer,A0195,A0385,2,,HIGH,Bi-directional money flow detected
2247,Circular Transfer,A0285,A0075,2,,HIGH,Bi-directional money flow detected
2248,Circular Transfer,A0038,A0275,2,,HIGH,Bi-directional money flow detected
2249,Circular Transfer,A0482,A0361,2,,HIGH,Bi-directional money flow detected
2250,Circular Transfer,A0257,A0114,2,,HIGH,Bi-directional money flow detected
2251,Circular Transfer,A0452,A0007,2,,HIGH,Bi-directional money flow detected
2252,Circular Transfer,A0309,A0339,2,,HIGH,Bi-directional money flow detected
2253,Circular Transfer,A0098,A0381,2,,HIGH,Bi-directional money flow detected
2254,Circular Transfer,A0032,A0136,2,,HIGH,Bi-directional money flow detected
2255,Circular Transfer,A0028,A0474,2,,HIGH,Bi-directional money flow detected
2256,Circular Transfer,A0313,A0031,2,,HIGH,Bi-directional money flow detected
2257,Circular Transfer,A0095,A0271,2,,HIGH,Bi-directional money flow detected
2258,Circular Transfer,A0101,A0160,2,,HIGH,Bi-directional money flow detected
2259,Circular Transfer,A0190,A0045,2,,HIGH,Bi-directional money flow detected
2260,Circular Transfer,A0452,A0047,2,,HIGH,Bi-directional money flow detected
2261,Circular Transfer,A0141,A0157,2,,HIGH,Bi-directional money flow detected
2262,Circular Transfer,A0372,A0035,2,,HIGH,Bi-directional money flow detected
2263,Circular Transfer,A0427,A0110,2,,HIGH,Bi-directional money flow detected
2264,Circular Transfer,A0380,A0418,2,,HIGH,Bi-directional money flow detected
2265,Circular Transfer,A0007,A0147,2,,HIGH,Bi-directional money flow detected
2266,Circular Transfer,A0042,A0294,2,,HIGH,Bi-directional money flow detected
2267,Circular Transfer,A0096,A0075,2,,HIGH,Bi-directional money flow detected
2268,Circular Transfer,A0379,A0208,2,,HIGH,Bi-directional money flow detected
2269,Circular Transfer,A0242,A0132,2,,HIGH,Bi-directional money flow detected
2270,Circular Transfer,A0191,A0330,2,,HIGH,Bi-directional money flow detected
2271,Circular Transfer,A0447,A0291,2,,HIGH,Bi-directional money flow detected
2272,Circular Transfer,A0470,A0118,2,,HIGH,Bi-directional money flow detected
2273,Circular Transfer,A0201,A0229,2,,HIGH,Bi-directional money flow detected
2274,Circular Transfer,A0340,A0386,2,,HIGH,Bi-directional money flow detected
2275,Circular Transfer,A0409,A0346,2,,HIGH,Bi-directional money flow detected
2276,Circular Transfer,A0240,A0097,2,,HIGH,Bi-directional money flow detected
2277,Circular Transfer,A0192,A0417,2,,HIGH,Bi-directional money flow detected
2278,Circular Transfer,A0496,A0021,2,,HIGH,Bi-directional money flow detected
2279,Circular Transfer,A0176,A0374,2,,HIGH,Bi-directional money flow detected
2280,Circular Transfer,A0005,A0020,2,,HIGH,Bi-directional money flow detected
2281,Circular Transfer,A0437,A0236,2,,HIGH,Bi-directional money flow detected
2282,Circular Transfer,A0482,A0278,2,,HIGH,Bi-directional money flow detected
2283,Circular Transfer,A0206,A0110,2,,HIGH,Bi-directional money flow detected
2284,Circular Transfer,A0193,A0097,2,,HIGH,Bi-directional money flow detected
2285,Circular Transfer,A0249,A0300,2,,HIGH,Bi-directional money flow detected
2286,Circular Transfer,A0078,A0391,2,,HIGH,Bi-directional money flow detected
2287,Circular Transfer,A0354,A0339,2,,HIGH,Bi-directional money flow detected
2288,Circular Transfer,A0199,A0306,2,,HIGH,Bi-directional money flow detected
2289,Circular Transfer,A0238,A0388,2,,HIGH,Bi-directional money flow detected
2290,Circular Transfer,A0295,A0091,2,,HIGH,Bi-directional money flow detected
2291,Circular Transfer,A0282,A0024,2,,HIGH,Bi-directional money flow detected
2292,Circular Transfer,A0098,A0238,2,,HIGH,Bi-directional money flow detected
2293,Circular Transfer,A0396,A0157,2,,HIGH,Bi-directional money flow detected
2294,Circular Transfer,A0222,A0443,2,,HIGH,Bi-directional money flow detected
2295,Circular Transfer,A0017,A0432,2,,HIGH,Bi-directional money flow detected
2296,Circular Transfer,A0454,A0385,2,,HIGH,Bi-directional money flow detected
2297,Circular Transfer,A0421,A0237,2,,HIGH,Bi-directional money flow detected
2298,Circular Transfer,A0034,A0133,2,,HIGH,Bi-directional money flow detected
2299,Circular Transfer,A0448,A0228,2,,HIGH,Bi-directional money flow detected
2300,Circular Transfer,A0294,A0012,2,,HIGH,Bi-directional money flow detected
2301,Circular Transfer,A0296,A0461,2,,HIGH,Bi-directional money flow detected
2302,Circular Transfer,A0061,A0286,2,,HIGH,Bi-directional money flow detected
2303,Circular Transfer,A0103,A0135,2,,HIGH,Bi-directional money flow detected
2304,Circular Transfer,A0478,A0047,2,,HIGH,Bi-directional money flow detected
2305,Circular Transfer,A0132,A0030,2,,HIGH,Bi-directional money flow detected
2306,Circular Transfer,A0316,A0290,2,,HIGH,Bi-directional money flow detected
2307,Circular Transfer,A0279,A0293,2,,HIGH,Bi-directional money flow detected
2308,Circular Transfer,A0190,A0361,2,,HIGH,Bi-directional money flow detected
2309,Circular Transfer,A0247,A0036,2,,HIGH,Bi-directional money flow detected
2310,Circular Transfer,A0422,A0482,2,,HIGH,Bi-directional money flow detected
2311,Circular Transfer,A0255,A0223,2,,HIGH,Bi-directional money flow detected
2312,Circular Transfer,A0283,A0147,2,,HIGH,Bi-directional money flow detected
2313,Circular Transfer,A0411,A0496,2,,HIGH,Bi-directional money flow detected
2314,Circular Transfer,A0447,A0142,2,,HIGH,Bi-directional money flow detected
2315,Circular Transfer,A0426,A0051,2,,HIGH,Bi-directional money flow detected
2316,Circular Transfer,A0263,A0407,2,,HIGH,Bi-directional money flow detected
2317,Circular Transfer,A0371,A0125,2,,HIGH,Bi-directional money flow detected
2318,Circular Transfer,A0264,A0482,2,,HIGH,Bi-directional money flow detected
2319,Circular Transfer,A0275,A0002,2,,HIGH,Bi-directional money flow detected
2320,Circular Transfer,A0498,A0312,2,,HIGH,Bi-directional money flow detected
2321,Circular Transfer,A0500,A0236,2,,HIGH,Bi-directional money flow detected
2322,Circular Transfer,A0500,A0453,2,,HIGH,Bi-directional money flow detected
2323,Circular Transfer,A0454,A0490,2,,HIGH,Bi-directional money flow detected
2324,Circular Transfer,A0207,A0167,2,,HIGH,Bi-directional money flow detected
2325,Circular Transfer,A0313,A0196,2,,HIGH,Bi-directional money flow detected
2326,Circular Transfer,A0323,A0060,2,,HIGH,Bi-directional money flow detected
2327,Circular Transfer,A0053,A0385,2,,HIGH,Bi-directional money flow detected
2328,Circular Transfer,A0271,A0413,2,,HIGH,Bi-directional money flow detected
2329,Circular Transfer,A0198,A0235,2,,HIGH,Bi-directional money flow detected
2330,Circular Transfer,A0045,A0314,2,,HIGH,Bi-directional money flow detected
2331,Circular Transfer,A0050,A0344,2,,HIGH,Bi-directional money flow detected
2332,Circular Transfer,A0481,A0047,2,,HIGH,Bi-directional money flow detected
2333,Circular Transfer,A0158,A0447,2,,HIGH,Bi-directional money flow detected
2334,Circular Transfer,A0451,A0303,2,,HIGH,Bi-directional money flow detected
2335,Circular Transfer,A0369,A0265,2,,HIGH,Bi-directional money flow detected
2336,Circular Transfer,A0437,A0019,2,,HIGH,Bi-directional money flow detected
2337,Circular Transfer,A0324,A0088,2,,HIGH,Bi-directional money flow detected
2338,Circular Transfer,A0349,A0454,2,,HIGH,Bi-directional money flow detected
2339,Circular Transfer,A0110,A0408,2,,HIGH,Bi-directional money flow detected
2340,Circular Transfer,A0374,A0196,2,,HIGH,Bi-directional money flow detected
2341,Circular Transfer,A0387,A0168,2,,HIGH,Bi-directional money flow detected
2342,Circular Transfer,A0472,A0458,2,,HIGH,Bi-directional money flow detected
2343,Circular Transfer,A0155,A0056,2,,HIGH,Bi-directional money flow detected
2344,Circular Transfer,A0155,A0396,2,,HIGH,Bi-directional money flow detected
2345,Circular Transfer,A0455,A0338,2,,HIGH,Bi-directional money flow detected
2346,Circular Transfer,A0428,A0343,2,,HIGH,Bi-directional money flow detected
2347,Circular Transfer,A0307,A0167,2,,HIGH,Bi-directional money flow detected
2348,Circular Transfer,A0456,A0057,2,,HIGH,Bi-directional money flow detected
2349,Circular Transfer,A0070,A0290,2,,HIGH,Bi-directional money flow detected
2350,Circular Transfer,A0221,A0172,2,,HIGH,Bi-directional money flow detected
2351,Circular Transfer,A0130,A0039,2,,HIGH,Bi-directional money flow detected
2352,Circular Transfer,A0023,A0005,2,,HIGH,Bi-directional money flow detected
2353,Circular Transfer,A0210,A0381,2,,HIGH,Bi-directional money flow detected
2354,Circular Transfer,A0462,A0145,2,,HIGH,Bi-directional money flow detected
2355,Circular Transfer,A0090,A0059,2,,HIGH,Bi-directional money flow detected
2356,Circular Transfer,A0454,A0373,2,,HIGH,Bi-directional money flow detected
2357,Circular Transfer,A0172,A0454,2,,HIGH,Bi-directional money flow detected
2358,Circular Transfer,A0031,A0290,2,,HIGH,Bi-directional money flow detected
2359,Circular Transfer,A0272,A0141,2,,HIGH,Bi-directional money flow detected
2360,Circular Transfer,A0240,A0169,2,,HIGH,Bi-directional money flow detected
2361,Circular Transfer,A0232,A0422,2,,HIGH,Bi-directional money flow detected
2362,Circular Transfer,A0240,A0409,2,,HIGH,Bi-directional money flow detected
2363,Circular Transfer,A0211,A0036,2,,HIGH,Bi-directional money flow detected
2364,Circular Transfer,A0172,A0493,2,,HIGH,Bi-directional money flow detected
2365,Circular Transfer,A0218,A0146,2,,HIGH,Bi-directional money flow detected
2366,Circular Transfer,A0484,A0167,2,,HIGH,Bi-directional money flow detected
2367,Circular Transfer,A0333,A0256,2,,HIGH,Bi-directional money flow detected
2368,Circular Transfer,A0359,A0093,2,,HIGH,Bi-directional money flow detected
2369,Circular Transfer,A0032,A0268,2,,HIGH,Bi-directional money flow detected
2370,Circular Transfer,A0067,A0116,2,,HIGH,Bi-directional money flow detected
2371,Circular Transfer,A0364,A0336,2,,HIGH,Bi-directional money flow detected
2372,Circular Transfer,A0222,A0408,2,,HIGH,Bi-directional money flow detected
2373,Circular Transfer,A0481,A0373,2,,HIGH,Bi-directional money flow detected
2374,Circular Transfer,A0282,A0039,2,,HIGH,Bi-directional money flow detected
2375,Circular Transfer,A0478,A0451,2,,HIGH,Bi-directional money flow detected
2376,Circular Transfer,A0105,A0335,2,,HIGH,Bi-directional money flow detected
2377,Circular Transfer,A0137,A0258,2,,HIGH,Bi-directional money flow detected
2378,Circular Transfer,A0348,A0047,2,,HIGH,Bi-directional money flow detected
2379,Circular Transfer,A0318,A0092,2,,HIGH,Bi-directional money flow detected
2380,Circular Transfer,A0469,A0067,2,,HIGH,Bi-directional money flow detected
2381,Circular Transfer,A0202,A0227,2,,HIGH,Bi-directional money flow detected
2382,Circular Transfer,A0237,A0186,2,,HIGH,Bi-directional money flow detected
2383,Circular Transfer,A0168,A0467,2,,HIGH,Bi-directional money flow detected
2384,Circular Transfer,A0495,A0142,2,,HIGH,Bi-directional money flow detected
2385,Circular Transfer,A0024,A0006,2,,HIGH,Bi-directional money flow detected
2386,Circular Transfer,A0090,A0452,2,,HIGH,Bi-directional money flow detected
2387,Circular Transfer,A0253,A0370,2,,HIGH,Bi-directional money flow detected
2388,Circular Transfer,A0234,A0204,2,,HIGH,Bi-directional money flow detected
2389,Circular Transfer,A0282,A0461,2,,HIGH,Bi-directional money flow detected
2390,Circular Transfer,A0313,A0114,2,,HIGH,Bi-directional money flow detected
2391,Circular Transfer,A0023,A0380,2,,HIGH,Bi-directional money flow detected
2392,Circular Transfer,A0084,A0152,2,,HIGH,Bi-directional money flow detected
2393,Circular Transfer,A0318,A0057,2,,HIGH,Bi-directional money flow detected
2394,Circular Transfer,A0457,A0134,2,,HIGH,Bi-directional money flow detected
2395,Circular Transfer,A0245,A0432,2,,HIGH,Bi-directional money flow detected
2396,Circular Transfer,A0190,A0223,2,,HIGH,Bi-directional money flow detected
2397,Circular Transfer,A0085,A0475,2,,HIGH,Bi-directional money flow detected
2398,Circular Transfer,A0366,A0472,2,,HIGH,Bi-directional money flow detected
2399,Circular Transfer,A0051,A0065,2,,HIGH,Bi-directional money flow detected
2400,Circular Transfer,A0086,A0220,2,,HIGH,Bi-directional money flow detected
2401,Circular Transfer,A0453,A0156,2,,HIGH,Bi-directional money flow detected
2402,Circular Transfer,A0277,A0223,2,,HIGH,Bi-directional money flow detected
2403,Circular Transfer,A0306,A0205,2,,HIGH,Bi-directional money flow detected
2404,Circular Transfer,A0306,A0390,2,,HIGH,Bi-directional money flow detected
2405,Circular Transfer,A0094,A0207,2,,HIGH,Bi-directional money flow detected
2406,Circular Transfer,A0393,A0193,2,,HIGH,Bi-directional money flow detected
2407,Circular Transfer,A0307,A0230,2,,HIGH,Bi-directional money flow detected
2408,Circular Transfer,A0037,A0125,2,,HIGH,Bi-directional money flow detected
2409,Circular Transfer,A0302,A0223,2,,HIGH,Bi-directional money flow detected
2410,Circular Transfer,A0111,A0162,2,,HIGH,Bi-directional money flow detected
2411,Circular Transfer,A0363,A0036,2,,HIGH,Bi-directional money flow detected
2412,Circular Transfer,A0415,A0132,2,,HIGH,Bi-directional money flow detected
2413,Circular Transfer,A0323,A0176,2,,HIGH,Bi-directional money flow detected
2414,Circular Transfer,A0384,A0022,2,,HIGH,Bi-directional money flow detected
2415,Circular Transfer,A0044,A0334,2,,HIGH,Bi-directional money flow detected
2416,Circular Transfer,A0274,A0179,2,,HIGH,Bi-directional money flow detected
2417,Circular Transfer,A0249,A0422,2,,HIGH,Bi-directional money flow detected
2418,Circular Transfer,A0012,A0150,2,,HIGH,Bi-directional money flow detected
2419,Circular Transfer,A0472,A0227,2,,HIGH,Bi-directional money flow detected
2420,Circular Transfer,A0196,A0321,2,,HIGH,Bi-directional money flow detected
2421,Circular Transfer,A0106,A0190,2,,HIGH,Bi-directional money flow detected
2422,Circular Transfer,A0287,A0073,2,,HIGH,Bi-directional money flow detected
2423,Circular Transfer,A0458,A0487,2,,HIGH,Bi-directional money flow detected
2424,Circular Transfer,A0461,A0012,2,,HIGH,Bi-directional money flow detected
2425,Circular Transfer,A0344,A0105,2,,HIGH,Bi-directional money flow detected
2426,Circular Transfer,A0149,A0341,2,,HIGH,Bi-directional money flow detected
2427,Circular Transfer,A0454,A0101,2,,HIGH,Bi-directional money flow detected
2428,Circular Transfer,A0495,A0229,2,,HIGH,Bi-directional money flow detected
2429,Circular Transfer,A0070,A0056,2,,HIGH,Bi-directional money flow detected
2430,Circular Transfer,A0070,A0396,2,,HIGH,Bi-directional money flow detected
2431,Circular Transfer,A0111,A0401,2,,HIGH,Bi-directional money flow detected
2432,Circular Transfer,A0454,A0371,2,,HIGH,Bi-directional money flow detected
2433,Circular Transfer,A0495,A0059,2,,HIGH,Bi-directional money flow detected
2434,Circular Transfer,A0435,A0281,2,,HIGH,Bi-directional money flow detected
2435,Circular Transfer,A0482,A0076,2,,HIGH,Bi-directional money flow detected
2436,Circular Transfer,A0273,A0278,2,,HIGH,Bi-directional money flow detected
2437,Circular Transfer,A0015,A0276,2,,HIGH,Bi-directional money flow detected
2438,Circular Transfer,A0428,A0490,2,,HIGH,Bi-directional money flow detected
2439,Circular Transfer,A0235,A0122,2,,HIGH,Bi-directional money flow detected
2440,Circular Transfer,A0304,A0325,2,,HIGH,Bi-directional money flow detected
2441,Circular Transfer,A0057,A0362,2,,HIGH,Bi-directional money flow detected
2442,Circular Transfer,A0472,A0369,2,,HIGH,Bi-directional money flow detected
2443,Circular Transfer,A0077,A0081,2,,HIGH,Bi-directional money flow detected
2444,Circular Transfer,A0304,A0129,2,,HIGH,Bi-directional money flow detected
2445,Circular Transfer,A0454,A0028,2,,HIGH,Bi-directional money flow detected
2446,Circular Transfer,A0160,A0418,2,,HIGH,Bi-directional money flow detected
2447,Circular Transfer,A0369,A0354,2,,HIGH,Bi-directional money flow detected
2448,Circular Transfer,A0084,A0112,2,,HIGH,Bi-directional money flow detected
2449,Circular Transfer,A0452,A0156,2,,HIGH,Bi-directional money flow detected
2450,Circular Transfer,A0377,A0331,2,,HIGH,Bi-directional money flow detected
2451,Circular Transfer,A0399,A0271,2,,HIGH,Bi-directional money flow detected
2452,Circular Transfer,A0109,A0023,2,,HIGH,Bi-directional money flow detected
2453,Circular Transfer,A0319,A0473,2,,HIGH,Bi-directional money flow detected
2454,Circular Transfer,A0377,A0104,2,,HIGH,Bi-directional money flow detected
2455,Circular Transfer,A0333,A0050,2,,HIGH,Bi-directional money flow detected
2456,Circular Transfer,A0076,A0464,2,,HIGH,Bi-directional money flow detected
2457,Circular Transfer,A0302,A0189,2,,HIGH,Bi-directional money flow detected
2458,Circular Transfer,A0416,A0231,2,,HIGH,Bi-directional money flow detected
2459,Circular Transfer,A0229,A0294,2,,HIGH,Bi-directional money flow detected
2460,Circular Transfer,A0047,A0314,2,,HIGH,Bi-directional money flow detected
2461,Circular Transfer,A0474,A0389,2,,HIGH,Bi-directional money flow detected
2462,Circular Transfer,A0492,A0208,2,,HIGH,Bi-directional money flow detected
2463,Circular Transfer,A0437,A0451,2,,HIGH,Bi-directional money flow detected
2464,Circular Transfer,A0033,A0131,2,,HIGH,Bi-directional money flow detected
2465,Circular Transfer,A0134,A0157,2,,HIGH,Bi-directional money flow detected
2466,Circular Transfer,A0044,A0198,2,,HIGH,Bi-directional money flow detected
2467,Circular Transfer,A0086,A0123,2,,HIGH,Bi-directional money flow detected
2468,Circular Transfer,A0220,A0484,2,,HIGH,Bi-directional money flow detected
2469,Circular Transfer,A0229,A0056,2,,HIGH,Bi-directional money flow detected
2470,Circular Transfer,A0146,A0237,2,,HIGH,Bi-directional money flow detected
2471,Circular Transfer,A0207,A0070,2,,HIGH,Bi-directional money flow detected
2472,Circular Transfer,A0191,A0009,2,,HIGH,Bi-directional money flow detected
2473,Circular Transfer,A0203,A0249,2,,HIGH,Bi-directional money flow detected
2474,Circular Transfer,A0208,A0255,2,,HIGH,Bi-directional money flow detected
2475,Circular Transfer,A0358,A0409,2,,HIGH,Bi-directional money flow detected
2476,Circular Transfer,A0233,A0474,2,,HIGH,Bi-directional money flow detected
2477,Circular Transfer,A0053,A0157,2,,HIGH,Bi-directional money flow detected
2478,Circular Transfer,A0375,A0273,2,,HIGH,Bi-directional money flow detected
2479,Circular Transfer,A0478,A0326,2,,HIGH,Bi-directional money flow detected
2480,Circular Transfer,A0407,A0030,2,,HIGH,Bi-directional money flow detected
2481,Circular Transfer,A0409,A0152,2,,HIGH,Bi-directional money flow detected
2482,Circular Transfer,A0278,A0154,2,,HIGH,Bi-directional money flow detected
2483,Circular Transfer,A0147,A0029,2,,HIGH,Bi-directional money flow detected
2484,Circular Transfer,A0217,A0145,2,,HIGH,Bi-directional money flow detected
2485,Circular Transfer,A0028,A0327,2,,HIGH,Bi-directional money flow detected
2486,Circular Transfer,A0120,A0094,2,,HIGH,Bi-directional money flow detected
2487,Circular Transfer,A0386,A0408,2,,HIGH,Bi-directional money flow detected
2488,Circular Transfer,A0052,A0316,2,,HIGH,Bi-directional money flow detected
2489,Circular Transfer,A0423,A0274,2,,HIGH,Bi-directional money flow detected
2490,Circular Transfer,A0244,A0269,2,,HIGH,Bi-directional money flow detected
2491,Circular Transfer,A0358,A0068,2,,HIGH,Bi-directional money flow detected
2492,Circular Transfer,A0052,A0268,2,,HIGH,Bi-directional money flow detected
2493,Circular Transfer,A0095,A0394,2,,HIGH,Bi-directional money flow detected
2494,Circular Transfer,A0294,A0473,2,,HIGH,Bi-directional money flow detected
2495,Circular Transfer,A0288,A0483,2,,HIGH,Bi-directional money flow detected
2496,Circular Transfer,A0126,A0371,2,,HIGH,Bi-directional money flow detected
2497,Circular Transfer,A0234,A0093,2,,HIGH,Bi-directional money flow detected
2498,Circular Transfer,A0213,A0155,2,,HIGH,Bi-directional money flow detected
2499,Circular Transfer,A0155,A0054,2,,HIGH,Bi-directional money flow detected
2500,Circular Transfer,A0115,A0410,2,,HIGH,Bi-directional money flow detected
2501,Circular Transfer,A0151,A0227,2,,HIGH,Bi-directional money flow detected
2502,Circular Transfer,A0448,A0277,2,,HIGH,Bi-directional money flow detected
2503,Circular Transfer,A0332,A0101,2,,HIGH,Bi-directional money flow detected
2504,Circular Transfer,A0130,A0235,2,,HIGH,Bi-directional money flow detected
2505,Circular Transfer,A0249,A0435,2,,HIGH,Bi-directional money flow detected
2506,Circular Transfer,A0056,A0356,2,,HIGH,Bi-directional money flow detected
2507,Circular Transfer,A0434,A0472,2,,HIGH,Bi-directional money flow detected
2508,Circular Transfer,A0181,A0176,2,,HIGH,Bi-directional money flow detected
2509,Circular Transfer,A0125,A0478,2,,HIGH,Bi-directional money flow detected
2510,Circular Transfer,A0256,A0485,2,,HIGH,Bi-directional money flow detected
2511,Circular Transfer,A0335,A0276,2,,HIGH,Bi-directional money flow detected
2512,Circular Transfer,A0309,A0254,2,,HIGH,Bi-directional money flow detected
2513,Circular Transfer,A0138,A0438,2,,HIGH,Bi-directional money flow detected
2514,Circular Transfer,A0253,A0068,2,,HIGH,Bi-directional money flow detected
2515,Circular Transfer,A0208,A0222,2,,HIGH,Bi-directional money flow detected
2516,Circular Transfer,A0109,A0124,2,,HIGH,Bi-directional money flow detected
2517,Circular Transfer,A0389,A0338,2,,HIGH,Bi-directional money flow detected
2518,Circular Transfer,A0061,A0256,2,,HIGH,Bi-directional money flow detected
2519,Circular Transfer,A0188,A0487,2,,HIGH,Bi-directional money flow detected
2520,Circular Transfer,A0236,A0007,2,,HIGH,Bi-directional money flow detected
2521,Circular Transfer,A0215,A0396,2,,HIGH,Bi-directional money flow detected
2522,Circular Transfer,A0456,A0187,2,,HIGH,Bi-directional money flow detected
2523,Circular Transfer,A0223,A0017,2,,HIGH,Bi-directional money flow detected
2524,Circular Transfer,A0450,A0481,2,,HIGH,Bi-directional money flow detected
2525,Circular Transfer,A0308,A0042,2,,HIGH,Bi-directional money flow detected
2526,Circular Transfer,A0414,A0171,2,,HIGH,Bi-directional money flow detected
2527,Circular Transfer,A0222,A0460,2,,HIGH,Bi-directional money flow detected
2528,Circular Transfer,A0353,A0354,2,,HIGH,Bi-directional money flow detected
2529,Circular Transfer,A0131,A0021,2,,HIGH,Bi-directional money flow detected
2530,Circular Transfer,A0422,A0236,2,,HIGH,Bi-directional money flow detected
2531,Circular Transfer,A0186,A0113,2,,HIGH,Bi-directional money flow detected
2532,Circular Transfer,A0133,A0056,2,,HIGH,Bi-directional money flow detected
2533,Circular Transfer,A0436,A0013,2,,HIGH,Bi-directional money flow detected
2534,Circular Transfer,A0106,A0470,2,,HIGH,Bi-directional money flow detected
2535,Circular Transfer,A0009,A0242,2,,HIGH,Bi-directional money flow detected
2536,Circular Transfer,A0052,A0002,2,,HIGH,Bi-directional money flow detected
2537,Circular Transfer,A0011,A0024,2,,HIGH,Bi-directional money flow detected
2538,Circular Transfer,A0294,A0295,2,,HIGH,Bi-directional money flow detected
2539,Circular Transfer,A0287,A0286,2,,HIGH,Bi-directional money flow detected
2540,Circular Transfer,A0370,A0080,2,,HIGH,Bi-directional money flow detected
2541,Circular Transfer,A0281,A0485,2,,HIGH,Bi-directional money flow detected
2542,Circular Transfer,A0190,A0338,2,,HIGH,Bi-directional money flow detected
2543,Circular Transfer,A0160,A0294,2,,HIGH,Bi-directional money flow detected
2544,Circular Transfer,A0500,A0122,2,,HIGH,Bi-directional money flow detected
2545,Circular Transfer,A0131,A0265,2,,HIGH,Bi-directional money flow detected
2546,Circular Transfer,A0151,A0059,2,,HIGH,Bi-directional money flow detected
2547,Circular Transfer,A0177,A0300,2,,HIGH,Bi-directional money flow detected
2548,Circular Transfer,A0223,A0125,2,,HIGH,Bi-directional money flow detected
2549,Circular Transfer,A0155,A0092,2,,HIGH,Bi-directional money flow detected
2550,Circular Transfer,A0002,A0239,2,,HIGH,Bi-directional money flow detected
2551,Circular Transfer,A0214,A0049,2,,HIGH,Bi-directional money flow detected
2552,Circular Transfer,A0252,A0052,2,,HIGH,Bi-directional money flow detected
2553,Circular Transfer,A0482,A0382,2,,HIGH,Bi-directional money flow detected
2554,Circular Transfer,A0257,A0468,2,,HIGH,Bi-directional money flow detected
2555,Circular Transfer,A0223,A0330,2,,HIGH,Bi-directional money flow detected
2556,Circular Transfer,A0005,A0354,2,,HIGH,Bi-directional money flow detected
2557,Circular Transfer,A0347,A0455,2,,HIGH,Bi-directional money flow detected
2558,Circular Transfer,A0221,A0369,2,,HIGH,Bi-directional money flow detected
2559,Circular Transfer,A0108,A0500,2,,HIGH,Bi-directional money flow detected
2560,Circular Transfer,A0110,A0040,2,,HIGH,Bi-directional money flow detected
2561,Circular Transfer,A0210,A0322,2,,HIGH,Bi-directional money flow detected
2562,Circular Transfer,A0126,A0071,2,,HIGH,Bi-directional money flow detected
2563,Circular Transfer,A0167,A0131,2,,HIGH,Bi-directional money flow detected
2564,Circular Transfer,A0221,A0149,2,,HIGH,Bi-directional money flow detected
2565,Circular Transfer,A0309,A0294,2,,HIGH,Bi-directional money flow detected
2566,Circular Transfer,A0069,A0448,2,,HIGH,Bi-directional money flow detected
2567,Circular Transfer,A0378,A0106,2,,HIGH,Bi-directional money flow detected
2568,Circular Transfer,A0007,A0278,2,,HIGH,Bi-directional money flow detected
2569,Circular Transfer,A0433,A0351,2,,HIGH,Bi-directional money flow detected
2570,Circular Transfer,A0184,A0347,2,,HIGH,Bi-directional money flow detected
2571,Circular Transfer,A0167,A0118,2,,HIGH,Bi-directional money flow detected
2572,Circular Transfer,A0226,A0104,2,,HIGH,Bi-directional money flow detected
2573,Circular Transfer,A0075,A0042,2,,HIGH,Bi-directional money flow detected
2574,Circular Transfer,A0464,A0272,2,,HIGH,Bi-directional money flow detected
2575,Circular Transfer,A0313,A0477,2,,HIGH,Bi-directional money flow detected
2576,Circular Transfer,A0274,A0053,2,,HIGH,Bi-directional money flow detected
2577,Circular Transfer,A0312,A0160,2,,HIGH,Bi-directional money flow detected
2578,Circular Transfer,A0012,A0351,2,,HIGH,Bi-directional money flow detected
2579,Circular Transfer,A0471,A0127,2,,HIGH,Bi-directional money flow detected
2580,Circular Transfer,A0406,A0005,2,,HIGH,Bi-directional money flow detected
2581,Circular Transfer,A0431,A0272,2,,HIGH,Bi-directional money flow detected
2582,Circular Transfer,A0306,A0440,2,,HIGH,Bi-directional money flow detected
2583,Circular Transfer,A0493,A0078,2,,HIGH,Bi-directional money flow detected
2584,Circular Transfer,A0192,A0180,2,,HIGH,Bi-directional money flow detected
2585,Circular Transfer,A0247,A0046,2,,HIGH,Bi-directional money flow detected
2586,Circular Transfer,A0230,A0409,2,,HIGH,Bi-directional money flow detected
2587,Circular Transfer,A0373,A0422,2,,HIGH,Bi-directional money flow detected
2588,Circular Transfer,A0242,A0245,2,,HIGH,Bi-directional money flow detected
2589,Circular Transfer,A0206,A0035,2,,HIGH,Bi-directional money flow detected
2590,Circular Transfer,A0115,A0360,2,,HIGH,Bi-directional money flow detected
2591,Circular Transfer,A0209,A0292,2,,HIGH,Bi-directional money flow detected
2592,Circular Transfer,A0058,A0361,2,,HIGH,Bi-directional money flow detected
2593,Circular Transfer,A0444,A0486,2,,HIGH,Bi-directional money flow detected
2594,Circular Transfer,A0165,A0449,2,,HIGH,Bi-directional money flow detected
2595,Circular Transfer,A0094,A0154,2,,HIGH,Bi-directional money flow detected
2596,Circular Transfer,A0202,A0240,2,,HIGH,Bi-directional money flow detected
2597,Circular Transfer,A0288,A0133,2,,HIGH,Bi-directional money flow detected
2598,Circular Transfer,A0291,A0234,2,,HIGH,Bi-directional money flow detected
2599,Circular Transfer,A0191,A0230,2,,HIGH,Bi-directional money flow detected
2600,Circular Transfer,A0056,A0106,2,,HIGH,Bi-directional money flow detected
2601,Circular Transfer,A0187,A0500,2,,HIGH,Bi-directional money flow detected
2602,Circular Transfer,A0104,A0446,2,,HIGH,Bi-directional money flow detected
2603,Circular Transfer,A0494,A0443,2,,HIGH,Bi-directional money flow detected
2604,Circular Transfer,A0481,A0249,2,,HIGH,Bi-directional money flow detected
2605,Circular Transfer,A0138,A0256,2,,HIGH,Bi-directional money flow detected
2606,Circular Transfer,A0010,A0319,2,,HIGH,Bi-directional money flow detected
2607,Circular Transfer,A0257,A0332,2,,HIGH,Bi-directional money flow detected
2608,Circular Transfer,A0395,A0057,2,,HIGH,Bi-directional money flow detected
2609,Circular Transfer,A0475,A0022,2,,HIGH,Bi-directional money flow detected
2610,Circular Transfer,A0334,A0186,2,,HIGH,Bi-directional money flow detected
2611,Circular Transfer,A0101,A0151,2,,HIGH,Bi-directional money flow detected
2612,Circular Transfer,A0210,A0083,2,,HIGH,Bi-directional money flow detected
2613,Circular Transfer,A0161,A0341,2,,HIGH,Bi-directional money flow detected
2614,Circular Transfer,A0190,A0382,2,,HIGH,Bi-directional money flow detected
2615,Circular Transfer,A0318,A0046,2,,HIGH,Bi-directional money flow detected
2616,Circular Transfer,A0353,A0413,2,,HIGH,Bi-directional money flow detected
2617,Circular Transfer,A0466,A0495,2,,HIGH,Bi-directional money flow detected
2618,Circular Transfer,A0214,A0427,2,,HIGH,Bi-directional money flow detected
2619,Circular Transfer,A0322,A0157,2,,HIGH,Bi-directional money flow detected
2620,Circular Transfer,A0125,A0435,2,,HIGH,Bi-directional money flow detected
2621,Circular Transfer,A0216,A0324,2,,HIGH,Bi-directional money flow detected
2622,Circular Transfer,A0222,A0328,2,,HIGH,Bi-directional money flow detected
2623,Circular Transfer,A0130,A0172,2,,HIGH,Bi-directional money flow detected
2624,Circular Transfer,A0461,A0473,2,,HIGH,Bi-directional money flow detected
2625,Circular Transfer,A0421,A0419,2,,HIGH,Bi-directional money flow detected
2626,Circular Transfer,A0244,A0316,2,,HIGH,Bi-directional money flow detected
2627,Circular Transfer,A0412,A0213,2,,HIGH,Bi-directional money flow detected
2628,Circular Transfer,A0037,A0050,2,,HIGH,Bi-directional money flow detected
2629,Circular Transfer,A0047,A0074,2,,HIGH,Bi-directional money flow detected
2630,Circular Transfer,A0489,A0355,2,,HIGH,Bi-directional money flow detected
2631,Circular Transfer,A0473,A0001,2,,HIGH,Bi-directional money flow detected
2632,Circular Transfer,A0182,A0046,2,,HIGH,Bi-directional money flow detected
2633,Circular Transfer,A0112,A0498,2,,HIGH,Bi-directional money flow detected
2634,Circular Transfer,A0039,A0491,2,,HIGH,Bi-directional money flow detected
2635,Circular Transfer,A0441,A0271,2,,HIGH,Bi-directional money flow detected
2636,Circular Transfer,A0055,A0230,2,,HIGH,Bi-directional money flow detected
2637,Circular Transfer,A0213,A0097,2,,HIGH,Bi-directional money flow detected
2638,Circular Transfer,A0120,A0309,2,,HIGH,Bi-directional money flow detected
2639,Circular Transfer,A0036,A0158,2,,HIGH,Bi-directional money flow detected
2640,Circular Transfer,A0067,A0338,2,,HIGH,Bi-directional money flow detected
2641,Circular Transfer,A0119,A0333,2,,HIGH,Bi-directional money flow detected
2642,Circular Transfer,A0165,A0075,2,,HIGH,Bi-directional money flow detected
2643,Circular Transfer,A0303,A0152,2,,HIGH,Bi-directional money flow detected
2644,Circular Transfer,A0200,A0013,2,,HIGH,Bi-directional money flow detected
2645,Circular Transfer,A0073,A0213,2,,HIGH,Bi-directional money flow detected
2646,Circular Transfer,A0211,A0288,2,,HIGH,Bi-directional money flow detected
2647,Circular Transfer,A0357,A0371,2,,HIGH,Bi-directional money flow detected
2648,Circular Transfer,A0481,A0244,2,,HIGH,Bi-directional money flow detected
2649,Circular Transfer,A0139,A0297,2,,HIGH,Bi-directional money flow detected
2650,Circular Transfer,A0121,A0142,2,,HIGH,Bi-directional money flow detected
2651,Circular Transfer,A0393,A0265,2,,HIGH,Bi-directional money flow detected
2652,Circular Transfer,A0018,A0495,2,,HIGH,Bi-directional money flow detected
2653,Circular Transfer,A0052,A0090,2,,HIGH,Bi-directional money flow detected
2654,Circular Transfer,A0373,A0377,2,,HIGH,Bi-directional money flow detected
2655,Circular Transfer,A0224,A0216,2,,HIGH,Bi-directional money flow detected
2656,Circular Transfer,A0005,A0288,2,,HIGH,Bi-directional money flow detected
2657,Circular Transfer,A0097,A0257,2,,HIGH,Bi-directional money flow detected
2658,Circular Transfer,A0499,A0479,2,,HIGH,Bi-directional money flow detected
2659,Circular Transfer,A0021,A0075,2,,HIGH,Bi-directional money flow detected
2660,Circular Transfer,A0030,A0411,2,,HIGH,Bi-directional money flow detected
2661,Circular Transfer,A0044,A0375,2,,HIGH,Bi-directional money flow detected
2662,Circular Transfer,A0083,A0021,2,,HIGH,Bi-directional money flow detected
2663,Circular Transfer,A0077,A0308,2,,HIGH,Bi-directional money flow detected
2664,Circular Transfer,A0386,A0026,2,,HIGH,Bi-directional money flow detected
2665,Circular Transfer,A0135,A0389,2,,HIGH,Bi-directional money flow detected
2666,Circular Transfer,A0183,A0098,2,,HIGH,Bi-directional money flow detected
2667,Circular Transfer,A0213,A0458,2,,HIGH,Bi-directional money flow detected
2668,Circular Transfer,A0436,A0484,2,,HIGH,Bi-directional money flow detected
2669,Circular Transfer,A0137,A0492,2,,HIGH,Bi-directional money flow detected
2670,Circular Transfer,A0463,A0295,2,,HIGH,Bi-directional money flow detected
2671,Circular Transfer,A0187,A0017,2,,HIGH,Bi-directional money flow detected
2672,Circular Transfer,A0479,A0054,2,,HIGH,Bi-directional money flow detected
2673,Circular Transfer,A0262,A0260,2,,HIGH,Bi-directional money flow detected
2674,Circular Transfer,A0396,A0099,2,,HIGH,Bi-directional money flow detected
2675,Circular Transfer,A0248,A0476,2,,HIGH,Bi-directional money flow detected
2676,Circular Transfer,A0335,A0036,2,,HIGH,Bi-directional money flow detected
2677,Circular Transfer,A0292,A0297,2,,HIGH,Bi-directional money flow detected
2678,Circular Transfer,A0145,A0220,2,,HIGH,Bi-directional money flow detected
2679,Circular Transfer,A0018,A0349,2,,HIGH,Bi-directional money flow detected
2680,Circular Transfer,A0312,A0031,2,,HIGH,Bi-directional money flow detected
2681,Circular Transfer,A0477,A0193,2,,HIGH,Bi-directional money flow detected
2682,Circular Transfer,A0063,A0078,2,,HIGH,Bi-directional money flow detected
2683,Circular Transfer,A0482,A0249,2,,HIGH,Bi-directional money flow detected
2684,Circular Transfer,A0477,A0111,2,,HIGH,Bi-directional money flow detected
2685,Circular Transfer,A0440,A0192,2,,HIGH,Bi-directional money flow detected
2686,Circular Transfer,A0290,A0428,2,,HIGH,Bi-directional money flow detected
2687,Circular Transfer,A0287,A0342,2,,HIGH,Bi-directional money flow detected
2688,Circular Transfer,A0479,A0010,2,,HIGH,Bi-directional money flow detected
2689,Circular Transfer,A0015,A0018,2,,HIGH,Bi-directional money flow detected
2690,Circular Transfer,A0001,A0270,2,,HIGH,Bi-directional money flow detected
2691,Circular Transfer,A0103,A0157,2,,HIGH,Bi-directional money flow detected
2692,Circular Transfer,A0029,A0454,2,,HIGH,Bi-directional money flow detected
2693,Circular Transfer,A0229,A0075,2,,HIGH,Bi-directional money flow detected
2694,Circular Transfer,A0129,A0076,2,,HIGH,Bi-directional money flow detected
2695,Circular Transfer,A0326,A0088,2,,HIGH,Bi-directional money flow detected
2696,Circular Transfer,A0350,A0408,2,,HIGH,Bi-directional money flow detected
2697,Circular Transfer,A0484,A0456,2,,HIGH,Bi-directional money flow detected
2698,Circular Transfer,A0234,A0174,2,,HIGH,Bi-directional money flow detected
2699,Circular Transfer,A0446,A0484,2,,HIGH,Bi-directional money flow detected
2700,Circular Transfer,A0083,A0188,2,,HIGH,Bi-directional money flow detected
2701,Circular Transfer,A0294,A0050,2,,HIGH,Bi-directional money flow detected
2702,Circular Transfer,A0325,A0319,2,,HIGH,Bi-directional money flow detected
2703,Circular Transfer,A0338,A0068,2,,HIGH,Bi-directional money flow detected
2704,Circular Transfer,A0097,A0497,2,,HIGH,Bi-directional money flow detected
2705,Circular Transfer,A0335,A0226,2,,HIGH,Bi-directional money flow detected
2706,Circular Transfer,A0263,A0164,2,,HIGH,Bi-directional money flow detected
2707,Circular Transfer,A0364,A0233,2,,HIGH,Bi-directional money flow detected
2708,Circular Transfer,A0369,A0425,2,,HIGH,Bi-directional money flow detected
2709,Circular Transfer,A0357,A0071,2,,HIGH,Bi-directional money flow detected
2710,Circular Transfer,A0207,A0131,2,,HIGH,Bi-directional money flow detected
2711,Circular Transfer,A0252,A0040,2,,HIGH,Bi-directional money flow detected
2712,Circular Transfer,A0228,A0452,2,,HIGH,Bi-directional money flow detected
2713,Circular Transfer,A0460,A0140,2,,HIGH,Bi-directional money flow detected
2714,Circular Transfer,A0009,A0008,2,,HIGH,Bi-directional money flow detected
2715,Circular Transfer,A0339,A0024,2,,HIGH,Bi-directional money flow detected
2716,Circular Transfer,A0080,A0085,2,,HIGH,Bi-directional money flow detected
2717,Circular Transfer,A0405,A0319,2,,HIGH,Bi-directional money flow detected
2718,Circular Transfer,A0167,A0026,2,,HIGH,Bi-directional money flow detected
2719,Circular Transfer,A0260,A0475,2,,HIGH,Bi-directional money flow detected
2720,Circular Transfer,A0074,A0383,2,,HIGH,Bi-directional money flow detected
2721,Circular Transfer,A0270,A0468,2,,HIGH,Bi-directional money flow detected
2722,Circular Transfer,A0097,A0444,2,,HIGH,Bi-directional money flow detected
2723,Circular Transfer,A0108,A0395,2,,HIGH,Bi-directional money flow detected
2724,Circular Transfer,A0128,A0495,2,,HIGH,Bi-directional money flow detected
2725,Circular Transfer,A0229,A0245,2,,HIGH,Bi-directional money flow detected
2726,Circular Transfer,A0086,A0008,2,,HIGH,Bi-directional money flow detected
2727,Circular Transfer,A0281,A0098,2,,HIGH,Bi-directional money flow detected
2728,Circular Transfer,A0169,A0494,2,,HIGH,Bi-directional money flow detected
2729,Circular Transfer,A0092,A0125,2,,HIGH,Bi-directional money flow detected
2730,Circular Transfer,A0421,A0159,2,,HIGH,Bi-directional money flow detected
2731,Circular Transfer,A0248,A0428,2,,HIGH,Bi-directional money flow detected
2732,Circular Transfer,A0239,A0372,2,,HIGH,Bi-directional money flow detected
2733,Circular Transfer,A0077,A0248,2,,HIGH,Bi-directional money flow detected
2734,Circular Transfer,A0421,A0416,2,,HIGH,Bi-directional money flow detected
2735,Circular Transfer,A0085,A0383,2,,HIGH,Bi-directional money flow detected
2736,Circular Transfer,A0187,A0463,2,,HIGH,Bi-directional money flow detected
2737,Circular Transfer,A0172,A0045,2,,HIGH,Bi-directional money flow detected
2738,Circular Transfer,A0076,A0005,2,,HIGH,Bi-directional money flow detected
2739,Circular Transfer,A0104,A0332,2,,HIGH,Bi-directional money flow detected
2740,Circular Transfer,A0105,A0451,2,,HIGH,Bi-directional money flow detected
2741,Circular Transfer,A0070,A0212,2,,HIGH,Bi-directional money flow detected
2742,Circular Transfer,A0064,A0454,2,,HIGH,Bi-directional money flow detected
2743,Circular Transfer,A0068,A0318,2,,HIGH,Bi-directional money flow detected
2744,Circular Transfer,A0278,A0471,2,,HIGH,Bi-directional money flow detected
2745,Circular Transfer,A0025,A0257,2,,HIGH,Bi-directional money flow detected
2746,Circular Transfer,A0308,A0266,2,,HIGH,Bi-directional money flow detected
2747,Circular Transfer,A0469,A0058,2,,HIGH,Bi-directional money flow detected
2748,Circular Transfer,A0482,A0044,2,,HIGH,Bi-directional money flow detected
2749,Circular Transfer,A0085,A0200,2,,HIGH,Bi-directional money flow detected
2750,Circular Transfer,A0042,A0198,2,,HIGH,Bi-directional money flow detected
2751,Circular Transfer,A0191,A0351,2,,HIGH,Bi-directional money flow detected
2752,Circular Transfer,A0212,A0171,2,,HIGH,Bi-directional money flow detected
2753,Circular Transfer,A0352,A0349,2,,HIGH,Bi-directional money flow detected
2754,Circular Transfer,A0260,A0127,2,,HIGH,Bi-directional money flow detected
2755,Circular Transfer,A0343,A0236,2,,HIGH,Bi-directional money flow detected
2756,Circular Transfer,A0243,A0288,2,,HIGH,Bi-directional money flow detected
2757,Circular Transfer,A0076,A0420,2,,HIGH,Bi-directional money flow detected
2758,Circular Transfer,A0308,A0116,2,,HIGH,Bi-directional money flow detected
2759,Circular Transfer,A0058,A0047,2,,HIGH,Bi-directional money flow detected
2760,Circular Transfer,A0486,A0358,2,,HIGH,Bi-directional money flow detected
2761,Circular Transfer,A0484,A0199,2,,HIGH,Bi-directional money flow detected
2762,Circular Transfer,A0057,A0288,2,,HIGH,Bi-directional money flow detected
2763,Circular Transfer,A0025,A0314,2,,HIGH,Bi-directional money flow detected
2764,Circular Transfer,A0284,A0243,2,,HIGH,Bi-directional money flow detected
2765,Circular Transfer,A0026,A0396,2,,HIGH,Bi-directional money flow detected
2766,Circular Transfer,A0425,A0343,2,,HIGH,Bi-directional money flow detected
2767,Circular Transfer,A0254,A0469,2,,HIGH,Bi-directional money flow detected
2768,Circular Transfer,A0315,A0500,2,,HIGH,Bi-directional money flow detected
2769,Circular Transfer,A0136,A0295,2,,HIGH,Bi-directional money flow detected
2770,Circular Transfer,A0196,A0097,2,,HIGH,Bi-directional money flow detected
2771,Circular Transfer,A0050,A0041,2,,HIGH,Bi-directional money flow detected
2772,Circular Transfer,A0376,A0181,2,,HIGH,Bi-directional money flow detected
2773,Circular Transfer,A0149,A0097,2,,HIGH,Bi-directional money flow detected
2774,Circular Transfer,A0446,A0219,2,,HIGH,Bi-directional money flow detected
2775,Circular Transfer,A0210,A0266,2,,HIGH,Bi-directional money flow detected
2776,Circular Transfer,A0430,A0287,2,,HIGH,Bi-directional money flow detected
2777,Circular Transfer,A0057,A0104,2,,HIGH,Bi-directional money flow detected
2778,Circular Transfer,A0010,A0475,2,,HIGH,Bi-directional money flow detected
2779,Circular Transfer,A0061,A0043,2,,HIGH,Bi-directional money flow detected
2780,Circular Transfer,A0053,A0197,2,,HIGH,Bi-directional money flow detected
2781,Circular Transfer,A0053,A0341,2,,HIGH,Bi-directional money flow detected
2782,Circular Transfer,A0084,A0344,2,,HIGH,Bi-directional money flow detected
2783,Circular Transfer,A0004,A0003,2,,HIGH,Bi-directional money flow detected
2784,Circular Transfer,A0039,A0061,2,,HIGH,Bi-directional money flow detected
2785,Circular Transfer,A0066,A0387,2,,HIGH,Bi-directional money flow detected
2786,Circular Transfer,A0030,A0494,2,,HIGH,Bi-directional money flow detected
2787,Circular Transfer,A0266,A0270,2,,HIGH,Bi-directional money flow detected
2788,Circular Transfer,A0468,A0205,2,,HIGH,Bi-directional money flow detected
2789,Circular Transfer,A0009,A0328,2,,HIGH,Bi-directional money flow detected
2790,Circular Transfer,A0458,A0010,2,,HIGH,Bi-directional money flow detected
2791,Circular Transfer,A0462,A0011,2,,HIGH,Bi-directional money flow detected
2792,Circular Transfer,A0473,A0284,2,,HIGH,Bi-directional money flow detected
2793,Circular Transfer,A0154,A0494,2,,HIGH,Bi-directional money flow detected
2794,Circular Transfer,A0156,A0012,2,,HIGH,Bi-directional money flow detected
2795,Circular Transfer,A0351,A0396,2,,HIGH,Bi-directional money flow detected
2796,Circular Transfer,A0211,A0378,2,,HIGH,Bi-directional money flow detected
2797,Circular Transfer,A0052,A0245,2,,HIGH,Bi-directional money flow detected
2798,Circular Transfer,A0378,A0373,2,,HIGH,Bi-directional money flow detected
2799,Circular Transfer,A0154,A0062,2,,HIGH,Bi-directional money flow detected
2800,Circular Transfer,A0347,A0309,2,,HIGH,Bi-directional money flow detected
2801,Circular Transfer,A0056,A0437,2,,HIGH,Bi-directional money flow detected
2802,Circular Transfer,A0426,A0374,2,,HIGH,Bi-directional money flow detected
2803,Circular Transfer,A0183,A0236,2,,HIGH,Bi-directional money flow detected
2804,Circular Transfer,A0149,A0293,2,,HIGH,Bi-directional money flow detected
2805,Circular Transfer,A0365,A0374,2,,HIGH,Bi-directional money flow detected
2806,Circular Transfer,A0343,A0052,2,,HIGH,Bi-directional money flow detected
2807,Circular Transfer,A0149,A0183,2,,HIGH,Bi-directional money flow detected
2808,Circular Transfer,A0416,A0179,2,,HIGH,Bi-directional money flow detected
2809,Circular Transfer,A0274,A0471,2,,HIGH,Bi-directional money flow detected
2810,Circular Transfer,A0038,A0106,2,,HIGH,Bi-directional money flow detected
2811,Circular Transfer,A0191,A0060,2,,HIGH,Bi-directional money flow detected
2812,Circular Transfer,A0314,A0048,2,,HIGH,Bi-directional money flow detected
2813,Circular Transfer,A0105,A0459,2,,HIGH,Bi-directional money flow detected
2814,Circular Transfer,A0373,A0334,2,,HIGH,Bi-directional money flow detected
2815,Circular Transfer,A0366,A0404,2,,HIGH,Bi-directional money flow detected
2816,Circular Transfer,A0317,A0069,2,,HIGH,Bi-directional money flow detected
2817,Circular Transfer,A0189,A0330,2,,HIGH,Bi-directional money flow detected
2818,Circular Transfer,A0394,A0424,2,,HIGH,Bi-directional money flow detected
2819,Circular Transfer,A0018,A0360,2,,HIGH,Bi-directional money flow detected
2820,Circular Transfer,A0366,A0392,2,,HIGH,Bi-directional money flow detected
2821,Circular Transfer,A0454,A0210,2,,HIGH,Bi-directional money flow detected
2822,Circular Transfer,A0279,A0094,2,,HIGH,Bi-directional money flow detected
2823,Circular Transfer,A0261,A0363,2,,HIGH,Bi-directional money flow detected
2824,Circular Transfer,A0129,A0349,2,,HIGH,Bi-directional money flow detected
2825,Circular Transfer,A0284,A0294,2,,HIGH,Bi-directional money flow detected
2826,Circular Transfer,A0189,A0257,2,,HIGH,Bi-directional money flow detected
2827,Circular Transfer,A0196,A0346,2,,HIGH,Bi-directional money flow detected
2828,Circular Transfer,A0380,A0198,2,,HIGH,Bi-directional money flow detected
2829,Circular Transfer,A0249,A0311,2,,HIGH,Bi-directional money flow detected
2830,Circular Transfer,A0263,A0039,2,,HIGH,Bi-directional money flow detected
2831,Circular Transfer,A0463,A0050,2,,HIGH,Bi-directional money flow detected
2832,Circular Transfer,A0500,A0252,2,,HIGH,Bi-directional money flow detected
2833,Circular Transfer,A0030,A0305,2,,HIGH,Bi-directional money flow detected
2834,Circular Transfer,A0123,A0342,2,,HIGH,Bi-directional money flow detected
2835,Circular Transfer,A0149,A0309,2,,HIGH,Bi-directional money flow detected
2836,Circular Transfer,A0236,A0178,2,,HIGH,Bi-directional money flow detected
2837,Circular Transfer,A0402,A0499,2,,HIGH,Bi-directional money flow detected
2838,Circular Transfer,A0271,A0342,2,,HIGH,Bi-directional money flow detected
2839,Circular Transfer,A0262,A0021,2,,HIGH,Bi-directional money flow detected
2840,Circular Transfer,A0196,A0409,2,,HIGH,Bi-directional money flow detected
2841,Circular Transfer,A0435,A0449,2,,HIGH,Bi-directional money flow detected
2842,Circular Transfer,A0099,A0105,2,,HIGH,Bi-directional money flow detected
2843,Circular Transfer,A0079,A0158,2,,HIGH,Bi-directional money flow detected
2844,Circular Transfer,A0446,A0021,2,,HIGH,Bi-directional money flow detected
2845,Circular Transfer,A0436,A0325,2,,HIGH,Bi-directional money flow detected
2846,Circular Transfer,A0057,A0168,2,,HIGH,Bi-directional money flow detected
2847,Circular Transfer,A0333,A0195,2,,HIGH,Bi-directional money flow detected
2848,Circular Transfer,A0426,A0027,2,,HIGH,Bi-directional money flow detected
2849,Circular Transfer,A0116,A0084,2,,HIGH,Bi-directional money flow detected
2850,Circular Transfer,A0147,A0286,2,,HIGH,Bi-directional money flow detected
2851,Circular Transfer,A0155,A0475,2,,HIGH,Bi-directional money flow detected
2852,Circular Transfer,A0290,A0270,2,,HIGH,Bi-directional money flow detected
2853,Circular Transfer,A0307,A0022,2,,HIGH,Bi-directional money flow detected
2854,Circular Transfer,A0282,A0229,2,,HIGH,Bi-directional money flow detected
2855,Circular Transfer,A0436,A0188,2,,HIGH,Bi-directional money flow detected
2856,Circular Transfer,A0290,A0099,2,,HIGH,Bi-directional money flow detected
2857,Circular Transfer,A0012,A0022,2,,HIGH,Bi-directional money flow detected
2858,Circular Transfer,A0435,A0465,2,,HIGH,Bi-directional money flow detected
2859,Circular Transfer,A0021,A0029,2,,HIGH,Bi-directional money flow detected
2860,Circular Transfer,A0441,A0394,2,,HIGH,Bi-directional money flow detected
2861,Circular Transfer,A0133,A0319,2,,HIGH,Bi-directional money flow detected
2862,Circular Transfer,A0263,A0348,2,,HIGH,Bi-directional money flow detected
2863,Circular Transfer,A0453,A0480,2,,HIGH,Bi-directional money flow detected
2864,Circular Transfer,A0126,A0061,2,,HIGH,Bi-directional money flow detected
2865,Circular Transfer,A0235,A0163,2,,HIGH,Bi-directional money flow detected
2866,Circular Transfer,A0236,A0491,2,,HIGH,Bi-directional money flow detected
2867,Circular Transfer,A0374,A0326,2,,HIGH,Bi-directional money flow detected
2868,Circular Transfer,A0303,A0273,2,,HIGH,Bi-directional money flow detected
2869,Circular Transfer,A0355,A0279,2,,HIGH,Bi-directional money flow detected
2870,Circular Transfer,A0430,A0091,2,,HIGH,Bi-directional money flow detected
2871,Circular Transfer,A0438,A0369,2,,HIGH,Bi-directional money flow detected
2872,Circular Transfer,A0099,A0287,2,,HIGH,Bi-directional money flow detected
2873,Circular Transfer,A0383,A0255,2,,HIGH,Bi-directional money flow detected
2874,Circular Transfer,A0458,A0245,2,,HIGH,Bi-directional money flow detected
2875,Circular Transfer,A0423,A0231,2,,HIGH,Bi-directional money flow detected
2876,Circular Transfer,A0209,A0431,2,,HIGH,Bi-directional money flow detected
2877,Circular Transfer,A0235,A0058,2,,HIGH,Bi-directional money flow detected
2878,Circular Transfer,A0099,A0329,2,,HIGH,Bi-directional money flow detected
2879,Circular Transfer,A0270,A0067,2,,HIGH,Bi-directional money flow detected
2880,Circular Transfer,A0345,A0397,2,,HIGH,Bi-directional money flow detected
2881,Circular Transfer,A0234,A0105,2,,HIGH,Bi-directional money flow detected
2882,Circular Transfer,A0122,A0117,2,,HIGH,Bi-directional money flow detected
2883,Circular Transfer,A0330,A0406,2,,HIGH,Bi-directional money flow detected
2884,Circular Transfer,A0293,A0326,2,,HIGH,Bi-directional money flow detected
2885,Circular Transfer,A0105,A0462,2,,HIGH,Bi-directional money flow detected
2886,Circular Transfer,A0403,A0392,2,,HIGH,Bi-directional money flow detected
2887,Circular Transfer,A0156,A0286,2,,HIGH,Bi-directional money flow detected
2888,Circular Transfer,A0300,A0085,2,,HIGH,Bi-directional money flow detected
2889,Circular Transfer,A0153,A0376,2,,HIGH,Bi-directional money flow detected
2890,Circular Transfer,A0250,A0292,2,,HIGH,Bi-directional money flow detected
2891,Circular Transfer,A0227,A0336,2,,HIGH,Bi-directional money flow detected
2892,Circular Transfer,A0404,A0316,2,,HIGH,Bi-directional money flow detected
2893,Circular Transfer,A0251,A0028,2,,HIGH,Bi-directional money flow detected
2894,Circular Transfer,A0388,A0256,2,,HIGH,Bi-directional money flow detected
2895,Circular Transfer,A0074,A0187,2,,HIGH,Bi-directional money flow detected
2896,Circular Transfer,A0012,A0332,2,,HIGH,Bi-directional money flow detected
2897,Circular Transfer,A0281,A0446,2,,HIGH,Bi-directional money flow detected
2898,Circular Transfer,A0127,A0142,2,,HIGH,Bi-directional money flow detected
2899,Circular Transfer,A0205,A0419,2,,HIGH,Bi-directional money flow detected
2900,Circular Transfer,A0198,A0416,2,,HIGH,Bi-directional money flow detected
2901,Circular Transfer,A0204,A0445,2,,HIGH,Bi-directional money flow detected
2902,Circular Transfer,A0362,A0346,2,,HIGH,Bi-directional money flow detected
2903,Circular Transfer,A0323,A0098,2,,HIGH,Bi-directional money flow detected
2904,Circular Transfer,A0129,A0434,2,,HIGH,Bi-directional money flow detected
2905,Circular Transfer,A0054,A0130,2,,HIGH,Bi-directional money flow detected
2906,Circular Transfer,A0231,A0098,2,,HIGH,Bi-directional money flow detected
2907,Circular Transfer,A0076,A0241,2,,HIGH,Bi-directional money flow detected
2908,Circular Transfer,A0474,A0315,2,,HIGH,Bi-directional money flow detected
2909,Circular Transfer,A0338,A0138,2,,HIGH,Bi-directional money flow detected
2910,Circular Transfer,A0031,A0331,2,,HIGH,Bi-directional money flow detected
2911,Circular Transfer,A0413,A0029,2,,HIGH,Bi-directional money flow detected
2912,Circular Transfer,A0031,A0489,2,,HIGH,Bi-directional money flow detected
2913,Circular Transfer,A0246,A0183,2,,HIGH,Bi-directional money flow detected
2914,Circular Transfer,A0400,A0071,2,,HIGH,Bi-directional money flow detected
2915,Circular Transfer,A0489,A0204,2,,HIGH,Bi-directional money flow detected
2916,Circular Transfer,A0384,A0236,2,,HIGH,Bi-directional money flow detected
2917,Circular Transfer,A0139,A0217,2,,HIGH,Bi-directional money flow detected
2918,Circular Transfer,A0206,A0476,2,,HIGH,Bi-directional money flow detected
2919,Circular Transfer,A0175,A0391,2,,HIGH,Bi-directional money flow detected
2920,Circular Transfer,A0022,A0387,2,,HIGH,Bi-directional money flow detected
2921,Circular Transfer,A0217,A0310,2,,HIGH,Bi-directional money flow detected
2922,Circular Transfer,A0173,A0490,2,,HIGH,Bi-directional money flow detected
2923,Circular Transfer,A0371,A0278,2,,HIGH,Bi-directional money flow detected
2924,Circular Transfer,A0258,A0187,2,,HIGH,Bi-directional money flow detected
2925,Circular Transfer,A0188,A0205,2,,HIGH,Bi-directional money flow detected
2926,Circular Transfer,A0370,A0075,2,,HIGH,Bi-directional money flow detected
2927,Circular Transfer,A0441,A0230,2,,HIGH,Bi-directional money flow detected
2928,Circular Transfer,A0256,A0312,2,,HIGH,Bi-directional money flow detected
2929,Circular Transfer,A0140,A0114,2,,HIGH,Bi-directional money flow detected
2930,Circular Transfer,A0202,A0352,2,,HIGH,Bi-directional money flow detected
2931,Circular Transfer,A0286,A0020,2,,HIGH,Bi-directional money flow detected
2932,Circular Transfer,A0093,A0479,2,,HIGH,Bi-directional money flow detected
2933,Circular Transfer,A0358,A0359,2,,HIGH,Bi-directional money flow detected
2934,Circular Transfer,A0459,A0221,2,,HIGH,Bi-directional money flow detected
2935,Circular Transfer,A0481,A0385,2,,HIGH,Bi-directional money flow detected
2936,Circular Transfer,A0489,A0221,2,,HIGH,Bi-directional money flow detected
2937,Circular Transfer,A0382,A0123,2,,HIGH,Bi-directional money flow detected
2938,Circular Transfer,A0227,A0476,2,,HIGH,Bi-directional money flow detected
2939,Circular Transfer,A0014,A0095,2,,HIGH,Bi-directional money flow detected
2940,Circular Transfer,A0183,A0283,2,,HIGH,Bi-directional money flow detected
2941,Circular Transfer,A0143,A0458,2,,HIGH,Bi-directional money flow detected
2942,Circular Transfer,A0240,A0344,2,,HIGH,Bi-directional money flow detected
2943,Circular Transfer,A0358,A0239,2,,HIGH,Bi-directional money flow detected
2944,Circular Transfer,A0305,A0147,2,,HIGH,Bi-directional money flow detected
2945,Circular Transfer,A0194,A0141,2,,HIGH,Bi-directional money flow detected
2946,Circular Transfer,A0063,A0363,2,,HIGH,Bi-directional money flow detected
2947,Circular Transfer,A0074,A0026,2,,HIGH,Bi-directional money flow detected
2948,Circular Transfer,A0055,A0095,2,,HIGH,Bi-directional money flow detected
2949,Circular Transfer,A0110,A0278,2,,HIGH,Bi-directional money flow detected
2950,Circular Transfer,A0078,A0279,2,,HIGH,Bi-directional money flow detected
2951,Circular Transfer,A0443,A0179,2,,HIGH,Bi-directional money flow detected
2952,Circular Transfer,A0426,A0268,2,,HIGH,Bi-directional money flow detected
2953,Circular Transfer,A0377,A0282,2,,HIGH,Bi-directional money flow detected
2954,Circular Transfer,A0227,A0164,2,,HIGH,Bi-directional money flow detected
2955,Circular Transfer,A0291,A0435,2,,HIGH,Bi-directional money flow detected
2956,Circular Transfer,A0287,A0442,2,,HIGH,Bi-directional money flow detected
2957,Circular Transfer,A0034,A0142,2,,HIGH,Bi-directional money flow detected
2958,Circular Transfer,A0402,A0337,2,,HIGH,Bi-directional money flow detected
2959,Circular Transfer,A0087,A0220,2,,HIGH,Bi-directional money flow detected
2960,Circular Transfer,A0326,A0480,2,,HIGH,Bi-directional money flow detected
2961,Circular Transfer,A0472,A0069,2,,HIGH,Bi-directional money flow detected
2962,Circular Transfer,A0070,A0310,2,,HIGH,Bi-directional money flow detected
2963,Circular Transfer,A0471,A0463,2,,HIGH,Bi-directional money flow detected
2964,Circular Transfer,A0122,A0238,2,,HIGH,Bi-directional money flow detected
2965,Circular Transfer,A0089,A0349,2,,HIGH,Bi-directional money flow detected
2966,Circular Transfer,A0378,A0410,2,,HIGH,Bi-directional money flow detected
2967,Circular Transfer,A0070,A0127,2,,HIGH,Bi-directional money flow detected
2968,Circular Transfer,A0288,A0306,2,,HIGH,Bi-directional money flow detected
2969,Circular Transfer,A0364,A0169,2,,HIGH,Bi-directional money flow detected
2970,Circular Transfer,A0430,A0429,2,,HIGH,Bi-directional money flow detected
2971,Circular Transfer,A0437,A0117,2,,HIGH,Bi-directional money flow detected
2972,Circular Transfer,A0359,A0429,2,,HIGH,Bi-directional money flow detected
2973,Circular Transfer,A0056,A0071,2,,HIGH,Bi-directional money flow detected
2974,Circular Transfer,A0059,A0362,2,,HIGH,Bi-directional money flow detected
2975,Circular Transfer,A0141,A0409,2,,HIGH,Bi-directional money flow detected
2976,Circular Transfer,A0445,A0070,2,,HIGH,Bi-directional money flow detected
2977,Circular Transfer,A0267,A0452,2,,HIGH,Bi-directional money flow detected
2978,Circular Transfer,A0054,A0168,2,,HIGH,Bi-directional money flow detected
2979,Circular Transfer,A0312,A0408,2,,HIGH,Bi-directional money flow detected
2980,Circular Transfer,A0116,A0188,2,,HIGH,Bi-directional money flow detected
2981,Circular Transfer,A0108,A0031,2,,HIGH,Bi-directional money flow detected
2982,Circular Transfer,A0322,A0270,2,,HIGH,Bi-directional money flow detected
2983,Circular Transfer,A0263,A0472,2,,HIGH,Bi-directional money flow detected
2984,Circular Transfer,A0236,A0055,2,,HIGH,Bi-directional money flow detected
2985,Circular Transfer,A0248,A0317,2,,HIGH,Bi-directional money flow detected
2986,Circular Transfer,A0345,A0201,2,,HIGH,Bi-directional money flow detected
2987,Circular Transfer,A0174,A0108,2,,HIGH,Bi-directional money flow detected
2988,Circular Transfer,A0494,A0031,2,,HIGH,Bi-directional money flow detected
2989,Circular Transfer,A0299,A0455,2,,HIGH,Bi-directional money flow detected
2990,Circular Transfer,A0144,A0068,2,,HIGH,Bi-directional money flow detected
2991,Circular Transfer,A0374,A0250,2,,HIGH,Bi-directional money flow detected
2992,Circular Transfer,A0184,A0445,2,,HIGH,Bi-directional money flow detected
2993,Circular Transfer,A0380,A0170,2,,HIGH,Bi-directional money flow detected
2994,Circular Transfer,A0174,A0097,2,,HIGH,Bi-directional money flow detected
2995,Circular Transfer,A0350,A0485,2,,HIGH,Bi-directional money flow detected
2996,Circular Transfer,A0012,A0481,2,,HIGH,Bi-directional money flow detected
2997,Circular Transfer,A0284,A0036,2,,HIGH,Bi-directional money flow detected
2998,Circular Transfer,A0075,A0047,2,,HIGH,Bi-directional money flow detected
2999,Circular Transfer,A0426,A0193,2,,HIGH,Bi-directional money flow detected
3000,Circular Transfer,A0378,A0479,2,,HIGH,Bi-directional money flow detected
3001,Circular Transfer,A0225,A0134,2,,HIGH,Bi-directional money flow detected
3002,Circular Transfer,A0410,A0268,2,,HIGH,Bi-directional money flow detected
3003,Circular Transfer,A0105,A0491,2,,HIGH,Bi-directional money flow detected
3004,Circular Transfer,A0299,A0317,2,,HIGH,Bi-directional money flow detected
3005,Circular Transfer,A0449,A0426,2,,HIGH,Bi-directional money flow detected
3006,Circular Transfer,A0051,A0084,2,,HIGH,Bi-directional money flow detected
3007,Circular Transfer,A0446,A0415,2,,HIGH,Bi-directional money flow detected
3008,Circular Transfer,A0412,A0381,2,,HIGH,Bi-directional money flow detected
3009,Circular Transfer,A0470,A0406,2,,HIGH,Bi-directional money flow detected
3010,Circular Transfer,A0076,A0009,2,,HIGH,Bi-directional money flow detected
3011,Circular Transfer,A0242,A0073,2,,HIGH,Bi-directional money flow detected
3012,Circular Transfer,A0296,A0211,2,,HIGH,Bi-directional money flow detected
3013,Circular Transfer,A0446,A0014,2,,HIGH,Bi-directional money flow detected
3014,Circular Transfer,A0182,A0327,2,,HIGH,Bi-directional money flow detected
3015,Circular Transfer,A0269,A0218,2,,HIGH,Bi-directional money flow detected
3016,Circular Transfer,A0375,A0003,2,,HIGH,Bi-directional money flow detected
3017,Circular Transfer,A0426,A0276,2,,HIGH,Bi-directional money flow detected
3018,Circular Transfer,A0249,A0054,2,,HIGH,Bi-directional money flow detected
3019,Circular Transfer,A0200,A0339,2,,HIGH,Bi-directional money flow detected
3020,Circular Transfer,A0147,A0282,2,,HIGH,Bi-directional money flow detected
3021,Circular Transfer,A0373,A0294,2,,HIGH,Bi-directional money flow detected
3022,Circular Transfer,A0420,A0001,2,,HIGH,Bi-directional money flow detected
3023,Circular Transfer,A0428,A0035,2,,HIGH,Bi-directional money flow detected
3024,Circular Transfer,A0203,A0133,2,,HIGH,Bi-directional money flow detected
3025,Circular Transfer,A0330,A0481,2,,HIGH,Bi-directional money flow detected
3026,Circular Transfer,A0255,A0365,2,,HIGH,Bi-directional money flow detected
3027,Circular Transfer,A0099,A0348,2,,HIGH,Bi-directional money flow detected
3028,Circular Transfer,A0105,A0102,2,,HIGH,Bi-directional money flow detected
3029,Circular Transfer,A0028,A0220,2,,HIGH,Bi-directional money flow detected
3030,Circular Transfer,A0117,A0241,2,,HIGH,Bi-directional money flow detected
3031,Circular Transfer,A0061,A0408,2,,HIGH,Bi-directional money flow detected
3032,Circular Transfer,A0064,A0335,2,,HIGH,Bi-directional money flow detected
3033,Circular Transfer,A0191,A0022,2,,HIGH,Bi-directional money flow detected
3034,Circular Transfer,A0163,A0445,2,,HIGH,Bi-directional money flow detected
3035,Circular Transfer,A0234,A0039,2,,HIGH,Bi-directional money flow detected
3036,Circular Transfer,A0220,A0396,2,,HIGH,Bi-directional money flow detected
3037,Circular Transfer,A0225,A0458,2,,HIGH,Bi-directional money flow detected
3038,Circular Transfer,A0269,A0058,2,,HIGH,Bi-directional money flow detected
3039,Circular Transfer,A0151,A0224,2,,HIGH,Bi-directional money flow detected
3040,Circular Transfer,A0255,A0437,2,,HIGH,Bi-directional money flow detected
3041,Circular Transfer,A0464,A0043,2,,HIGH,Bi-directional money flow detected
3042,Circular Transfer,A0121,A0387,2,,HIGH,Bi-directional money flow detected
3043,Circular Transfer,A0329,A0320,2,,HIGH,Bi-directional money flow detected
3044,Circular Transfer,A0382,A0314,2,,HIGH,Bi-directional money flow detected
3045,Circular Transfer,A0471,A0120,2,,HIGH,Bi-directional money flow detected
3046,Circular Transfer,A0442,A0160,2,,HIGH,Bi-directional money flow detected
3047,Circular Transfer,A0038,A0373,2,,HIGH,Bi-directional money flow detected
3048,Circular Transfer,A0301,A0203,2,,HIGH,Bi-directional money flow detected
3049,Circular Transfer,A0471,A0187,2,,HIGH,Bi-directional money flow detected
3050,Circular Transfer,A0424,A0260,2,,HIGH,Bi-directional money flow detected
3051,Circular Transfer,A0019,A0406,2,,HIGH,Bi-directional money flow detected
3052,Circular Transfer,A0257,A0236,2,,HIGH,Bi-directional money flow detected
3053,Circular Transfer,A0280,A0240,2,,HIGH,Bi-directional money flow detected
3054,Circular Transfer,A0245,A0282,2,,HIGH,Bi-directional money flow detected
3055,Circular Transfer,A0154,A0184,2,,HIGH,Bi-directional money flow detected
3056,Circular Transfer,A0057,A0379,2,,HIGH,Bi-directional money flow detected
3057,Circular Transfer,A0357,A0262,2,,HIGH,Bi-directional money flow detected
3058,Circular Transfer,A0326,A0496,2,,HIGH,Bi-directional money flow detected
3059,Circular Transfer,A0168,A0419,2,,HIGH,Bi-directional money flow detected
3060,Circular Transfer,A0184,A0399,2,,HIGH,Bi-directional money flow detected
3061,Circular Transfer,A0362,A0208,2,,HIGH,Bi-directional money flow detected
3062,Circular Transfer,A0236,A0182,2,,HIGH,Bi-directional money flow detected
3063,Circular Transfer,A0055,A0468,2,,HIGH,Bi-directional money flow detected
3064,Circular Transfer,A0443,A0067,2,,HIGH,Bi-directional money flow detected
3065,Circular Transfer,A0410,A0111,2,,HIGH,Bi-directional money flow detected
3066,Circular Transfer,A0360,A0482,2,,HIGH,Bi-directional money flow detected
3067,Circular Transfer,A0443,A0481,2,,HIGH,Bi-directional money flow detected
3068,Circular Transfer,A0284,A0265,2,,HIGH,Bi-directional money flow detected
3069,Circular Transfer,A0012,A0296,2,,HIGH,Bi-directional money flow detected
3070,Circular Transfer,A0106,A0291,2,,HIGH,Bi-directional money flow detected
3071,Circular Transfer,A0394,A0409,2,,HIGH,Bi-directional money flow detected
3072,Circular Transfer,A0166,A0255,2,,HIGH,Bi-directional money flow detected
3073,Circular Transfer,A0111,A0132,2,,HIGH,Bi-directional money flow detected
3074,Circular Transfer,A0369,A0282,2,,HIGH,Bi-directional money flow detected
3075,Circular Transfer,A0105,A0252,2,,HIGH,Bi-directional money flow detected
3076,Circular Transfer,A0113,A0187,2,,HIGH,Bi-directional money flow detected
3077,Circular Transfer,A0303,A0309,2,,HIGH,Bi-directional money flow detected
3078,Circular Transfer,A0386,A0353,2,,HIGH,Bi-directional money flow detected
3079,Circular Transfer,A0099,A0270,2,,HIGH,Bi-directional money flow detected
3080,Circular Transfer,A0442,A0209,2,,HIGH,Bi-directional money flow detected
3081,Circular Transfer,A0371,A0406,2,,HIGH,Bi-directional money flow detected
3082,Circular Transfer,A0308,A0495,2,,HIGH,Bi-directional money flow detected
3083,Circular Transfer,A0035,A0147,2,,HIGH,Bi-directional money flow detected
3084,Circular Transfer,A0059,A0325,2,,HIGH,Bi-directional money flow detected
3085,Circular Transfer,A0138,A0175,2,,HIGH,Bi-directional money flow detected
3086,Circular Transfer,A0361,A0447,2,,HIGH,Bi-directional money flow detected
3087,Circular Transfer,A0476,A0203,2,,HIGH,Bi-directional money flow detected
3088,Circular Transfer,A0059,A0435,2,,HIGH,Bi-directional money flow detected
3089,Circular Transfer,A0249,A0075,2,,HIGH,Bi-directional money flow detected
3090,Circular Transfer,A0097,A0114,2,,HIGH,Bi-directional money flow detected
3091,Circular Transfer,A0134,A0108,2,,HIGH,Bi-directional money flow detected
3092,Circular Transfer,A0060,A0406,2,,HIGH,Bi-directional money flow detected
3093,Circular Transfer,A0267,A0341,2,,HIGH,Bi-directional money flow detected
3094,Circular Transfer,A0117,A0029,2,,HIGH,Bi-directional money flow detected
3095,Circular Transfer,A0014,A0332,2,,HIGH,Bi-directional money flow detected
3096,Circular Transfer,A0319,A0131,2,,HIGH,Bi-directional money flow detected
3097,Circular Transfer,A0119,A0040,2,,HIGH,Bi-directional money flow detected
3098,Circular Transfer,A0025,A0333,2,,HIGH,Bi-directional money flow detected
3099,Circular Transfer,A0227,A0323,2,,HIGH,Bi-directional money flow detected
3100,Circular Transfer,A0351,A0339,2,,HIGH,Bi-directional money flow detected
3101,Circular Transfer,A0146,A0090,2,,HIGH,Bi-directional money flow detected
3102,Circular Transfer,A0295,A0455,2,,HIGH,Bi-directional money flow detected
3103,Circular Transfer,A0291,A0419,2,,HIGH,Bi-directional money flow detected
3104,Circular Transfer,A0291,A0334,2,,HIGH,Bi-directional money flow detected
3105,Circular Transfer,A0224,A0425,2,,HIGH,Bi-directional money flow detected
3106,Circular Transfer,A0301,A0326,2,,HIGH,Bi-directional money flow detected
3107,Circular Transfer,A0440,A0202,2,,HIGH,Bi-directional money flow detected
3108,Circular Transfer,A0277,A0222,2,,HIGH,Bi-directional money flow detected
3109,Circular Transfer,A0404,A0036,2,,HIGH,Bi-directional money flow detected
3110,Circular Transfer,A0367,A0107,2,,HIGH,Bi-directional money flow detected
3111,Circular Transfer,A0435,A0288,2,,HIGH,Bi-directional money flow detected
3112,Circular Transfer,A0185,A0221,2,,HIGH,Bi-directional money flow detected
3113,Circular Transfer,A0434,A0235,2,,HIGH,Bi-directional money flow detected
3114,Circular Transfer,A0042,A0057,2,,HIGH,Bi-directional money flow detected
3115,Circular Transfer,A0024,A0233,2,,HIGH,Bi-directional money flow detected
3116,Circular Transfer,A0314,A0391,2,,HIGH,Bi-directional money flow detected
3117,Circular Transfer,A0039,A0322,2,,HIGH,Bi-directional money flow detected
3118,Circular Transfer,A0121,A0405,2,,HIGH,Bi-directional money flow detected
3119,Circular Transfer,A0432,A0439,2,,HIGH,Bi-directional money flow detected
3120,Circular Transfer,A0409,A0269,2,,HIGH,Bi-directional money flow detected
3121,Circular Transfer,A0495,A0467,2,,HIGH,Bi-directional money flow detected
3122,Circular Transfer,A0318,A0395,2,,HIGH,Bi-directional money flow detected
3123,Circular Transfer,A0376,A0222,2,,HIGH,Bi-directional money flow detected
3124,Circular Transfer,A0083,A0073,2,,HIGH,Bi-directional money flow detected
3125,Circular Transfer,A0236,A0385,2,,HIGH,Bi-directional money flow detected
3126,Circular Transfer,A0076,A0442,2,,HIGH,Bi-directional money flow detected
3127,Circular Transfer,A0453,A0287,2,,HIGH,Bi-directional money flow detected
3128,Circular Transfer,A0269,A0490,2,,HIGH,Bi-directional money flow detected
3129,Circular Transfer,A0293,A0106,2,,HIGH,Bi-directional money flow detected
3130,Circular Transfer,A0412,A0355,2,,HIGH,Bi-directional money flow detected
3131,Circular Transfer,A0102,A0087,2,,HIGH,Bi-directional money flow detected
3132,Circular Transfer,A0058,A0184,2,,HIGH,Bi-directional money flow detected
3133,Circular Transfer,A0192,A0279,2,,HIGH,Bi-directional money flow detected
3134,Circular Transfer,A0349,A0462,2,,HIGH,Bi-directional money flow detected
3135,Circular Transfer,A0132,A0181,2,,HIGH,Bi-directional money flow detected
3136,Circular Transfer,A0466,A0480,2,,HIGH,Bi-directional money flow detected
3137,Circular Transfer,A0312,A0037,2,,HIGH,Bi-directional money flow detected
3138,Circular Transfer,A0471,A0050,2,,HIGH,Bi-directional money flow detected
3139,Circular Transfer,A0242,A0465,2,,HIGH,Bi-directional money flow detected
3140,Circular Transfer,A0187,A0215,2,,HIGH,Bi-directional money flow detected
3141,Circular Transfer,A0013,A0070,2,,HIGH,Bi-directional money flow detected
3142,Circular Transfer,A0227,A0228,2,,HIGH,Bi-directional money flow detected
3143,Circular Transfer,A0255,A0157,2,,HIGH,Bi-directional money flow detected
3144,Circular Transfer,A0029,A0175,2,,HIGH,Bi-directional money flow detected
3145,Circular Transfer,A0449,A0254,2,,HIGH,Bi-directional money flow detected
3146,Circular Transfer,A0188,A0288,2,,HIGH,Bi-directional money flow detected
3147,Circular Transfer,A0417,A0140,2,,HIGH,Bi-directional money flow detected
3148,Circular Transfer,A0328,A0392,2,,HIGH,Bi-directional money flow detected
3149,Circular Transfer,A0263,A0065,2,,HIGH,Bi-directional money flow detected
3150,Circular Transfer,A0286,A0177,2,,HIGH,Bi-directional money flow detected
3151,Circular Transfer,A0118,A0066,2,,HIGH,Bi-directional money flow detected
3152,Circular Transfer,A0253,A0188,2,,HIGH,Bi-directional money flow detected
3153,Circular Transfer,A0007,A0055,2,,HIGH,Bi-directional money flow detected
3154,Circular Transfer,A0119,A0481,2,,HIGH,Bi-directional money flow detected
3155,Circular Transfer,A0137,A0210,2,,HIGH,Bi-directional money flow detected
3156,Circular Transfer,A0022,A0435,2,,HIGH,Bi-directional money flow detected
3157,Circular Transfer,A0407,A0371,2,,HIGH,Bi-directional money flow detected
3158,Circular Transfer,A0393,A0379,2,,HIGH,Bi-directional money flow detected
3159,Circular Transfer,A0282,A0317,2,,HIGH,Bi-directional money flow detected
3160,Circular Transfer,A0276,A0025,2,,HIGH,Bi-directional money flow detected
3161,Circular Transfer,A0095,A0042,2,,HIGH,Bi-directional money flow detected
3162,Circular Transfer,A0007,A0284,2,,HIGH,Bi-directional money flow detected
3163,Circular Transfer,A0397,A0326,2,,HIGH,Bi-directional money flow detected
3164,Circular Transfer,A0322,A0277,2,,HIGH,Bi-directional money flow detected
3165,Circular Transfer,A0309,A0378,2,,HIGH,Bi-directional money flow detected
3166,Circular Transfer,A0429,A0114,2,,HIGH,Bi-directional money flow detected
3167,Circular Transfer,A0179,A0141,2,,HIGH,Bi-directional money flow detected
3168,Circular Transfer,A0146,A0010,2,,HIGH,Bi-directional money flow detected
3169,Circular Transfer,A0129,A0085,2,,HIGH,Bi-directional money flow detected
3170,Circular Transfer,A0472,A0014,2,,HIGH,Bi-directional money flow detected
3171,Circular Transfer,A0403,A0049,2,,HIGH,Bi-directional money flow detected
3172,Circular Transfer,A0315,A0031,2,,HIGH,Bi-directional money flow detected
3173,Circular Transfer,A0023,A0022,2,,HIGH,Bi-directional money flow detected
3174,Circular Transfer,A0224,A0081,2,,HIGH,Bi-directional money flow detected
3175,Circular Transfer,A0281,A0053,2,,HIGH,Bi-directional money flow detected
3176,Circular Transfer,A0073,A0469,2,,HIGH,Bi-directional money flow detected
3177,Circular Transfer,A0375,A0090,2,,HIGH,Bi-directional money flow detected
3178,Circular Transfer,A0347,A0041,2,,HIGH,Bi-directional money flow detected
3179,Circular Transfer,A0296,A0405,2,,HIGH,Bi-directional money flow detected
3180,Circular Transfer,A0463,A0383,2,,HIGH,Bi-directional money flow detected
3181,Circular Transfer,A0491,A0257,2,,HIGH,Bi-directional money flow detected
3182,Circular Transfer,A0371,A0121,2,,HIGH,Bi-directional money flow detected
3183,Circular Transfer,A0479,A0081,2,,HIGH,Bi-directional money flow detected
3184,Circular Transfer,A0109,A0291,2,,HIGH,Bi-directional money flow detected
3185,Circular Transfer,A0468,A0276,2,,HIGH,Bi-directional money flow detected
3186,Circular Transfer,A0475,A0007,2,,HIGH,Bi-directional money flow detected
3187,Circular Transfer,A0269,A0016,2,,HIGH,Bi-directional money flow detected
3188,Circular Transfer,A0242,A0303,2,,HIGH,Bi-directional money flow detected
3189,Circular Transfer,A0270,A0275,2,,HIGH,Bi-directional money flow detected
3190,Circular Transfer,A0121,A0344,2,,HIGH,Bi-directional money flow detected
3191,Circular Transfer,A0367,A0311,2,,HIGH,Bi-directional money flow detected
3192,Circular Transfer,A0437,A0071,2,,HIGH,Bi-directional money flow detected
3193,Circular Transfer,A0168,A0254,2,,HIGH,Bi-directional money flow detected
3194,Circular Transfer,A0187,A0450,2,,HIGH,Bi-directional money flow detected
3195,Circular Transfer,A0319,A0022,2,,HIGH,Bi-directional money flow detected
3196,Circular Transfer,A0062,A0309,2,,HIGH,Bi-directional money flow detected
3197,Circular Transfer,A0064,A0163,2,,HIGH,Bi-directional money flow detected
3198,Circular Transfer,A0269,A0483,2,,HIGH,Bi-directional money flow detected
3199,Circular Transfer,A0146,A0021,2,,HIGH,Bi-directional money flow detected
3200,Circular Transfer,A0159,A0058,2,,HIGH,Bi-directional money flow detected
3201,Circular Transfer,A0395,A0383,2,,HIGH,Bi-directional money flow detected
3202,Circular Transfer,A0150,A0204,2,,HIGH,Bi-directional money flow detected
3203,Circular Transfer,A0463,A0202,2,,HIGH,Bi-directional money flow detected
3204,Circular Transfer,A0018,A0023,2,,HIGH,Bi-directional money flow detected
3205,Circular Transfer,A0178,A0205,2,,HIGH,Bi-directional money flow detected
3206,Circular Transfer,A0276,A0298,2,,HIGH,Bi-directional money flow detected
3207,Circular Transfer,A0190,A0157,2,,HIGH,Bi-directional money flow detected
3208,Circular Transfer,A0125,A0325,2,,HIGH,Bi-directional money flow detected
3209,Circular Transfer,A0193,A0080,2,,HIGH,Bi-directional money flow detected
3210,Circular Transfer,A0424,A0267,2,,HIGH,Bi-directional money flow detected
3211,Circular Transfer,A0406,A0380,2,,HIGH,Bi-directional money flow detected
3212,Circular Transfer,A0443,A0491,2,,HIGH,Bi-directional money flow detected
3213,Circular Transfer,A0366,A0458,2,,HIGH,Bi-directional money flow detected
3214,Circular Transfer,A0464,A0361,2,,HIGH,Bi-directional money flow detected
3215,Circular Transfer,A0469,A0252,2,,HIGH,Bi-directional money flow detected
3216,Circular Transfer,A0200,A0418,2,,HIGH,Bi-directional money flow detected
3217,Circular Transfer,A0394,A0297,2,,HIGH,Bi-directional money flow detected
3218,Circular Transfer,A0425,A0184,2,,HIGH,Bi-directional money flow detected
3219,Circular Transfer,A0326,A0287,2,,HIGH,Bi-directional money flow detected
3220,Circular Transfer,A0109,A0142,2,,HIGH,Bi-directional money flow detected
3221,Circular Transfer,A0271,A0114,2,,HIGH,Bi-directional money flow detected
3222,Circular Transfer,A0137,A0306,2,,HIGH,Bi-directional money flow detected
3223,Circular Transfer,A0078,A0379,2,,HIGH,Bi-directional money flow detected
3224,Circular Transfer,A0277,A0157,2,,HIGH,Bi-directional money flow detected
3225,Circular Transfer,A0060,A0067,2,,HIGH,Bi-directional money flow detected
3226,Circular Transfer,A0474,A0357,2,,HIGH,Bi-directional money flow detected
3227,Circular Transfer,A0239,A0173,2,,HIGH,Bi-directional money flow detected
3228,Circular Transfer,A0090,A0051,2,,HIGH,Bi-directional money flow detected
3229,Circular Transfer,A0416,A0278,2,,HIGH,Bi-directional money flow detected
3230,Circular Transfer,A0405,A0456,2,,HIGH,Bi-directional money flow detected
3231,Circular Transfer,A0396,A0240,2,,HIGH,Bi-directional money flow detected
3232,Circular Transfer,A0454,A0164,2,,HIGH,Bi-directional money flow detected
3233,Circular Transfer,A0321,A0211,2,,HIGH,Bi-directional money flow detected
3234,Circular Transfer,A0309,A0081,2,,HIGH,Bi-directional money flow detected
3235,Circular Transfer,A0445,A0342,2,,HIGH,Bi-directional money flow detected
3236,Circular Transfer,A0222,A0121,2,,HIGH,Bi-directional money flow detected
3237,Circular Transfer,A0258,A0215,2,,HIGH,Bi-directional money flow detected
3238,Circular Transfer,A0481,A0287,2,,HIGH,Bi-directional money flow detected
3239,Circular Transfer,A0209,A0180,2,,HIGH,Bi-directional money flow detected
3240,Circular Transfer,A0471,A0031,2,,HIGH,Bi-directional money flow detected
3241,Circular Transfer,A0186,A0106,2,,HIGH,Bi-directional money flow detected
3242,Circular Transfer,A0118,A0364,2,,HIGH,Bi-directional money flow detected
3243,Circular Transfer,A0150,A0221,2,,HIGH,Bi-directional money flow detected
3244,Circular Transfer,A0021,A0151,2,,HIGH,Bi-directional money flow detected
3245,Circular Transfer,A0152,A0155,2,,HIGH,Bi-directional money flow detected
3246,Circular Transfer,A0302,A0124,2,,HIGH,Bi-directional money flow detected
3247,Circular Transfer,A0424,A0025,2,,HIGH,Bi-directional money flow detected
3248,Circular Transfer,A0214,A0431,2,,HIGH,Bi-directional money flow detected
3249,Circular Transfer,A0262,A0276,2,,HIGH,Bi-directional money flow detected
3250,Circular Transfer,A0452,A0414,2,,HIGH,Bi-directional money flow detected
3251,Circular Transfer,A0352,A0238,2,,HIGH,Bi-directional money flow detected
3252,Circular Transfer,A0260,A0037,2,,HIGH,Bi-directional money flow detected
3253,Circular Transfer,A0063,A0381,2,,HIGH,Bi-directional money flow detected
3254,Circular Transfer,A0403,A0431,2,,HIGH,Bi-directional money flow detected
3255,Circular Transfer,A0245,A0301,2,,HIGH,Bi-directional money flow detected
3256,Circular Transfer,A0081,A0030,2,,HIGH,Bi-directional money flow detected
3257,Circular Transfer,A0036,A0383,2,,HIGH,Bi-directional money flow detected
3258,Circular Transfer,A0291,A0401,2,,HIGH,Bi-directional money flow detected
3259,Circular Transfer,A0252,A0373,2,,HIGH,Bi-directional money flow detected
3260,Circular Transfer,A0214,A0224,2,,HIGH,Bi-directional money flow detected
3261,Circular Transfer,A0321,A0268,2,,HIGH,Bi-directional money flow detected
3262,Circular Transfer,A0203,A0214,2,,HIGH,Bi-directional money flow detected
3263,Circular Transfer,A0269,A0349,2,,HIGH,Bi-directional money flow detected
3264,Circular Transfer,A0187,A0380,2,,HIGH,Bi-directional money flow detected
3265,Circular Transfer,A0330,A0116,2,,HIGH,Bi-directional money flow detected
3266,Circular Transfer,A0475,A0016,2,,HIGH,Bi-directional money flow detected
3267,Circular Transfer,A0392,A0333,2,,HIGH,Bi-directional money flow detected
3268,Circular Transfer,A0464,A0236,2,,HIGH,Bi-directional money flow detected
3269,Circular Transfer,A0007,A0315,2,,HIGH,Bi-directional money flow detected
3270,Circular Transfer,A0194,A0214,2,,HIGH,Bi-directional money flow detected
3271,Circular Transfer,A0274,A0115,2,,HIGH,Bi-directional money flow detected
3272,Circular Transfer,A0333,A0250,2,,HIGH,Bi-directional money flow detected
3273,Circular Transfer,A0223,A0207,2,,HIGH,Bi-directional money flow detected
3274,Circular Transfer,A0200,A0311,2,,HIGH,Bi-directional money flow detected
3275,Circular Transfer,A0450,A0001,2,,HIGH,Bi-directional money flow detected
3276,Circular Transfer,A0348,A0357,2,,HIGH,Bi-directional money flow detected
3277,Circular Transfer,A0017,A0070,2,,HIGH,Bi-directional money flow detected
3278,Circular Transfer,A0168,A0375,2,,HIGH,Bi-directional money flow detected
3279,Circular Transfer,A0419,A0204,2,,HIGH,Bi-directional money flow detected
3280,Circular Transfer,A0028,A0468,2,,HIGH,Bi-directional money flow detected
3281,Circular Transfer,A0429,A0032,2,,HIGH,Bi-directional money flow detected
3282,Circular Transfer,A0202,A0162,2,,HIGH,Bi-directional money flow detected
3283,Circular Transfer,A0431,A0095,2,,HIGH,Bi-directional money flow detected
3284,Circular Transfer,A0394,A0240,2,,HIGH,Bi-directional money flow detected
3285,Circular Transfer,A0191,A0100,2,,HIGH,Bi-directional money flow detected
3286,Circular Transfer,A0260,A0489,2,,HIGH,Bi-directional money flow detected
3287,Circular Transfer,A0024,A0108,2,,HIGH,Bi-directional money flow detected
3288,Circular Transfer,A0403,A0183,2,,HIGH,Bi-directional money flow detected
3289,Circular Transfer,A0308,A0259,2,,HIGH,Bi-directional money flow detected
3290,Circular Transfer,A0161,A0099,2,,HIGH,Bi-directional money flow detected
3291,Circular Transfer,A0187,A0242,2,,HIGH,Bi-directional money flow detected
3292,Circular Transfer,A0486,A0205,2,,HIGH,Bi-directional money flow detected
3293,Circular Transfer,A0024,A0097,2,,HIGH,Bi-directional money flow detected
3294,Circular Transfer,A0116,A0311,2,,HIGH,Bi-directional money flow detected
3295,Circular Transfer,A0243,A0187,2,,HIGH,Bi-directional money flow detected
3296,Circular Transfer,A0209,A0311,2,,HIGH,Bi-directional money flow detected
3297,Circular Transfer,A0272,A0321,2,,HIGH,Bi-directional money flow detected
3298,Circular Transfer,A0240,A0003,2,,HIGH,Bi-directional money flow detected
3299,Circular Transfer,A0255,A0287,2,,HIGH,Bi-directional money flow detected
3300,Circular Transfer,A0416,A0019,2,,HIGH,Bi-directional money flow detected
3301,Circular Transfer,A0069,A0043,2,,HIGH,Bi-directional money flow detected
3302,Circular Transfer,A0261,A0326,2,,HIGH,Bi-directional money flow detected
3303,Circular Transfer,A0384,A0482,2,,HIGH,Bi-directional money flow detected
3304,Circular Transfer,A0228,A0173,2,,HIGH,Bi-directional money flow detected
3305,Circular Transfer,A0394,A0112,2,,HIGH,Bi-directional money flow detected
3306,Circular Transfer,A0334,A0220,2,,HIGH,Bi-directional money flow detected
3307,Circular Transfer,A0458,A0012,2,,HIGH,Bi-directional money flow detected
3308,Circular Transfer,A0470,A0113,2,,HIGH,Bi-directional money flow detected
3309,Circular Transfer,A0175,A0309,2,,HIGH,Bi-directional money flow detected
3310,Circular Transfer,A0142,A0325,2,,HIGH,Bi-directional money flow detected
3311,Circular Transfer,A0362,A0273,2,,HIGH,Bi-directional money flow detected
3312,Circular Transfer,A0473,A0088,2,,HIGH,Bi-directional money flow detected
3313,Circular Transfer,A0135,A0071,2,,HIGH,Bi-directional money flow detected
3314,Circular Transfer,A0481,A0414,2,,HIGH,Bi-directional money flow detected
3315,Circular Transfer,A0356,A0097,2,,HIGH,Bi-directional money flow detected
3316,Circular Transfer,A0116,A0041,2,,HIGH,Bi-directional money flow detected
3317,Circular Transfer,A0003,A0492,2,,HIGH,Bi-directional money flow detected
3318,Circular Transfer,A0373,A0432,2,,HIGH,Bi-directional money flow detected
3319,Circular Transfer,A0200,A0396,2,,HIGH,Bi-directional money flow detected
3320,Circular Transfer,A0217,A0038,2,,HIGH,Bi-directional money flow detected
3321,Circular Transfer,A0341,A0114,2,,HIGH,Bi-directional money flow detected
3322,Circular Transfer,A0170,A0398,2,,HIGH,Bi-directional money flow detected
3323,Circular Transfer,A0019,A0250,2,,HIGH,Bi-directional money flow detected
3324,Circular Transfer,A0235,A0135,2,,HIGH,Bi-directional money flow detected
3325,Circular Transfer,A0171,A0077,2,,HIGH,Bi-directional money flow detected
3326,Circular Transfer,A0050,A0003,2,,HIGH,Bi-directional money flow detected
3327,Circular Transfer,A0187,A0131,2,,HIGH,Bi-directional money flow detected
3328,Circular Transfer,A0455,A0341,2,,HIGH,Bi-directional money flow detected
3329,Circular Transfer,A0251,A0337,2,,HIGH,Bi-directional money flow detected
3330,Circular Transfer,A0060,A0148,2,,HIGH,Bi-directional money flow detected
3331,Circular Transfer,A0289,A0026,2,,HIGH,Bi-directional money flow detected
3332,Circular Transfer,A0207,A0446,2,,HIGH,Bi-directional money flow detected
3333,Circular Transfer,A0352,A0376,2,,HIGH,Bi-directional money flow detected
3334,Circular Transfer,A0485,A0472,2,,HIGH,Bi-directional money flow detected
3335,Circular Transfer,A0202,A0447,2,,HIGH,Bi-directional money flow detected
3336,Circular Transfer,A0092,A0236,2,,HIGH,Bi-directional money flow detected
3337,Circular Transfer,A0272,A0445,2,,HIGH,Bi-directional money flow detected
3338,Circular Transfer,A0411,A0211,2,,HIGH,Bi-directional money flow detected
3339,Circular Transfer,A0110,A0249,2,,HIGH,Bi-directional money flow detected
3340,Circular Transfer,A0095,A0098,2,,HIGH,Bi-directional money flow detected
3341,Circular Transfer,A0213,A0417,2,,HIGH,Bi-directional money flow detected
3342,Circular Transfer,A0134,A0297,2,,HIGH,Bi-directional money flow detected
3343,Circular Transfer,A0217,A0444,2,,HIGH,Bi-directional money flow detected
3344,Circular Transfer,A0307,A0095,2,,HIGH,Bi-directional money flow detected
3345,Circular Transfer,A0297,A0242,2,,HIGH,Bi-directional money flow detected
3346,Circular Transfer,A0405,A0457,2,,HIGH,Bi-directional money flow detected
3347,Circular Transfer,A0133,A0158,2,,HIGH,Bi-directional money flow detected
3348,Circular Transfer,A0020,A0162,2,,HIGH,Bi-directional money flow detected
3349,Circular Transfer,A0373,A0319,2,,HIGH,Bi-directional money flow detected
3350,Circular Transfer,A0236,A0410,2,,HIGH,Bi-directional money flow detected
3351,Circular Transfer,A0407,A0178,2,,HIGH,Bi-directional money flow detected
3352,Circular Transfer,A0252,A0382,2,,HIGH,Bi-directional money flow detected
3353,Circular Transfer,A0313,A0451,2,,HIGH,Bi-directional money flow detected
3354,Circular Transfer,A0239,A0269,2,,HIGH,Bi-directional money flow detected
3355,Circular Transfer,A0104,A0338,2,,HIGH,Bi-directional money flow detected
3356,Circular Transfer,A0454,A0341,2,,HIGH,Bi-directional money flow detected
3357,Circular Transfer,A0058,A0411,2,,HIGH,Bi-directional money flow detected
3358,Circular Transfer,A0335,A0225,2,,HIGH,Bi-directional money flow detected
3359,Circular Transfer,A0439,A0250,2,,HIGH,Bi-directional money flow detected
3360,Circular Transfer,A0012,A0446,2,,HIGH,Bi-directional money flow detected
3361,Circular Transfer,A0197,A0028,2,,HIGH,Bi-directional money flow detected
3362,Circular Transfer,A0177,A0402,2,,HIGH,Bi-directional money flow detected
3363,Circular Transfer,A0174,A0416,2,,HIGH,Bi-directional money flow detected
3364,Circular Transfer,A0478,A0153,2,,HIGH,Bi-directional money flow detected
3365,Circular Transfer,A0394,A0211,2,,HIGH,Bi-directional money flow detected
3366,Circular Transfer,A0481,A0321,2,,HIGH,Bi-directional money flow detected
3367,Circular Transfer,A0434,A0309,2,,HIGH,Bi-directional money flow detected
3368,Circular Transfer,A0055,A0113,2,,HIGH,Bi-directional money flow detected
3369,Circular Transfer,A0059,A0003,2,,HIGH,Bi-directional money flow detected
3370,Circular Transfer,A0314,A0239,2,,HIGH,Bi-directional money flow detected
3371,Circular Transfer,A0024,A0309,2,,HIGH,Bi-directional money flow detected
3372,Circular Transfer,A0326,A0214,2,,HIGH,Bi-directional money flow detected
3373,Circular Transfer,A0251,A0222,2,,HIGH,Bi-directional money flow detected
3374,Circular Transfer,A0166,A0173,2,,HIGH,Bi-directional money flow detected
3375,Circular Transfer,A0447,A0239,2,,HIGH,Bi-directional money flow detected
3376,Circular Transfer,A0152,A0065,2,,HIGH,Bi-directional money flow detected
3377,Circular Transfer,A0462,A0394,2,,HIGH,Bi-directional money flow detected
3378,Circular Transfer,A0409,A0484,2,,HIGH,Bi-directional money flow detected
3379,Circular Transfer,A0110,A0178,2,,HIGH,Bi-directional money flow detected
3380,Circular Transfer,A0375,A0432,2,,HIGH,Bi-directional money flow detected
3381,Circular Transfer,A0193,A0396,2,,HIGH,Bi-directional money flow detected
3382,Circular Transfer,A0190,A0287,2,,HIGH,Bi-directional money flow detected
3383,Circular Transfer,A0123,A0242,2,,HIGH,Bi-directional money flow detected
3384,Circular Transfer,A0315,A0253,2,,HIGH,Bi-directional money flow detected
3385,Circular Transfer,A0434,A0142,2,,HIGH,Bi-directional money flow detected
3386,Circular Transfer,A0465,A0358,2,,HIGH,Bi-directional money flow detected
3387,Circular Transfer,A0264,A0157,2,,HIGH,Bi-directional money flow detected
3388,Circular Transfer,A0452,A0093,2,,HIGH,Bi-directional money flow detected
3389,Circular Transfer,A0060,A0335,2,,HIGH,Bi-directional money flow detected
3390,Circular Transfer,A0087,A0301,2,,HIGH,Bi-directional money flow detected
3391,Circular Transfer,A0274,A0266,2,,HIGH,Bi-directional money flow detected
3392,Circular Transfer,A0089,A0337,2,,HIGH,Bi-directional money flow detected
3393,Circular Transfer,A0126,A0388,2,,HIGH,Bi-directional money flow detected
3394,Circular Transfer,A0182,A0031,2,,HIGH,Bi-directional money flow detected
3395,Circular Transfer,A0283,A0238,2,,HIGH,Bi-directional money flow detected
3396,Circular Transfer,A0117,A0351,2,,HIGH,Bi-directional money flow detected
3397,Circular Transfer,A0155,A0026,2,,HIGH,Bi-directional money flow detected
3398,Circular Transfer,A0108,A0406,2,,HIGH,Bi-directional money flow detected
3399,Circular Transfer,A0029,A0062,2,,HIGH,Bi-directional money flow detected
3400,Circular Transfer,A0085,A0477,2,,HIGH,Bi-directional money flow detected
3401,Circular Transfer,A0036,A0412,2,,HIGH,Bi-directional money flow detected
3402,Circular Transfer,A0494,A0406,2,,HIGH,Bi-directional money flow detected
3403,Circular Transfer,A0415,A0274,2,,HIGH,Bi-directional money flow detected
3404,Circular Transfer,A0104,A0495,2,,HIGH,Bi-directional money flow detected
3405,Circular Transfer,A0075,A0106,2,,HIGH,Bi-directional money flow detected
3406,Circular Transfer,A0005,A0474,2,,HIGH,Bi-directional money flow detected
3407,Circular Transfer,A0449,A0205,2,,HIGH,Bi-directional money flow detected
3408,Circular Transfer,A0352,A0322,2,,HIGH,Bi-directional money flow detected
3409,Circular Transfer,A0291,A0466,2,,HIGH,Bi-directional money flow detected
3410,Circular Transfer,A0133,A0257,2,,HIGH,Bi-directional money flow detected
3411,Circular Transfer,A0268,A0089,2,,HIGH,Bi-directional money flow detected
3412,Circular Transfer,A0012,A0312,2,,HIGH,Bi-directional money flow detected
3413,Circular Transfer,A0428,A0414,2,,HIGH,Bi-directional money flow detected
3414,Circular Transfer,A0432,A0290,2,,HIGH,Bi-directional money flow detected
3415,Circular Transfer,A0063,A0190,2,,HIGH,Bi-directional money flow detected
3416,Circular Transfer,A0053,A0112,2,,HIGH,Bi-directional money flow detected
3417,Circular Transfer,A0270,A0122,2,,HIGH,Bi-directional money flow detected
3418,Circular Transfer,A0068,A0098,2,,HIGH,Bi-directional money flow detected
3419,Circular Transfer,A0460,A0148,2,,HIGH,Bi-directional money flow detected
3420,Circular Transfer,A0078,A0319,2,,HIGH,Bi-directional money flow detected
3421,Circular Transfer,A0158,A0288,2,,HIGH,Bi-directional money flow detected
3422,Circular Transfer,A0073,A0266,2,,HIGH,Bi-directional money flow detected
3423,Circular Transfer,A0407,A0252,2,,HIGH,Bi-directional money flow detected
3424,Circular Transfer,A0480,A0107,2,,HIGH,Bi-directional money flow detected
3425,Circular Transfer,A0426,A0046,2,,HIGH,Bi-directional money flow detected
3426,Circular Transfer,A0398,A0138,2,,HIGH,Bi-directional money flow detected
3427,Circular Transfer,A0268,A0482,2,,HIGH,Bi-directional money flow detected
3428,Circular Transfer,A0106,A0233,2,,HIGH,Bi-directional money flow detected
3429,Circular Transfer,A0253,A0290,2,,HIGH,Bi-directional money flow detected
3430,Circular Transfer,A0290,A0292,2,,HIGH,Bi-directional money flow detected
3431,Circular Transfer,A0044,A0005,2,,HIGH,Bi-directional money flow detected
3432,Circular Transfer,A0449,A0225,2,,HIGH,Bi-directional money flow detected
3433,Circular Transfer,A0187,A0022,2,,HIGH,Bi-directional money flow detected
3434,Circular Transfer,A0003,A0398,2,,HIGH,Bi-directional money flow detected
3435,Circular Transfer,A0215,A0295,2,,HIGH,Bi-directional money flow detected
3436,Circular Transfer,A0346,A0445,2,,HIGH,Bi-directional money flow detected
3437,Circular Transfer,A0435,A0500,2,,HIGH,Bi-directional money flow detected
3438,Circular Transfer,A0171,A0099,2,,HIGH,Bi-directional money flow detected
3439,Circular Transfer,A0264,A0133,2,,HIGH,Bi-directional money flow detected
3440,Circular Transfer,A0468,A0488,2,,HIGH,Bi-directional money flow detected
3441,Circular Transfer,A0329,A0442,2,,HIGH,Bi-directional money flow detected
3442,Circular Transfer,A0187,A0454,2,,HIGH,Bi-directional money flow detected
3443,Circular Transfer,A0178,A0136,2,,HIGH,Bi-directional money flow detected
3444,Circular Transfer,A0072,A0474,2,,HIGH,Bi-directional money flow detected
3445,Circular Transfer,A0432,A0132,2,,HIGH,Bi-directional money flow detected
3446,Circular Transfer,A0098,A0424,2,,HIGH,Bi-directional money flow detected
3447,Circular Transfer,A0390,A0344,2,,HIGH,Bi-directional money flow detected
3448,Circular Transfer,A0131,A0127,2,,HIGH,Bi-directional money flow detected
3449,Circular Transfer,A0315,A0242,2,,HIGH,Bi-directional money flow detected
3450,Circular Transfer,A0452,A0255,2,,HIGH,Bi-directional money flow detected
3451,Circular Transfer,A0338,A0440,2,,HIGH,Bi-directional money flow detected
3452,Circular Transfer,A0378,A0174,2,,HIGH,Bi-directional money flow detected
3453,Circular Transfer,A0170,A0139,2,,HIGH,Bi-directional money flow detected
3454,Circular Transfer,A0104,A0190,2,,HIGH,Bi-directional money flow detected
3455,Circular Transfer,A0470,A0278,2,,HIGH,Bi-directional money flow detected
3456,Circular Transfer,A0105,A0133,2,,HIGH,Bi-directional money flow detected
3457,Circular Transfer,A0192,A0465,2,,HIGH,Bi-directional money flow detected
3458,Circular Transfer,A0278,A0247,2,,HIGH,Bi-directional money flow detected
3459,Circular Transfer,A0116,A0191,2,,HIGH,Bi-directional money flow detected
3460,Circular Transfer,A0142,A0374,2,,HIGH,Bi-directional money flow detected
3461,Circular Transfer,A0447,A0036,2,,HIGH,Bi-directional money flow detected
3462,Circular Transfer,A0058,A0157,2,,HIGH,Bi-directional money flow detected
3463,Circular Transfer,A0470,A0236,2,,HIGH,Bi-directional money flow detected
3464,Circular Transfer,A0176,A0187,2,,HIGH,Bi-directional money flow detected
3465,Circular Transfer,A0183,A0315,2,,HIGH,Bi-directional money flow detected
3466,Circular Transfer,A0451,A0116,2,,HIGH,Bi-directional money flow detected
3467,Circular Transfer,A0460,A0335,2,,HIGH,Bi-directional money flow detected
3468,Circular Transfer,A0345,A0281,2,,HIGH,Bi-directional money flow detected
3469,Circular Transfer,A0308,A0066,2,,HIGH,Bi-directional money flow detected
3470,Circular Transfer,A0104,A0322,2,,HIGH,Bi-directional money flow detected
3471,Circular Transfer,A0326,A0233,2,,HIGH,Bi-directional money flow detected
3472,Circular Transfer,A0384,A0278,2,,HIGH,Bi-directional money flow detected
3473,Circular Transfer,A0496,A0443,2,,HIGH,Bi-directional money flow detected
3474,Circular Transfer,A0134,A0013,2,,HIGH,Bi-directional money flow detected
3475,Circular Transfer,A0353,A0114,2,,HIGH,Bi-directional money flow detected
3476,Circular Transfer,A0095,A0446,2,,HIGH,Bi-directional money flow detected
3477,Circular Transfer,A0406,A0394,2,,HIGH,Bi-directional money flow detected
3478,Circular Transfer,A0417,A0095,2,,HIGH,Bi-directional money flow detected
3479,Circular Transfer,A0096,A0086,2,,HIGH,Bi-directional money flow detected
3480,Circular Transfer,A0215,A0120,2,,HIGH,Bi-directional money flow detected
3481,Circular Transfer,A0205,A0374,2,,HIGH,Bi-directional money flow detected
3482,Circular Transfer,A0237,A0481,2,,HIGH,Bi-directional money flow detected
3483,Circular Transfer,A0484,A0332,2,,HIGH,Bi-directional money flow detected
3484,Circular Transfer,A0157,A0187,2,,HIGH,Bi-directional money flow detected
3485,Circular Transfer,A0244,A0057,2,,HIGH,Bi-directional money flow detected
3486,Circular Transfer,A0129,A0336,2,,HIGH,Bi-directional money flow detected
3487,Circular Transfer,A0113,A0200,2,,HIGH,Bi-directional money flow detected
3488,Circular Transfer,A0298,A0206,2,,HIGH,Bi-directional money flow detected
3489,Circular Transfer,A0281,A0285,2,,HIGH,Bi-directional money flow detected
3490,Circular Transfer,A0017,A0314,2,,HIGH,Bi-directional money flow detected
3491,Circular Transfer,A0158,A0168,2,,HIGH,Bi-directional money flow detected
3492,Circular Transfer,A0179,A0499,2,,HIGH,Bi-directional money flow detected
3493,Circular Transfer,A0384,A0163,2,,HIGH,Bi-directional money flow detected
3494,Circular Transfer,A0447,A0021,2,,HIGH,Bi-directional money flow detected
3495,Circular Transfer,A0233,A0454,2,,HIGH,Bi-directional money flow detected
3496,Circular Transfer,A0308,A0255,2,,HIGH,Bi-directional money flow detected
3497,Circular Transfer,A0412,A0262,2,,HIGH,Bi-directional money flow detected
3498,Circular Transfer,A0074,A0454,2,,HIGH,Bi-directional money flow detected
3499,Circular Transfer,A0381,A0200,2,,HIGH,Bi-directional money flow detected
3500,Circular Transfer,A0237,A0485,2,,HIGH,Bi-directional money flow detected
3501,Circular Transfer,A0467,A0021,2,,HIGH,Bi-directional money flow detected
3502,Circular Transfer,A0077,A0167,2,,HIGH,Bi-directional money flow detected
3503,Circular Transfer,A0447,A0390,2,,HIGH,Bi-directional money flow detected
3504,Circular Transfer,A0276,A0056,2,,HIGH,Bi-directional money flow detected
3505,Circular Transfer,A0384,A0058,2,,HIGH,Bi-directional money flow detected
3506,Circular Transfer,A0498,A0337,2,,HIGH,Bi-directional money flow detected
3507,Circular Transfer,A0014,A0236,2,,HIGH,Bi-directional money flow detected
3508,Circular Transfer,A0122,A0492,2,,HIGH,Bi-directional money flow detected
3509,Circular Transfer,A0240,A0036,2,,HIGH,Bi-directional money flow detected
3510,Circular Transfer,A0171,A0317,2,,HIGH,Bi-directional money flow detected
3511,Circular Transfer,A0355,A0127,2,,HIGH,Bi-directional money flow detected
3512,Circular Transfer,A0107,A0490,2,,HIGH,Bi-directional money flow detected
3513,Circular Transfer,A0012,A0122,2,,HIGH,Bi-directional money flow detected
3514,Circular Transfer,A0293,A0350,2,,HIGH,Bi-directional money flow detected
3515,Circular Transfer,A0445,A0333,2,,HIGH,Bi-directional money flow detected
3516,Circular Transfer,A0249,A0161,2,,HIGH,Bi-directional money flow detected
3517,Circular Transfer,A0291,A0402,2,,HIGH,Bi-directional money flow detected
3518,Circular Transfer,A0476,A0315,2,,HIGH,Bi-directional money flow detected
3519,Circular Transfer,A0037,A0116,2,,HIGH,Bi-directional money flow detected
3520,Circular Transfer,A0152,A0452,2,,HIGH,Bi-directional money flow detected
3521,Circular Transfer,A0175,A0027,2,,HIGH,Bi-directional money flow detected
3522,Circular Transfer,A0205,A0279,2,,HIGH,Bi-directional money flow detected
3523,Circular Transfer,A0310,A0051,2,,HIGH,Bi-directional money flow detected
3524,Circular Transfer,A0376,A0240,2,,HIGH,Bi-directional money flow detected
3525,Circular Transfer,A0089,A0494,2,,HIGH,Bi-directional money flow detected
3526,Circular Transfer,A0409,A0245,2,,HIGH,Bi-directional money flow detected
3527,Circular Transfer,A0097,A0147,2,,HIGH,Bi-directional money flow detected
3528,Circular Transfer,A0424,A0268,2,,HIGH,Bi-directional money flow detected
3529,Circular Transfer,A0268,A0313,2,,HIGH,Bi-directional money flow detected
3530,Circular Transfer,A0348,A0063,2,,HIGH,Bi-directional money flow detected
3531,Circular Transfer,A0094,A0285,2,,HIGH,Bi-directional money flow detected
3532,Circular Transfer,A0108,A0485,2,,HIGH,Bi-directional money flow detected
3533,Circular Transfer,A0271,A0008,2,,HIGH,Bi-directional money flow detected
3534,Circular Transfer,A0049,A0454,2,,HIGH,Bi-directional money flow detected
3535,Circular Transfer,A0045,A0446,2,,HIGH,Bi-directional money flow detected
3536,Circular Transfer,A0097,A0053,2,,HIGH,Bi-directional money flow detected
3537,Circular Transfer,A0321,A0245,2,,HIGH,Bi-directional money flow detected
3538,Circular Transfer,A0344,A0293,2,,HIGH,Bi-directional money flow detected
3539,Circular Transfer,A0364,A0021,2,,HIGH,Bi-directional money flow detected
3540,Circular Transfer,A0257,A0116,2,,HIGH,Bi-directional money flow detected
3541,Circular Transfer,A0496,A0330,2,,HIGH,Bi-directional money flow detected
3542,Circular Transfer,A0116,A0015,2,,HIGH,Bi-directional money flow detected
3543,Circular Transfer,A0024,A0269,2,,HIGH,Bi-directional money flow detected
3544,Circular Transfer,A0176,A0050,2,,HIGH,Bi-directional money flow detected
3545,Circular Transfer,A0029,A0178,2,,HIGH,Bi-directional money flow detected
3546,Circular Transfer,A0180,A0257,2,,HIGH,Bi-directional money flow detected
3547,Circular Transfer,A0294,A0098,2,,HIGH,Bi-directional money flow detected
3548,Circular Transfer,A0381,A0257,2,,HIGH,Bi-directional money flow detected
3549,Circular Transfer,A0445,A0318,2,,HIGH,Bi-directional money flow detected
3550,Circular Transfer,A0143,A0021,2,,HIGH,Bi-directional money flow detected
3551,Circular Transfer,A0058,A0434,2,,HIGH,Bi-directional money flow detected
3552,Circular Transfer,A0043,A0462,2,,HIGH,Bi-directional money flow detected
3553,Circular Transfer,A0270,A0249,2,,HIGH,Bi-directional money flow detected
3554,Circular Transfer,A0230,A0396,2,,HIGH,Bi-directional money flow detected
3555,Circular Transfer,A0495,A0021,2,,HIGH,Bi-directional money flow detected
3556,Circular Transfer,A0435,A0295,2,,HIGH,Bi-directional money flow detected
3557,Circular Transfer,A0281,A0047,2,,HIGH,Bi-directional money flow detected
3558,Circular Transfer,A0125,A0396,2,,HIGH,Bi-directional money flow detected
3559,Circular Transfer,A0415,A0394,2,,HIGH,Bi-directional money flow detected
3560,Circular Transfer,A0476,A0381,2,,HIGH,Bi-directional money flow detected
3561,Circular Transfer,A0159,A0482,2,,HIGH,Bi-directional money flow detected
3562,Circular Transfer,A0035,A0040,2,,HIGH,Bi-directional money flow detected
3563,Circular Transfer,A0256,A0373,2,,HIGH,Bi-directional money flow detected
3564,Circular Transfer,A0412,A0385,2,,HIGH,Bi-directional money flow detected
3565,Circular Transfer,A0098,A0427,2,,HIGH,Bi-directional money flow detected
3566,Circular Transfer,A0063,A0259,2,,HIGH,Bi-directional money flow detected
3567,Circular Transfer,A0067,A0321,2,,HIGH,Bi-directional money flow detected
3568,Circular Transfer,A0397,A0087,2,,HIGH,Bi-directional money flow detected
3569,Circular Transfer,A0006,A0257,2,,HIGH,Bi-directional money flow detected
3570,Circular Transfer,A0050,A0057,2,,HIGH,Bi-directional money flow detected
3571,Circular Transfer,A0398,A0111,2,,HIGH,Bi-directional money flow detected
3572,Circular Transfer,A0182,A0123,2,,HIGH,Bi-directional money flow detected
3573,Circular Transfer,A0061,A0278,2,,HIGH,Bi-directional money flow detected
3574,Circular Transfer,A0452,A0496,2,,HIGH,Bi-directional money flow detected
3575,Circular Transfer,A0133,A0050,2,,HIGH,Bi-directional money flow detected
3576,Circular Transfer,A0130,A0198,2,,HIGH,Bi-directional money flow detected
3577,Circular Transfer,A0277,A0399,2,,HIGH,Bi-directional money flow detected
3578,Circular Transfer,A0290,A0300,2,,HIGH,Bi-directional money flow detected
3579,Circular Transfer,A0152,A0392,2,,HIGH,Bi-directional money flow detected
3580,Circular Transfer,A0207,A0053,2,,HIGH,Bi-directional money flow detected
3581,Circular Transfer,A0375,A0290,2,,HIGH,Bi-directional money flow detected
3582,Circular Transfer,A0114,A0394,2,,HIGH,Bi-directional money flow detected
3583,Circular Transfer,A0351,A0057,2,,HIGH,Bi-directional money flow detected
3584,Circular Transfer,A0472,A0021,2,,HIGH,Bi-directional money flow detected
3585,Circular Transfer,A0255,A0155,2,,HIGH,Bi-directional money flow detected
3586,Circular Transfer,A0495,A0025,2,,HIGH,Bi-directional money flow detected
3587,Circular Transfer,A0472,A0205,2,,HIGH,Bi-directional money flow detected
3588,Circular Transfer,A0158,A0375,2,,HIGH,Bi-directional money flow detected
3589,Circular Transfer,A0027,A0332,2,,HIGH,Bi-directional money flow detected
3590,Circular Transfer,A0041,A0207,2,,HIGH,Bi-directional money flow detected
3591,Circular Transfer,A0031,A0230,2,,HIGH,Bi-directional money flow detected
3592,Circular Transfer,A0121,A0193,2,,HIGH,Bi-directional money flow detected
3593,Circular Transfer,A0136,A0053,2,,HIGH,Bi-directional money flow detected
3594,Circular Transfer,A0104,A0102,2,,HIGH,Bi-directional money flow detected
3595,Circular Transfer,A0487,A0071,2,,HIGH,Bi-directional money flow detected
3596,Circular Transfer,A0242,A0215,2,,HIGH,Bi-directional money flow detected
3597,Circular Transfer,A0139,A0036,2,,HIGH,Bi-directional money flow detected
3598,Circular Transfer,A0097,A0482,2,,HIGH,Bi-directional money flow detected
3599,Circular Transfer,A0449,A0104,2,,HIGH,Bi-directional money flow detected
3600,Circular Transfer,A0142,A0425,2,,HIGH,Bi-directional money flow detected
3601,Circular Transfer,A0011,A0227,2,,HIGH,Bi-directional money flow detected
3602,Circular Transfer,A0112,A0268,2,,HIGH,Bi-directional money flow detected
3603,Circular Transfer,A0023,A0218,2,,HIGH,Bi-directional money flow detected
3604,Circular Transfer,A0005,A0200,2,,HIGH,Bi-directional money flow detected
3605,Circular Transfer,A0059,A0075,2,,HIGH,Bi-directional money flow detected
3606,Circular Transfer,A0328,A0149,2,,HIGH,Bi-directional money flow detected
3607,Circular Transfer,A0077,A0185,2,,HIGH,Bi-directional money flow detected
3608,Circular Transfer,A0454,A0427,2,,HIGH,Bi-directional money flow detected
3609,Circular Transfer,A0417,A0332,2,,HIGH,Bi-directional money flow detected
3610,Circular Transfer,A0472,A0188,2,,HIGH,Bi-directional money flow detected
3611,Circular Transfer,A0378,A0357,2,,HIGH,Bi-directional money flow detected
3612,Circular Transfer,A0369,A0274,2,,HIGH,Bi-directional money flow detected
3613,Circular Transfer,A0018,A0403,2,,HIGH,Bi-directional money flow detected
3614,Circular Transfer,A0297,A0442,2,,HIGH,Bi-directional money flow detected
3615,Circular Transfer,A0398,A0081,2,,HIGH,Bi-directional money flow detected
3616,Circular Transfer,A0152,A0341,2,,HIGH,Bi-directional money flow detected
3617,Circular Transfer,A0297,A0031,2,,HIGH,Bi-directional money flow detected
3618,Circular Transfer,A0390,A0397,2,,HIGH,Bi-directional money flow detected
3619,Circular Transfer,A0500,A0365,2,,HIGH,Bi-directional money flow detected
3620,Circular Transfer,A0490,A0409,2,,HIGH,Bi-directional money flow detected
3621,Circular Transfer,A0056,A0476,2,,HIGH,Bi-directional money flow detected
3622,Circular Transfer,A0374,A0088,2,,HIGH,Bi-directional money flow detected
3623,Circular Transfer,A0079,A0008,2,,HIGH,Bi-directional money flow detected
3624,Circular Transfer,A0159,A0184,2,,HIGH,Bi-directional money flow detected
3625,Circular Transfer,A0168,A0046,2,,HIGH,Bi-directional money flow detected
3626,Circular Transfer,A0149,A0136,2,,HIGH,Bi-directional money flow detected
3627,Circular Transfer,A0058,A0367,2,,HIGH,Bi-directional money flow detected
3628,Circular Transfer,A0291,A0440,2,,HIGH,Bi-directional money flow detected
3629,Circular Transfer,A0050,A0432,2,,HIGH,Bi-directional money flow detected
3630,Circular Transfer,A0071,A0083,2,,HIGH,Bi-directional money flow detected
3631,Circular Transfer,A0458,A0009,2,,HIGH,Bi-directional money flow detected
3632,Circular Transfer,A0457,A0390,2,,HIGH,Bi-directional money flow detected
3633,Circular Transfer,A0053,A0084,2,,HIGH,Bi-directional money flow detected
3634,Circular Transfer,A0489,A0424,2,,HIGH,Bi-directional money flow detected
3635,Circular Transfer,A0252,A0061,2,,HIGH,Bi-directional money flow detected
3636,Circular Transfer,A0175,A0111,2,,HIGH,Bi-directional money flow detected
3637,Circular Transfer,A0450,A0495,2,,HIGH,Bi-directional money flow detected
3638,Circular Transfer,A0311,A0104,2,,HIGH,Bi-directional money flow detected
3639,Circular Transfer,A0024,A0268,2,,HIGH,Bi-directional money flow detected
3640,Circular Transfer,A0185,A0321,2,,HIGH,Bi-directional money flow detected
3641,Circular Transfer,A0333,A0355,2,,HIGH,Bi-directional money flow detected
3642,Circular Transfer,A0005,A0131,2,,HIGH,Bi-directional money flow detected
3643,Circular Transfer,A0168,A0130,2,,HIGH,Bi-directional money flow detected
3644,Circular Transfer,A0003,A0388,2,,HIGH,Bi-directional money flow detected
3645,Circular Transfer,A0409,A0374,2,,HIGH,Bi-directional money flow detected
3646,Circular Transfer,A0480,A0010,2,,HIGH,Bi-directional money flow detected
3647,Circular Transfer,A0451,A0373,2,,HIGH,Bi-directional money flow detected
3648,Circular Transfer,A0207,A0044,2,,HIGH,Bi-directional money flow detected
3649,Circular Transfer,A0406,A0098,2,,HIGH,Bi-directional money flow detected
3650,Circular Transfer,A0022,A0205,2,,HIGH,Bi-directional money flow detected
3651,Circular Transfer,A0245,A0454,2,,HIGH,Bi-directional money flow detected
3652,Circular Transfer,A0346,A0097,2,,HIGH,Bi-directional money flow detected
3653,Circular Transfer,A0004,A0257,2,,HIGH,Bi-directional money flow detected
3654,Circular Transfer,A0178,A0379,2,,HIGH,Bi-directional money flow detected
3655,Circular Transfer,A0119,A0028,2,,HIGH,Bi-directional money flow detected
3656,Circular Transfer,A0007,A0221,2,,HIGH,Bi-directional money flow detected
3657,Circular Transfer,A0292,A0265,2,,HIGH,Bi-directional money flow detected
3658,Circular Transfer,A0382,A0468,2,,HIGH,Bi-directional money flow detected
3659,Circular Transfer,A0044,A0209,2,,HIGH,Bi-directional money flow detected
3660,Circular Transfer,A0254,A0407,2,,HIGH,Bi-directional money flow detected
3661,Circular Transfer,A0491,A0200,2,,HIGH,Bi-directional money flow detected
3662,Circular Transfer,A0445,A0032,2,,HIGH,Bi-directional money flow detected
3663,Circular Transfer,A0061,A0381,2,,HIGH,Bi-directional money flow detected
3664,Circular Transfer,A0009,A0175,2,,HIGH,Bi-directional money flow detected
3665,Circular Transfer,A0098,A0369,2,,HIGH,Bi-directional money flow detected
3666,Circular Transfer,A0090,A0136,2,,HIGH,Bi-directional money flow detected
3667,Circular Transfer,A0362,A0136,2,,HIGH,Bi-directional money flow detected
3668,Circular Transfer,A0058,A0372,2,,HIGH,Bi-directional money flow detected
3669,Circular Transfer,A0057,A0200,2,,HIGH,Bi-directional money flow detected
3670,Circular Transfer,A0181,A0262,2,,HIGH,Bi-directional money flow detected
3671,Circular Transfer,A0378,A0091,2,,HIGH,Bi-directional money flow detected
3672,Circular Transfer,A0454,A0409,2,,HIGH,Bi-directional money flow detected
3673,Circular Transfer,A0007,A0006,2,,HIGH,Bi-directional money flow detected
3674,Circular Transfer,A0385,A0022,2,,HIGH,Bi-directional money flow detected
3675,Circular Transfer,A0465,A0300,2,,HIGH,Bi-directional money flow detected
3676,Circular Transfer,A0209,A0046,2,,HIGH,Bi-directional money flow detected
3677,Circular Transfer,A0239,A0169,2,,HIGH,Bi-directional money flow detected
3678,Circular Transfer,A0091,A0486,2,,HIGH,Bi-directional money flow detected
3679,Circular Transfer,A0278,A0479,2,,HIGH,Bi-directional money flow detected
3680,Circular Transfer,A0009,A0236,2,,HIGH,Bi-directional money flow detected
3681,Circular Transfer,A0257,A0411,2,,HIGH,Bi-directional money flow detected
3682,Circular Transfer,A0283,A0321,2,,HIGH,Bi-directional money flow detected
3683,Circular Transfer,A0227,A0416,2,,HIGH,Bi-directional money flow detected
3684,Circular Transfer,A0005,A0282,2,,HIGH,Bi-directional money flow detected
3685,Circular Transfer,A0452,A0229,2,,HIGH,Bi-directional money flow detected
3686,Circular Transfer,A0476,A0071,2,,HIGH,Bi-directional money flow detected
3687,Circular Transfer,A0042,A0299,2,,HIGH,Bi-directional money flow detected
3688,Circular Transfer,A0062,A0036,2,,HIGH,Bi-directional money flow detected
3689,Circular Transfer,A0483,A0211,2,,HIGH,Bi-directional money flow detected
3690,Circular Transfer,A0265,A0236,2,,HIGH,Bi-directional money flow detected
3691,Circular Transfer,A0285,A0121,2,,HIGH,Bi-directional money flow detected
3692,Circular Transfer,A0167,A0163,2,,HIGH,Bi-directional money flow detected
3693,Circular Transfer,A0143,A0419,2,,HIGH,Bi-directional money flow detected
3694,Circular Transfer,A0465,A0239,2,,HIGH,Bi-directional money flow detected
3695,Circular Transfer,A0272,A0059,2,,HIGH,Bi-directional money flow detected
3696,Circular Transfer,A0240,A0334,2,,HIGH,Bi-directional money flow detected
3697,Circular Transfer,A0385,A0460,2,,HIGH,Bi-directional money flow detected
3698,Circular Transfer,A0371,A0355,2,,HIGH,Bi-directional money flow detected
3699,Circular Transfer,A0117,A0209,2,,HIGH,Bi-directional money flow detected
3700,Circular Transfer,A0232,A0165,2,,HIGH,Bi-directional money flow detected
3701,Circular Transfer,A0341,A0485,2,,HIGH,Bi-directional money flow detected
3702,Circular Transfer,A0117,A0146,2,,HIGH,Bi-directional money flow detected
3703,Circular Transfer,A0365,A0286,2,,HIGH,Bi-directional money flow detected
3704,Circular Transfer,A0168,A0127,2,,HIGH,Bi-directional money flow detected
3705,Circular Transfer,A0126,A0291,2,,HIGH,Bi-directional money flow detected
3706,Circular Transfer,A0280,A0447,2,,HIGH,Bi-directional money flow detected
3707,Circular Transfer,A0444,A0328,2,,HIGH,Bi-directional money flow detected
3708,Circular Transfer,A0051,A0298,2,,HIGH,Bi-directional money flow detected
3709,Circular Transfer,A0123,A0100,2,,HIGH,Bi-directional money flow detected
3710,Circular Transfer,A0067,A0155,2,,HIGH,Bi-directional money flow detected
3711,Circular Transfer,A0141,A0138,2,,HIGH,Bi-directional money flow detected
3712,Circular Transfer,A0491,A0095,2,,HIGH,Bi-directional money flow detected
3713,Circular Transfer,A0198,A0384,2,,HIGH,Bi-directional money flow detected
3714,Circular Transfer,A0289,A0271,2,,HIGH,Bi-directional money flow detected
3715,Circular Transfer,A0223,A0182,2,,HIGH,Bi-directional money flow detected
3716,Circular Transfer,A0113,A0146,2,,HIGH,Bi-directional money flow detected
3717,Circular Transfer,A0057,A0125,2,,HIGH,Bi-directional money flow detected
3718,Circular Transfer,A0110,A0101,2,,HIGH,Bi-directional money flow detected
3719,Circular Transfer,A0445,A0095,2,,HIGH,Bi-directional money flow detected
3720,Circular Transfer,A0143,A0487,2,,HIGH,Bi-directional money flow detected
3721,Circular Transfer,A0361,A0020,2,,HIGH,Bi-directional money flow detected
3722,Circular Transfer,A0374,A0093,2,,HIGH,Bi-directional money flow detected
3723,Circular Transfer,A0206,A0447,2,,HIGH,Bi-directional money flow detected
3724,Circular Transfer,A0121,A0449,2,,HIGH,Bi-directional money flow detected
3725,Circular Transfer,A0453,A0404,2,,HIGH,Bi-directional money flow detected
3726,Circular Transfer,A0241,A0254,2,,HIGH,Bi-directional money flow detected
3727,Circular Transfer,A0203,A0077,2,,HIGH,Bi-directional money flow detected
3728,Circular Transfer,A0441,A0195,2,,HIGH,Bi-directional money flow detected
3729,Circular Transfer,A0251,A0445,2,,HIGH,Bi-directional money flow detected
3730,Circular Transfer,A0441,A0278,2,,HIGH,Bi-directional money flow detected
3731,Circular Transfer,A0484,A0098,2,,HIGH,Bi-directional money flow detected
3732,Circular Transfer,A0191,A0053,2,,HIGH,Bi-directional money flow detected
3733,Circular Transfer,A0256,A0249,2,,HIGH,Bi-directional money flow detected
3734,Circular Transfer,A0378,A0348,2,,HIGH,Bi-directional money flow detected
3735,Circular Transfer,A0363,A0457,2,,HIGH,Bi-directional money flow detected
3736,Circular Transfer,A0242,A0125,2,,HIGH,Bi-directional money flow detected
3737,Circular Transfer,A0448,A0449,2,,HIGH,Bi-directional money flow detected
3738,Circular Transfer,A0156,A0146,2,,HIGH,Bi-directional money flow detected
3739,Circular Transfer,A0428,A0458,2,,HIGH,Bi-directional money flow detected
3740,Circular Transfer,A0313,A0285,2,,HIGH,Bi-directional money flow detected
3741,Circular Transfer,A0259,A0433,2,,HIGH,Bi-directional money flow detected
3742,Circular Transfer,A0300,A0336,2,,HIGH,Bi-directional money flow detected
3743,Circular Transfer,A0226,A0328,2,,HIGH,Bi-directional money flow detected
3744,Circular Transfer,A0057,A0295,2,,HIGH,Bi-directional money flow detected
3745,Circular Transfer,A0237,A0236,2,,HIGH,Bi-directional money flow detected
3746,Circular Transfer,A0089,A0321,2,,HIGH,Bi-directional money flow detected
3747,Circular Transfer,A0066,A0198,2,,HIGH,Bi-directional money flow detected
3748,Circular Transfer,A0452,A0386,2,,HIGH,Bi-directional money flow detected
3749,Circular Transfer,A0487,A0252,2,,HIGH,Bi-directional money flow detected
3750,Circular Transfer,A0154,A0472,2,,HIGH,Bi-directional money flow detected
3751,Circular Transfer,A0255,A0336,2,,HIGH,Bi-directional money flow detected
3752,Circular Transfer,A0251,A0429,2,,HIGH,Bi-directional money flow detected
3753,Circular Transfer,A0473,A0452,2,,HIGH,Bi-directional money flow detected
3754,Circular Transfer,A0269,A0157,2,,HIGH,Bi-directional money flow detected
3755,Circular Transfer,A0356,A0484,2,,HIGH,Bi-directional money flow detected
3756,Circular Transfer,A0424,A0325,2,,HIGH,Bi-directional money flow detected
3757,Circular Transfer,A0213,A0216,2,,HIGH,Bi-directional money flow detected
3758,Circular Transfer,A0102,A0398,2,,HIGH,Bi-directional money flow detected
3759,Circular Transfer,A0467,A0003,2,,HIGH,Bi-directional money flow detected
3760,Circular Transfer,A0203,A0341,2,,HIGH,Bi-directional money flow detected
3761,Circular Transfer,A0487,A0266,2,,HIGH,Bi-directional money flow detected
3762,Circular Transfer,A0150,A0153,2,,HIGH,Bi-directional money flow detected
3763,Circular Transfer,A0397,A0181,2,,HIGH,Bi-directional money flow detected
3764,Circular Transfer,A0133,A0351,2,,HIGH,Bi-directional money flow detected
3765,Circular Transfer,A0040,A0280,2,,HIGH,Bi-directional money flow detected
3766,Circular Transfer,A0448,A0205,2,,HIGH,Bi-directional money flow detected
3767,Circular Transfer,A0220,A0225,2,,HIGH,Bi-directional money flow detected
3768,Circular Transfer,A0236,A0398,2,,HIGH,Bi-directional money flow detected
3769,Circular Transfer,A0329,A0406,2,,HIGH,Bi-directional money flow detected
3770,Circular Transfer,A0162,A0018,2,,HIGH,Bi-directional money flow detected
3771,Circular Transfer,A0236,A0157,2,,HIGH,Bi-directional money flow detected
3772,Circular Transfer,A0337,A0249,2,,HIGH,Bi-directional money flow detected
3773,Circular Transfer,A0348,A0476,2,,HIGH,Bi-directional money flow detected
3774,Circular Transfer,A0366,A0267,2,,HIGH,Bi-directional money flow detected
3775,Circular Transfer,A0008,A0241,2,,HIGH,Bi-directional money flow detected
3776,Circular Transfer,A0225,A0391,2,,HIGH,Bi-directional money flow detected
3777,Circular Transfer,A0268,A0062,2,,HIGH,Bi-directional money flow detected
3778,Circular Transfer,A0303,A0046,2,,HIGH,Bi-directional money flow detected
3779,Circular Transfer,A0265,A0047,2,,HIGH,Bi-directional money flow detected
3780,Circular Transfer,A0390,A0294,2,,HIGH,Bi-directional money flow detected
3781,Circular Transfer,A0056,A0099,2,,HIGH,Bi-directional money flow detected
3782,Circular Transfer,A0095,A0178,2,,HIGH,Bi-directional money flow detected
3783,Circular Transfer,A0445,A0412,2,,HIGH,Bi-directional money flow detected
3784,Circular Transfer,A0222,A0071,2,,HIGH,Bi-directional money flow detected
3785,Circular Transfer,A0313,A0411,2,,HIGH,Bi-directional money flow detected
3786,Circular Transfer,A0205,A0384,2,,HIGH,Bi-directional money flow detected
3787,Circular Transfer,A0333,A0178,2,,HIGH,Bi-directional money flow detected
3788,Circular Transfer,A0114,A0253,2,,HIGH,Bi-directional money flow detected
3789,Circular Transfer,A0105,A0365,2,,HIGH,Bi-directional money flow detected
3790,Circular Transfer,A0078,A0005,2,,HIGH,Bi-directional money flow detected
3791,Circular Transfer,A0384,A0110,2,,HIGH,Bi-directional money flow detected
3792,Circular Transfer,A0448,A0308,2,,HIGH,Bi-directional money flow detected
3793,Circular Transfer,A0467,A0261,2,,HIGH,Bi-directional money flow detected
3794,Circular Transfer,A0077,A0271,2,,HIGH,Bi-directional money flow detected
3795,Circular Transfer,A0232,A0475,2,,HIGH,Bi-directional money flow detected
3796,Circular Transfer,A0461,A0189,2,,HIGH,Bi-directional money flow detected
3797,Circular Transfer,A0104,A0437,2,,HIGH,Bi-directional money flow detected
3798,Circular Transfer,A0196,A0096,2,,HIGH,Bi-directional money flow detected
3799,Circular Transfer,A0498,A0386,2,,HIGH,Bi-directional money flow detected
3800,Circular Transfer,A0202,A0132,2,,HIGH,Bi-directional money flow detected
3801,Circular Transfer,A0187,A0477,2,,HIGH,Bi-directional money flow detected
3802,Circular Transfer,A0333,A0356,2,,HIGH,Bi-directional money flow detected
3803,Circular Transfer,A0175,A0390,2,,HIGH,Bi-directional money flow detected
3804,Circular Transfer,A0481,A0404,2,,HIGH,Bi-directional money flow detected
3805,Circular Transfer,A0409,A0170,2,,HIGH,Bi-directional money flow detected
3806,Circular Transfer,A0305,A0315,2,,HIGH,Bi-directional money flow detected
3807,Circular Transfer,A0407,A0470,2,,HIGH,Bi-directional money flow detected
3808,Circular Transfer,A0025,A0278,2,,HIGH,Bi-directional money flow detected
3809,Circular Transfer,A0249,A0331,2,,HIGH,Bi-directional money flow detected
3810,Circular Transfer,A0396,A0162,2,,HIGH,Bi-directional money flow detected
3811,Circular Transfer,A0500,A0139,2,,HIGH,Bi-directional money flow detected
3812,Circular Transfer,A0335,A0158,2,,HIGH,Bi-directional money flow detected
3813,Circular Transfer,A0262,A0012,2,,HIGH,Bi-directional money flow detected
3814,Circular Transfer,A0256,A0184,2,,HIGH,Bi-directional money flow detected
3815,Circular Transfer,A0177,A0420,2,,HIGH,Bi-directional money flow detected
3816,Circular Transfer,A0480,A0440,2,,HIGH,Bi-directional money flow detected
3817,Circular Transfer,A0479,A0443,2,,HIGH,Bi-directional money flow detected
3818,Circular Transfer,A0103,A0224,2,,HIGH,Bi-directional money flow detected
3819,Circular Transfer,A0238,A0205,2,,HIGH,Bi-directional money flow detected
3820,Circular Transfer,A0015,A0257,2,,HIGH,Bi-directional money flow detected
3821,Circular Transfer,A0071,A0085,2,,HIGH,Bi-directional money flow detected
3822,Circular Transfer,A0161,A0162,2,,HIGH,Bi-directional money flow detected
3823,Circular Transfer,A0389,A0369,2,,HIGH,Bi-directional money flow detected
3824,Circular Transfer,A0098,A0112,2,,HIGH,Bi-directional money flow detected
3825,Circular Transfer,A0222,A0479,2,,HIGH,Bi-directional money flow detected
3826,Circular Transfer,A0479,A0158,2,,HIGH,Bi-directional money flow detected
3827,Circular Transfer,A0088,A0415,2,,HIGH,Bi-directional money flow detected
3828,Circular Transfer,A0363,A0050,2,,HIGH,Bi-directional money flow detected
3829,Circular Transfer,A0149,A0145,2,,HIGH,Bi-directional money flow detected
3830,Circular Transfer,A0460,A0326,2,,HIGH,Bi-directional money flow detected
3831,Circular Transfer,A0015,A0118,2,,HIGH,Bi-directional money flow detected
3832,Circular Transfer,A0138,A0028,2,,HIGH,Bi-directional money flow detected
3833,Circular Transfer,A0485,A0424,2,,HIGH,Bi-directional money flow detected
3834,Circular Transfer,A0356,A0036,2,,HIGH,Bi-directional money flow detected
3835,Circular Transfer,A0113,A0100,2,,HIGH,Bi-directional money flow detected
3836,Circular Transfer,A0151,A0345,2,,HIGH,Bi-directional money flow detected
3837,Circular Transfer,A0279,A0425,2,,HIGH,Bi-directional money flow detected
3838,Circular Transfer,A0475,A0349,2,,HIGH,Bi-directional money flow detected
3839,Circular Transfer,A0127,A0421,2,,HIGH,Bi-directional money flow detected
3840,Circular Transfer,A0237,A0381,2,,HIGH,Bi-directional money flow detected
3841,Circular Transfer,A0269,A0350,2,,HIGH,Bi-directional money flow detected
3842,Circular Transfer,A0313,A0338,2,,HIGH,Bi-directional money flow detected
3843,Circular Transfer,A0333,A0088,2,,HIGH,Bi-directional money flow detected
3844,Circular Transfer,A0215,A0200,2,,HIGH,Bi-directional money flow detected
3845,Circular Transfer,A0292,A0027,2,,HIGH,Bi-directional money flow detected
3846,Circular Transfer,A0418,A0254,2,,HIGH,Bi-directional money flow detected
3847,Circular Transfer,A0044,A0351,2,,HIGH,Bi-directional money flow detected
3848,Circular Transfer,A0373,A0457,2,,HIGH,Bi-directional money flow detected
3849,Circular Transfer,A0333,A0184,2,,HIGH,Bi-directional money flow detected
3850,Circular Transfer,A0213,A0188,2,,HIGH,Bi-directional money flow detected
3851,Circular Transfer,A0239,A0138,2,,HIGH,Bi-directional money flow detected
3852,Circular Transfer,A0058,A0492,2,,HIGH,Bi-directional money flow detected
3853,Circular Transfer,A0117,A0113,2,,HIGH,Bi-directional money flow detected
3854,Circular Transfer,A0250,A0354,2,,HIGH,Bi-directional money flow detected
3855,Circular Transfer,A0202,A0396,2,,HIGH,Bi-directional money flow detected
3856,Circular Transfer,A0379,A0075,2,,HIGH,Bi-directional money flow detected
3857,Circular Transfer,A0097,A0381,2,,HIGH,Bi-directional money flow detected
3858,Circular Transfer,A0413,A0058,2,,HIGH,Bi-directional money flow detected
3859,Circular Transfer,A0042,A0050,2,,HIGH,Bi-directional money flow detected
3860,Circular Transfer,A0170,A0183,2,,HIGH,Bi-directional money flow detected
3861,Circular Transfer,A0104,A0103,2,,HIGH,Bi-directional money flow detected
3862,Circular Transfer,A0313,A0483,2,,HIGH,Bi-directional money flow detected
3863,Circular Transfer,A0050,A0378,2,,HIGH,Bi-directional money flow detected
3864,Circular Transfer,A0400,A0049,2,,HIGH,Bi-directional money flow detected
3865,Circular Transfer,A0149,A0054,2,,HIGH,Bi-directional money flow detected
3866,Circular Transfer,A0092,A0019,2,,HIGH,Bi-directional money flow detected
3867,Circular Transfer,A0398,A0440,2,,HIGH,Bi-directional money flow detected
3868,Circular Transfer,A0269,A0105,2,,HIGH,Bi-directional money flow detected
3869,Circular Transfer,A0434,A0417,2,,HIGH,Bi-directional money flow detected
3870,Circular Transfer,A0463,A0493,2,,HIGH,Bi-directional money flow detected
3871,Circular Transfer,A0457,A0418,2,,HIGH,Bi-directional money flow detected
3872,Circular Transfer,A0106,A0211,2,,HIGH,Bi-directional money flow detected
3873,Circular Transfer,A0384,A0088,2,,HIGH,Bi-directional money flow detected
3874,Circular Transfer,A0347,A0384,2,,HIGH,Bi-directional money flow detected
3875,Circular Transfer,A0481,A0240,2,,HIGH,Bi-directional money flow detected
3876,Circular Transfer,A0212,A0326,2,,HIGH,Bi-directional money flow detected
3877,Circular Transfer,A0449,A0327,2,,HIGH,Bi-directional money flow detected
3878,Circular Transfer,A0309,A0383,2,,HIGH,Bi-directional money flow detected
3879,Circular Transfer,A0144,A0375,2,,HIGH,Bi-directional money flow detected
3880,Circular Transfer,A0030,A0108,2,,HIGH,Bi-directional money flow detected
3881,Circular Transfer,A0500,A0024,2,,HIGH,Bi-directional money flow detected
3882,Circular Transfer,A0396,A0170,2,,HIGH,Bi-directional money flow detected
3883,Circular Transfer,A0024,A0025,2,,HIGH,Bi-directional money flow detected
3884,Circular Transfer,A0470,A0116,2,,HIGH,Bi-directional money flow detected
3885,Circular Transfer,A0149,A0010,2,,HIGH,Bi-directional money flow detected
3886,Circular Transfer,A0457,A0003,2,,HIGH,Bi-directional money flow detected
3887,Circular Transfer,A0481,A0112,2,,HIGH,Bi-directional money flow detected
3888,Circular Transfer,A0195,A0211,2,,HIGH,Bi-directional money flow detected
3889,Circular Transfer,A0389,A0467,2,,HIGH,Bi-directional money flow detected
3890,Circular Transfer,A0238,A0432,2,,HIGH,Bi-directional money flow detected
3891,Circular Transfer,A0138,A0322,2,,HIGH,Bi-directional money flow detected
3892,Circular Transfer,A0024,A0435,2,,HIGH,Bi-directional money flow detected
3893,Circular Transfer,A0197,A0133,2,,HIGH,Bi-directional money flow detected
3894,Circular Transfer,A0479,A0131,2,,HIGH,Bi-directional money flow detected
3895,Circular Transfer,A0157,A0271,2,,HIGH,Bi-directional money flow detected
3896,Circular Transfer,A0045,A0184,2,,HIGH,Bi-directional money flow detected
3897,Circular Transfer,A0156,A0114,2,,HIGH,Bi-directional money flow detected
3898,Circular Transfer,A0458,A0443,2,,HIGH,Bi-directional money flow detected
3899,Circular Transfer,A0454,A0228,2,,HIGH,Bi-directional money flow detected
3900,Circular Transfer,A0191,A0106,2,,HIGH,Bi-directional money flow detected
3901,Circular Transfer,A0451,A0259,2,,HIGH,Bi-directional money flow detected
3902,Circular Transfer,A0321,A0145,2,,HIGH,Bi-directional money flow detected
3903,Circular Transfer,A0076,A0095,2,,HIGH,Bi-directional money flow detected
3904,Circular Transfer,A0253,A0127,2,,HIGH,Bi-directional money flow detected
3905,Circular Transfer,A0275,A0050,2,,HIGH,Bi-directional money flow detected
3906,Circular Transfer,A0275,A0160,2,,HIGH,Bi-directional money flow detected
3907,Circular Transfer,A0460,A0249,2,,HIGH,Bi-directional money flow detected
3908,Circular Transfer,A0030,A0458,2,,HIGH,Bi-directional money flow detected
3909,Circular Transfer,A0268,A0115,2,,HIGH,Bi-directional money flow detected
3910,Circular Transfer,A0206,A0021,2,,HIGH,Bi-directional money flow detected
3911,Circular Transfer,A0442,A0453,2,,HIGH,Bi-directional money flow detected
3912,Circular Transfer,A0048,A0170,2,,HIGH,Bi-directional money flow detected
3913,Circular Transfer,A0207,A0144,2,,HIGH,Bi-directional money flow detected
3914,Circular Transfer,A0009,A0326,2,,HIGH,Bi-directional money flow detected
3915,Circular Transfer,A0346,A0423,2,,HIGH,Bi-directional money flow detected
3916,Circular Transfer,A0382,A0335,2,,HIGH,Bi-directional money flow detected
3917,Circular Transfer,A0183,A0407,2,,HIGH,Bi-directional money flow detected
3918,Circular Transfer,A0293,A0157,2,,HIGH,Bi-directional money flow detected
3919,Circular Transfer,A0452,A0233,2,,HIGH,Bi-directional money flow detected
3920,Circular Transfer,A0144,A0421,2,,HIGH,Bi-directional money flow detected
3921,Circular Transfer,A0267,A0352,2,,HIGH,Bi-directional money flow detected
3922,Circular Transfer,A0458,A0086,2,,HIGH,Bi-directional money flow detected
3923,Circular Transfer,A0189,A0446,2,,HIGH,Bi-directional money flow detected
3924,Circular Transfer,A0237,A0122,2,,HIGH,Bi-directional money flow detected
3925,Circular Transfer,A0393,A0368,2,,HIGH,Bi-directional money flow detected
3926,Circular Transfer,A0391,A0027,2,,HIGH,Bi-directional money flow detected
3927,Circular Transfer,A0146,A0331,2,,HIGH,Bi-directional money flow detected
3928,Circular Transfer,A0021,A0454,2,,HIGH,Bi-directional money flow detected
3929,Circular Transfer,A0191,A0055,2,,HIGH,Bi-directional money flow detected
3930,Circular Transfer,A0418,A0300,2,,HIGH,Bi-directional money flow detected
3931,Circular Transfer,A0055,A0116,2,,HIGH,Bi-directional money flow detected
3932,Circular Transfer,A0238,A0354,2,,HIGH,Bi-directional money flow detected
3933,Circular Transfer,A0269,A0119,2,,HIGH,Bi-directional money flow detected
3934,Circular Transfer,A0116,A0379,2,,HIGH,Bi-directional money flow detected
3935,Circular Transfer,A0279,A0145,2,,HIGH,Bi-directional money flow detected
3936,Circular Transfer,A0162,A0080,2,,HIGH,Bi-directional money flow detected
3937,Circular Transfer,A0372,A0268,2,,HIGH,Bi-directional money flow detected
3938,Circular Transfer,A0416,A0128,2,,HIGH,Bi-directional money flow detected
3939,Circular Transfer,A0182,A0318,2,,HIGH,Bi-directional money flow detected
3940,Circular Transfer,A0315,A0095,2,,HIGH,Bi-directional money flow detected
3941,Circular Transfer,A0315,A0477,2,,HIGH,Bi-directional money flow detected
3942,Circular Transfer,A0454,A0013,2,,HIGH,Bi-directional money flow detected
3943,Circular Transfer,A0220,A0130,2,,HIGH,Bi-directional money flow detected
3944,Circular Transfer,A0192,A0151,2,,HIGH,Bi-directional money flow detected
3945,Circular Transfer,A0108,A0040,2,,HIGH,Bi-directional money flow detected
3946,Circular Transfer,A0330,A0437,2,,HIGH,Bi-directional money flow detected
3947,Circular Transfer,A0108,A0203,2,,HIGH,Bi-directional money flow detected
3948,Circular Transfer,A0007,A0430,2,,HIGH,Bi-directional money flow detected
3949,Circular Transfer,A0252,A0139,2,,HIGH,Bi-directional money flow detected
3950,Circular Transfer,A0475,A0357,2,,HIGH,Bi-directional money flow detected
3951,Circular Transfer,A0330,A0364,2,,HIGH,Bi-directional money flow detected
3952,Circular Transfer,A0065,A0381,2,,HIGH,Bi-directional money flow detected
3953,Circular Transfer,A0380,A0394,2,,HIGH,Bi-directional money flow detected
3954,Circular Transfer,A0300,A0099,2,,HIGH,Bi-directional money flow detected
3955,Circular Transfer,A0208,A0014,2,,HIGH,Bi-directional money flow detected
3956,Circular Transfer,A0273,A0329,2,,HIGH,Bi-directional money flow detected
3957,Circular Transfer,A0372,A0311,2,,HIGH,Bi-directional money flow detected
3958,Circular Transfer,A0033,A0044,2,,HIGH,Bi-directional money flow detected
3959,Circular Transfer,A0239,A0401,2,,HIGH,Bi-directional money flow detected
3960,Circular Transfer,A0075,A0093,2,,HIGH,Bi-directional money flow detected
3961,Circular Transfer,A0147,A0361,2,,HIGH,Bi-directional money flow detected
3962,Circular Transfer,A0413,A0493,2,,HIGH,Bi-directional money flow detected
3963,Circular Transfer,A0257,A0259,2,,HIGH,Bi-directional money flow detected
3964,Circular Transfer,A0092,A0030,2,,HIGH,Bi-directional money flow detected
3965,Circular Transfer,A0493,A0077,2,,HIGH,Bi-directional money flow detected
3966,Circular Transfer,A0094,A0210,2,,HIGH,Bi-directional money flow detected
3967,Circular Transfer,A0467,A0384,2,,HIGH,Bi-directional money flow detected
3968,Circular Transfer,A0357,A0297,2,,HIGH,Bi-directional money flow detected
3969,Circular Transfer,A0084,A0212,2,,HIGH,Bi-directional money flow detected
3970,Circular Transfer,A0292,A0056,2,,HIGH,Bi-directional money flow detected
3971,Circular Transfer,A0349,A0385,2,,HIGH,Bi-directional money flow detected
3972,Circular Transfer,A0388,A0076,2,,HIGH,Bi-directional money flow detected
3973,Circular Transfer,A0468,A0457,2,,HIGH,Bi-directional money flow detected
3974,Circular Transfer,A0168,A0299,2,,HIGH,Bi-directional money flow detected
3975,Circular Transfer,A0484,A0016,2,,HIGH,Bi-directional money flow detected
3976,Circular Transfer,A0198,A0464,2,,HIGH,Bi-directional money flow detected
3977,Circular Transfer,A0188,A0383,2,,HIGH,Bi-directional money flow detected
3978,Circular Transfer,A0433,A0483,2,,HIGH,Bi-directional money flow detected
3979,Circular Transfer,A0147,A0195,2,,HIGH,Bi-directional money flow detected
3980,Circular Transfer,A0161,A0219,2,,HIGH,Bi-directional money flow detected
3981,Circular Transfer,A0037,A0204,2,,HIGH,Bi-directional money flow detected
3982,Circular Transfer,A0012,A0141,2,,HIGH,Bi-directional money flow detected
3983,Circular Transfer,A0338,A0130,2,,HIGH,Bi-directional money flow detected
3984,Circular Transfer,A0148,A0276,2,,HIGH,Bi-directional money flow detected
3985,Circular Transfer,A0290,A0261,2,,HIGH,Bi-directional money flow detected
3986,Circular Transfer,A0117,A0176,2,,HIGH,Bi-directional money flow detected
3987,Circular Transfer,A0443,A0238,2,,HIGH,Bi-directional money flow detected
3988,Circular Transfer,A0107,A0222,2,,HIGH,Bi-directional money flow detected
3989,Circular Transfer,A0063,A0329,2,,HIGH,Bi-directional money flow detected
3990,Circular Transfer,A0190,A0112,2,,HIGH,Bi-directional money flow detected
3991,Circular Transfer,A0278,A0364,2,,HIGH,Bi-directional money flow detected
3992,Circular Transfer,A0422,A0329,2,,HIGH,Bi-directional money flow detected
3993,Circular Transfer,A0328,A0344,2,,HIGH,Bi-directional money flow detected
3994,Circular Transfer,A0136,A0371,2,,HIGH,Bi-directional money flow detected
3995,Circular Transfer,A0123,A0179,2,,HIGH,Bi-directional money flow detected
3996,Circular Transfer,A0196,A0248,2,,HIGH,Bi-directional money flow detected
3997,Circular Transfer,A0349,A0364,2,,HIGH,Bi-directional money flow detected
3998,Circular Transfer,A0259,A0130,2,,HIGH,Bi-directional money flow detected
3999,Circular Transfer,A0181,A0367,2,,HIGH,Bi-directional money flow detected
4000,Circular Transfer,A0185,A0149,2,,HIGH,Bi-directional money flow detected
4001,Circular Transfer,A0268,A0106,2,,HIGH,Bi-directional money flow detected
4002,Circular Transfer,A0238,A0198,2,,HIGH,Bi-directional money flow detected
4003,Circular Transfer,A0023,A0313,2,,HIGH,Bi-directional money flow detected
4004,Circular Transfer,A0311,A0274,2,,HIGH,Bi-directional money flow detected
4005,Circular Transfer,A0475,A0184,2,,HIGH,Bi-directional money flow detected
4006,Circular Transfer,A0038,A0255,2,,HIGH,Bi-directional money flow detected
4007,Circular Transfer,A0149,A0354,2,,HIGH,Bi-directional money flow detected
4008,Circular Transfer,A0086,A0001,2,,HIGH,Bi-directional money flow detected
4009,Circular Transfer,A0405,A0442,2,,HIGH,Bi-directional money flow detected
4010,Circular Transfer,A0187,A0326,2,,HIGH,Bi-directional money flow detected
4011,Circular Transfer,A0427,A0014,2,,HIGH,Bi-directional money flow detected
4012,Circular Transfer,A0288,A0447,2,,HIGH,Bi-directional money flow detected
4013,Circular Transfer,A0445,A0363,2,,HIGH,Bi-directional money flow detected
4014,Circular Transfer,A0028,A0044,2,,HIGH,Bi-directional money flow detected
4015,Circular Transfer,A0159,A0357,2,,HIGH,Bi-directional money flow detected
4016,Circular Transfer,A0245,A0095,2,,HIGH,Bi-directional money flow detected
4017,Circular Transfer,A0414,A0385,2,,HIGH,Bi-directional money flow detected
4018,Circular Transfer,A0443,A0174,2,,HIGH,Bi-directional money flow detected
4019,Circular Transfer,A0451,A0262,2,,HIGH,Bi-directional money flow detected
4020,Circular Transfer,A0289,A0114,2,,HIGH,Bi-directional money flow detected
4021,Circular Transfer,A0063,A0386,2,,HIGH,Bi-directional money flow detected
4022,Circular Transfer,A0115,A0237,2,,HIGH,Bi-directional money flow detected
4023,Circular Transfer,A0065,A0371,2,,HIGH,Bi-directional money flow detected
4024,Circular Transfer,A0350,A0133,2,,HIGH,Bi-directional money flow detected
4025,Circular Transfer,A0140,A0266,2,,HIGH,Bi-directional money flow detected
4026,Circular Transfer,A0271,A0122,2,,HIGH,Bi-directional money flow detected
4027,Circular Transfer,A0156,A0446,2,,HIGH,Bi-directional money flow detected
4028,Circular Transfer,A0001,A0226,2,,HIGH,Bi-directional money flow detected
4029,Circular Transfer,A0187,A0400,2,,HIGH,Bi-directional money flow detected
4030,Circular Transfer,A0091,A0120,2,,HIGH,Bi-directional money flow detected
4031,Circular Transfer,A0055,A0315,2,,HIGH,Bi-directional money flow detected
4032,Circular Transfer,A0196,A0263,2,,HIGH,Bi-directional money flow detected
4033,Circular Transfer,A0286,A0302,2,,HIGH,Bi-directional money flow detected
4034,Circular Transfer,A0135,A0429,2,,HIGH,Bi-directional money flow detected
4035,Circular Transfer,A0043,A0083,2,,HIGH,Bi-directional money flow detected
4036,Circular Transfer,A0269,A0399,2,,HIGH,Bi-directional money flow detected
4037,Circular Transfer,A0469,A0291,2,,HIGH,Bi-directional money flow detected
4038,Circular Transfer,A0280,A0046,2,,HIGH,Bi-directional money flow detected
4039,Circular Transfer,A0472,A0072,2,,HIGH,Bi-directional money flow detected
4040,Circular Transfer,A0229,A0301,2,,HIGH,Bi-directional money flow detected
4041,Circular Transfer,A0100,A0418,2,,HIGH,Bi-directional money flow detected
4042,Circular Transfer,A0236,A0099,2,,HIGH,Bi-directional money flow detected
4043,Circular Transfer,A0374,A0428,2,,HIGH,Bi-directional money flow detected
4044,Circular Transfer,A0265,A0135,2,,HIGH,Bi-directional money flow detected
4045,Circular Transfer,A0201,A0374,2,,HIGH,Bi-directional money flow detected
4046,Circular Transfer,A0498,A0172,2,,HIGH,Bi-directional money flow detected
4047,Circular Transfer,A0053,A0484,2,,HIGH,Bi-directional money flow detected
4048,Circular Transfer,A0123,A0121,2,,HIGH,Bi-directional money flow detected
4049,Circular Transfer,A0447,A0319,2,,HIGH,Bi-directional money flow detected
4050,Circular Transfer,A0008,A0351,2,,HIGH,Bi-directional money flow detected
4051,Circular Transfer,A0079,A0406,2,,HIGH,Bi-directional money flow detected
4052,Circular Transfer,A0132,A0352,2,,HIGH,Bi-directional money flow detected
4053,Circular Transfer,A0297,A0154,2,,HIGH,Bi-directional money flow detected
4054,Circular Transfer,A0204,A0193,2,,HIGH,Bi-directional money flow detected
4055,Circular Transfer,A0048,A0075,2,,HIGH,Bi-directional money flow detected
4056,Circular Transfer,A0458,A0037,2,,HIGH,Bi-directional money flow detected
4057,Circular Transfer,A0095,A0338,2,,HIGH,Bi-directional money flow detected
4058,Circular Transfer,A0080,A0267,2,,HIGH,Bi-directional money flow detected
4059,Circular Transfer,A0481,A0370,2,,HIGH,Bi-directional money flow detected
4060,Circular Transfer,A0384,A0480,2,,HIGH,Bi-directional money flow detected
4061,Circular Transfer,A0158,A0324,2,,HIGH,Bi-directional money flow detected
4062,Circular Transfer,A0252,A0461,2,,HIGH,Bi-directional money flow detected
4063,Circular Transfer,A0039,A0097,2,,HIGH,Bi-directional money flow detected
4064,Circular Transfer,A0152,A0269,2,,HIGH,Bi-directional money flow detected
4065,Circular Transfer,A0184,A0180,2,,HIGH,Bi-directional money flow detected
4066,Circular Transfer,A0001,A0025,2,,HIGH,Bi-directional money flow detected
4067,Circular Transfer,A0492,A0319,2,,HIGH,Bi-directional money flow detected
4068,Circular Transfer,A0221,A0054,2,,HIGH,Bi-directional money flow detected
4069,Circular Transfer,A0227,A0419,2,,HIGH,Bi-directional money flow detected
4070,Circular Transfer,A0261,A0407,2,,HIGH,Bi-directional money flow detected
4071,Circular Transfer,A0346,A0094,2,,HIGH,Bi-directional money flow detected
4072,Circular Transfer,A0288,A0300,2,,HIGH,Bi-directional money flow detected
4073,Circular Transfer,A0454,A0084,2,,HIGH,Bi-directional money flow detected
4074,Circular Transfer,A0406,A0250,2,,HIGH,Bi-directional money flow detected
4075,Circular Transfer,A0076,A0121,2,,HIGH,Bi-directional money flow detected
4076,Circular Transfer,A0319,A0278,2,,HIGH,Bi-directional money flow detected
4077,Circular Transfer,A0413,A0053,2,,HIGH,Bi-directional money flow detected
4078,Circular Transfer,A0049,A0459,2,,HIGH,Bi-directional money flow detected
4079,Circular Transfer,A0108,A0482,2,,HIGH,Bi-directional money flow detected
4080,Circular Transfer,A0123,A0326,2,,HIGH,Bi-directional money flow detected
4081,Circular Transfer,A0443,A0430,2,,HIGH,Bi-directional money flow detected
4082,Circular Transfer,A0417,A0016,2,,HIGH,Bi-directional money flow detected
4083,Circular Transfer,A0127,A0374,2,,HIGH,Bi-directional money flow detected
4084,Circular Transfer,A0455,A0352,2,,HIGH,Bi-directional money flow detected
4085,Circular Transfer,A0058,A0289,2,,HIGH,Bi-directional money flow detected
4086,Circular Transfer,A0336,A0065,2,,HIGH,Bi-directional money flow detected
4087,Circular Transfer,A0114,A0053,2,,HIGH,Bi-directional money flow detected
4088,Circular Transfer,A0401,A0172,2,,HIGH,Bi-directional money flow detected
4089,Circular Transfer,A0288,A0094,2,,HIGH,Bi-directional money flow detected
4090,Circular Transfer,A0174,A0265,2,,HIGH,Bi-directional money flow detected
4091,Circular Transfer,A0082,A0476,2,,HIGH,Bi-directional money flow detected
4092,Circular Transfer,A0045,A0238,2,,HIGH,Bi-directional money flow detected
4093,Circular Transfer,A0367,A0130,2,,HIGH,Bi-directional money flow detected
4094,Circular Transfer,A0055,A0238,2,,HIGH,Bi-directional money flow detected
4095,Circular Transfer,A0122,A0458,2,,HIGH,Bi-directional money flow detected
4096,Circular Transfer,A0081,A0093,2,,HIGH,Bi-directional money flow detected
4097,Circular Transfer,A0262,A0009,2,,HIGH,Bi-directional money flow detected
4098,Circular Transfer,A0245,A0207,2,,HIGH,Bi-directional money flow detected
4099,Circular Transfer,A0022,A0005,2,,HIGH,Bi-directional money flow detected
4100,Circular Transfer,A0007,A0372,2,,HIGH,Bi-directional money flow detected
4101,Circular Transfer,A0254,A0099,2,,HIGH,Bi-directional money flow detected
4102,Circular Transfer,A0107,A0305,2,,HIGH,Bi-directional money flow detected
4103,Circular Transfer,A0282,A0003,2,,HIGH,Bi-directional money flow detected
4104,Circular Transfer,A0136,A0110,2,,HIGH,Bi-directional money flow detected
4105,Circular Transfer,A0260,A0095,2,,HIGH,Bi-directional money flow detected
4106,Circular Transfer,A0197,A0429,2,,HIGH,Bi-directional money flow detected
4107,Circular Transfer,A0313,A0214,2,,HIGH,Bi-directional money flow detected
4108,Circular Transfer,A0355,A0215,2,,HIGH,Bi-directional money flow detected
4109,Circular Transfer,A0435,A0074,2,,HIGH,Bi-directional money flow detected
4110,Circular Transfer,A0047,A0247,2,,HIGH,Bi-directional money flow detected
4111,Circular Transfer,A0042,A0383,2,,HIGH,Bi-directional money flow detected
4112,Circular Transfer,A0325,A0098,2,,HIGH,Bi-directional money flow detected
4113,Circular Transfer,A0046,A0056,2,,HIGH,Bi-directional money flow detected
4114,Circular Transfer,A0050,A0457,2,,HIGH,Bi-directional money flow detected
4115,Circular Transfer,A0313,A0006,2,,HIGH,Bi-directional money flow detected
4116,Circular Transfer,A0164,A0111,2,,HIGH,Bi-directional money flow detected
4117,Circular Transfer,A0237,A0252,2,,HIGH,Bi-directional money flow detected
4118,Circular Transfer,A0111,A0333,2,,HIGH,Bi-directional money flow detected
4119,Circular Transfer,A0417,A0028,2,,HIGH,Bi-directional money flow detected
4120,Circular Transfer,A0440,A0236,2,,HIGH,Bi-directional money flow detected
4121,Circular Transfer,A0245,A0493,2,,HIGH,Bi-directional money flow detected
4122,Circular Transfer,A0271,A0213,2,,HIGH,Bi-directional money flow detected
4123,Circular Transfer,A0300,A0431,2,,HIGH,Bi-directional money flow detected
4124,Circular Transfer,A0340,A0425,2,,HIGH,Bi-directional money flow detected
4125,Circular Transfer,A0478,A0169,2,,HIGH,Bi-directional money flow detected
4126,Circular Transfer,A0007,A0461,2,,HIGH,Bi-directional money flow detected
4127,Circular Transfer,A0002,A0185,2,,HIGH,Bi-directional money flow detected
4128,Circular Transfer,A0460,A0393,2,,HIGH,Bi-directional money flow detected
4129,Circular Transfer,A0401,A0097,2,,HIGH,Bi-directional money flow detected
4130,Circular Transfer,A0401,A0498,2,,HIGH,Bi-directional money flow detected
4131,Circular Transfer,A0265,A0061,2,,HIGH,Bi-directional money flow detected
4132,Circular Transfer,A0440,A0058,2,,HIGH,Bi-directional money flow detected
4133,Circular Transfer,A0473,A0409,2,,HIGH,Bi-directional money flow detected
4134,Circular Transfer,A0174,A0212,2,,HIGH,Bi-directional money flow detected
4135,Circular Transfer,A0019,A0157,2,,HIGH,Bi-directional money flow detected
4136,Circular Transfer,A0350,A0119,2,,HIGH,Bi-directional money flow detected
4137,Circular Transfer,A0366,A0090,2,,HIGH,Bi-directional money flow detected
4138,Circular Transfer,A0491,A0175,2,,HIGH,Bi-directional money flow detected
4139,Circular Transfer,A0085,A0249,2,,HIGH,Bi-directional money flow detected
4140,Circular Transfer,A0108,A0252,2,,HIGH,Bi-directional money flow detected
4141,Circular Transfer,A0462,A0446,2,,HIGH,Bi-directional money flow detected
4142,Circular Transfer,A0377,A0326,2,,HIGH,Bi-directional money flow detected
4143,Circular Transfer,A0447,A0104,2,,HIGH,Bi-directional money flow detected
4144,Circular Transfer,A0037,A0480,2,,HIGH,Bi-directional money flow detected
4145,Circular Transfer,A0275,A0032,2,,HIGH,Bi-directional money flow detected
4146,Circular Transfer,A0470,A0133,2,,HIGH,Bi-directional money flow detected
4147,Circular Transfer,A0374,A0228,2,,HIGH,Bi-directional money flow detected
4148,Circular Transfer,A0061,A0238,2,,HIGH,Bi-directional money flow detected
4149,Circular Transfer,A0116,A0331,2,,HIGH,Bi-directional money flow detected
4150,Circular Transfer,A0074,A0250,2,,HIGH,Bi-directional money flow detected
4151,Circular Transfer,A0068,A0376,2,,HIGH,Bi-directional money flow detected
4152,Circular Transfer,A0116,A0130,2,,HIGH,Bi-directional money flow detected
4153,Circular Transfer,A0461,A0055,2,,HIGH,Bi-directional money flow detected
4154,Circular Transfer,A0239,A0018,2,,HIGH,Bi-directional money flow detected
4155,Circular Transfer,A0331,A0282,2,,HIGH,Bi-directional money flow detected
4156,Circular Transfer,A0365,A0060,2,,HIGH,Bi-directional money flow detected
4157,Circular Transfer,A0497,A0206,2,,HIGH,Bi-directional money flow detected
4158,Circular Transfer,A0183,A0470,2,,HIGH,Bi-directional money flow detected
4159,Circular Transfer,A0198,A0420,2,,HIGH,Bi-directional money flow detected
4160,Circular Transfer,A0271,A0001,2,,HIGH,Bi-directional money flow detected
4161,Circular Transfer,A0099,A0217,2,,HIGH,Bi-directional money flow detected
4162,Circular Transfer,A0204,A0340,2,,HIGH,Bi-directional money flow detected
4163,Circular Transfer,A0047,A0238,2,,HIGH,Bi-directional money flow detected
4164,Circular Transfer,A0109,A0205,2,,HIGH,Bi-directional money flow detected
4165,Circular Transfer,A0092,A0184,2,,HIGH,Bi-directional money flow detected
4166,Circular Transfer,A0294,A0007,2,,HIGH,Bi-directional money flow detected
4167,Circular Transfer,A0028,A0285,2,,HIGH,Bi-directional money flow detected
4168,Circular Transfer,A0267,A0268,2,,HIGH,Bi-directional money flow detected
4169,Circular Transfer,A0157,A0113,2,,HIGH,Bi-directional money flow detected
4170,Circular Transfer,A0373,A0151,2,,HIGH,Bi-directional money flow detected
4171,Circular Transfer,A0228,A0021,2,,HIGH,Bi-directional money flow detected
4172,Circular Transfer,A0210,A0435,2,,HIGH,Bi-directional money flow detected
4173,Circular Transfer,A0190,A0108,2,,HIGH,Bi-directional money flow detected
4174,Circular Transfer,A0028,A0247,2,,HIGH,Bi-directional money flow detected
4175,Circular Transfer,A0387,A0313,2,,HIGH,Bi-directional money flow detected
4176,Circular Transfer,A0339,A0018,2,,HIGH,Bi-directional money flow detected
4177,Circular Transfer,A0140,A0364,2,,HIGH,Bi-directional money flow detected
4178,Circular Transfer,A0353,A0332,2,,HIGH,Bi-directional money flow detected
4179,Circular Transfer,A0327,A0197,2,,HIGH,Bi-directional money flow detected
4180,Circular Transfer,A0171,A0358,2,,HIGH,Bi-directional money flow detected
4181,Circular Transfer,A0288,A0169,2,,HIGH,Bi-directional money flow detected
4182,Circular Transfer,A0180,A0481,2,,HIGH,Bi-directional money flow detected
4183,Circular Transfer,A0434,A0421,2,,HIGH,Bi-directional money flow detected
4184,Circular Transfer,A0277,A0097,2,,HIGH,Bi-directional money flow detected
4185,Circular Transfer,A0440,A0007,2,,HIGH,Bi-directional money flow detected
4186,Circular Transfer,A0277,A0431,2,,HIGH,Bi-directional money flow detected
4187,Circular Transfer,A0447,A0464,2,,HIGH,Bi-directional money flow detected
4188,Circular Transfer,A0437,A0142,2,,HIGH,Bi-directional money flow detected
4189,Circular Transfer,A0334,A0482,2,,HIGH,Bi-directional money flow detected
4190,Circular Transfer,A0113,A0042,2,,HIGH,Bi-directional money flow detected
4191,Circular Transfer,A0063,A0155,2,,HIGH,Bi-directional money flow detected
4192,Circular Transfer,A0498,A0173,2,,HIGH,Bi-directional money flow detected
4193,Circular Transfer,A0245,A0481,2,,HIGH,Bi-directional money flow detected
4194,Circular Transfer,A0332,A0246,2,,HIGH,Bi-directional money flow detected
4195,Circular Transfer,A0253,A0241,2,,HIGH,Bi-directional money flow detected
4196,Circular Transfer,A0147,A0053,2,,HIGH,Bi-directional money flow detected
4197,Circular Transfer,A0403,A0054,2,,HIGH,Bi-directional money flow detected
4198,Circular Transfer,A0238,A0054,2,,HIGH,Bi-directional money flow detected
4199,Circular Transfer,A0411,A0130,2,,HIGH,Bi-directional money flow detected
4200,Circular Transfer,A0198,A0257,2,,HIGH,Bi-directional money flow detected
4201,Circular Transfer,A0218,A0321,2,,HIGH,Bi-directional money flow detected
4202,Circular Transfer,A0037,A0124,2,,HIGH,Bi-directional money flow detected
4203,Circular Transfer,A0165,A0175,2,,HIGH,Bi-directional money flow detected
4204,Circular Transfer,A0007,A0472,2,,HIGH,Bi-directional money flow detected
4205,Circular Transfer,A0413,A0106,2,,HIGH,Bi-directional money flow detected
4206,Circular Transfer,A0064,A0063,2,,HIGH,Bi-directional money flow detected
4207,Circular Transfer,A0466,A0183,2,,HIGH,Bi-directional money flow detected
4208,Circular Transfer,A0414,A0033,2,,HIGH,Bi-directional money flow detected
4209,Circular Transfer,A0074,A0204,2,,HIGH,Bi-directional money flow detected
4210,Circular Transfer,A0458,A0318,2,,HIGH,Bi-directional money flow detected
4211,Circular Transfer,A0237,A0285,2,,HIGH,Bi-directional money flow detected
4212,Circular Transfer,A0410,A0380,2,,HIGH,Bi-directional money flow detected
4213,Circular Transfer,A0102,A0069,2,,HIGH,Bi-directional money flow detected
4214,Circular Transfer,A0338,A0158,2,,HIGH,Bi-directional money flow detected
4215,Circular Transfer,A0045,A0083,2,,HIGH,Bi-directional money flow detected
4216,Circular Transfer,A0073,A0149,2,,HIGH,Bi-directional money flow detected
4217,Circular Transfer,A0399,A0157,2,,HIGH,Bi-directional money flow detected
4218,Circular Transfer,A0462,A0078,2,,HIGH,Bi-directional money flow detected
4219,Circular Transfer,A0401,A0173,2,,HIGH,Bi-directional money flow detected
4220,Circular Transfer,A0295,A0449,2,,HIGH,Bi-directional money flow detected
4221,Circular Transfer,A0278,A0091,2,,HIGH,Bi-directional money flow detected
4222,Circular Transfer,A0095,A0367,2,,HIGH,Bi-directional money flow detected
4223,Circular Transfer,A0220,A0199,2,,HIGH,Bi-directional money flow detected
4224,Circular Transfer,A0146,A0295,2,,HIGH,Bi-directional money flow detected
4225,Circular Transfer,A0205,A0383,2,,HIGH,Bi-directional money flow detected
4226,Circular Transfer,A0361,A0158,2,,HIGH,Bi-directional money flow detected
4227,Circular Transfer,A0106,A0198,2,,HIGH,Bi-directional money flow detected
4228,Circular Transfer,A0214,A0057,2,,HIGH,Bi-directional money flow detected
4229,Circular Transfer,A0393,A0446,2,,HIGH,Bi-directional money flow detected
4230,Circular Transfer,A0215,A0280,2,,HIGH,Bi-directional money flow detected
4231,Circular Transfer,A0247,A0147,2,,HIGH,Bi-directional money flow detected
4232,Circular Transfer,A0242,A0468,2,,HIGH,Bi-directional money flow detected
4233,Circular Transfer,A0432,A0034,2,,HIGH,Bi-directional money flow detected
4234,Circular Transfer,A0010,A0016,2,,HIGH,Bi-directional money flow detected
4235,Circular Transfer,A0485,A0455,2,,HIGH,Bi-directional money flow detected
4236,Circular Transfer,A0118,A0084,2,,HIGH,Bi-directional money flow detected
4237,Circular Transfer,A0221,A0192,2,,HIGH,Bi-directional money flow detected
4238,Circular Transfer,A0373,A0342,2,,HIGH,Bi-directional money flow detected
4239,Circular Transfer,A0439,A0470,2,,HIGH,Bi-directional money flow detected
4240,Circular Transfer,A0372,A0426,2,,HIGH,Bi-directional money flow detected
4241,Circular Transfer,A0267,A0484,2,,HIGH,Bi-directional money flow detected
4242,Circular Transfer,A0208,A0439,2,,HIGH,Bi-directional money flow detected
4243,Circular Transfer,A0009,A0126,2,,HIGH,Bi-directional money flow detected
4244,Circular Transfer,A0282,A0340,2,,HIGH,Bi-directional money flow detected
4245,Circular Transfer,A0308,A0152,2,,HIGH,Bi-directional money flow detected
4246,Circular Transfer,A0440,A0122,2,,HIGH,Bi-directional money flow detected
4247,Circular Transfer,A0099,A0036,2,,HIGH,Bi-directional money flow detected
4248,Circular Transfer,A0034,A0276,2,,HIGH,Bi-directional money flow detected
4249,Circular Transfer,A0067,A0458,2,,HIGH,Bi-directional money flow detected
4250,Circular Transfer,A0486,A0330,2,,HIGH,Bi-directional money flow detected
4251,Circular Transfer,A0252,A0232,2,,HIGH,Bi-directional money flow detected
4252,Circular Transfer,A0050,A0230,2,,HIGH,Bi-directional money flow detected
4253,Circular Transfer,A0307,A0262,2,,HIGH,Bi-directional money flow detected
4254,Circular Transfer,A0024,A0092,2,,HIGH,Bi-directional money flow detected
4255,Circular Transfer,A0262,A0220,2,,HIGH,Bi-directional money flow detected
4256,Circular Transfer,A0373,A0444,2,,HIGH,Bi-directional money flow detected
4257,Circular Transfer,A0082,A0235,2,,HIGH,Bi-directional money flow detected
4258,Circular Transfer,A0010,A0203,2,,HIGH,Bi-directional money flow detected
4259,Circular Transfer,A0297,A0058,2,,HIGH,Bi-directional money flow detected
4260,Circular Transfer,A0249,A0146,2,,HIGH,Bi-directional money flow detected
4261,Circular Transfer,A0434,A0205,2,,HIGH,Bi-directional money flow detected
4262,Circular Transfer,A0306,A0147,2,,HIGH,Bi-directional money flow detected
4263,Circular Transfer,A0480,A0413,2,,HIGH,Bi-directional money flow detected
4264,Circular Transfer,A0107,A0348,2,,HIGH,Bi-directional money flow detected
4265,Circular Transfer,A0256,A0214,2,,HIGH,Bi-directional money flow detected
4266,Circular Transfer,A0035,A0085,2,,HIGH,Bi-directional money flow detected
4267,Circular Transfer,A0391,A0440,2,,HIGH,Bi-directional money flow detected
4268,Circular Transfer,A0045,A0024,2,,HIGH,Bi-directional money flow detected
4269,Circular Transfer,A0276,A0009,2,,HIGH,Bi-directional money flow detected
4270,Circular Transfer,A0099,A0021,2,,HIGH,Bi-directional money flow detected
4271,Circular Transfer,A0094,A0077,2,,HIGH,Bi-directional money flow detected
4272,Circular Transfer,A0436,A0253,2,,HIGH,Bi-directional money flow detected
4273,Circular Transfer,A0438,A0465,2,,HIGH,Bi-directional money flow detected
4274,Circular Transfer,A0133,A0275,2,,HIGH,Bi-directional money flow detected
4275,Circular Transfer,A0340,A0225,2,,HIGH,Bi-directional money flow detected
4276,Circular Transfer,A0224,A0095,2,,HIGH,Bi-directional money flow detected
4277,Circular Transfer,A0357,A0369,2,,HIGH,Bi-directional money flow detected
4278,Circular Transfer,A0088,A0192,2,,HIGH,Bi-directional money flow detected
4279,Circular Transfer,A0304,A0031,2,,HIGH,Bi-directional money flow detected
4280,Circular Transfer,A0318,A0213,2,,HIGH,Bi-directional money flow detected
4281,Circular Transfer,A0084,A0123,2,,HIGH,Bi-directional money flow detected
4282,Circular Transfer,A0186,A0424,2,,HIGH,Bi-directional money flow detected
4283,Circular Transfer,A0486,A0497,2,,HIGH,Bi-directional money flow detected
4284,Circular Transfer,A0463,A0030,2,,HIGH,Bi-directional money flow detected
4285,Circular Transfer,A0253,A0171,2,,HIGH,Bi-directional money flow detected
4286,Circular Transfer,A0135,A0059,2,,HIGH,Bi-directional money flow detected
4287,Circular Transfer,A0246,A0012,2,,HIGH,Bi-directional money flow detected
4288,Circular Transfer,A0261,A0476,2,,HIGH,Bi-directional money flow detected
4289,Circular Transfer,A0373,A0022,2,,HIGH,Bi-directional money flow detected
4290,Circular Transfer,A0201,A0384,2,,HIGH,Bi-directional money flow detected
4291,Circular Transfer,A0234,A0021,2,,HIGH,Bi-directional money flow detected
4292,Circular Transfer,A0085,A0262,2,,HIGH,Bi-directional money flow detected
4293,Circular Transfer,A0477,A0220,2,,HIGH,Bi-directional money flow detected
4294,Circular Transfer,A0445,A0382,2,,HIGH,Bi-directional money flow detected
4295,Circular Transfer,A0130,A0473,2,,HIGH,Bi-directional money flow detected
4296,Circular Transfer,A0426,A0037,2,,HIGH,Bi-directional money flow detected
4297,Circular Transfer,A0383,A0162,2,,HIGH,Bi-directional money flow detected
4298,Circular Transfer,A0168,A0272,2,,HIGH,Bi-directional money flow detected
4299,Circular Transfer,A0353,A0249,2,,HIGH,Bi-directional money flow detected
4300,Circular Transfer,A0455,A0243,2,,HIGH,Bi-directional money flow detected
4301,Circular Transfer,A0013,A0312,2,,HIGH,Bi-directional money flow detected
4302,Circular Transfer,A0225,A0261,2,,HIGH,Bi-directional money flow detected
4303,Circular Transfer,A0410,A0187,2,,HIGH,Bi-directional money flow detected
4304,Circular Transfer,A0427,A0265,2,,HIGH,Bi-directional money flow detected
4305,Circular Transfer,A0316,A0030,2,,HIGH,Bi-directional money flow detected
4306,Circular Transfer,A0083,A0468,2,,HIGH,Bi-directional money flow detected
4307,Circular Transfer,A0308,A0234,2,,HIGH,Bi-directional money flow detected
4308,Circular Transfer,A0382,A0258,2,,HIGH,Bi-directional money flow detected
4309,Circular Transfer,A0280,A0015,2,,HIGH,Bi-directional money flow detected
4310,Circular Transfer,A0225,A0378,2,,HIGH,Bi-directional money flow detected
4311,Circular Transfer,A0441,A0101,2,,HIGH,Bi-directional money flow detected
4312,Circular Transfer,A0147,A0204,2,,HIGH,Bi-directional money flow detected
4313,Circular Transfer,A0234,A0377,2,,HIGH,Bi-directional money flow detected
4314,Circular Transfer,A0373,A0026,2,,HIGH,Bi-directional money flow detected
4315,Circular Transfer,A0394,A0056,2,,HIGH,Bi-directional money flow detected
4316,Circular Transfer,A0127,A0465,2,,HIGH,Bi-directional money flow detected
4317,Circular Transfer,A0091,A0086,2,,HIGH,Bi-directional money flow detected
4318,Circular Transfer,A0234,A0245,2,,HIGH,Bi-directional money flow detected
4319,Circular Transfer,A0033,A0143,2,,HIGH,Bi-directional money flow detected
4320,Circular Transfer,A0249,A0296,2,,HIGH,Bi-directional money flow detected
4321,Circular Transfer,A0299,A0288,2,,HIGH,Bi-directional money flow detected
4322,Circular Transfer,A0398,A0009,2,,HIGH,Bi-directional money flow detected
4323,Circular Transfer,A0085,A0315,2,,HIGH,Bi-directional money flow detected
4324,Circular Transfer,A0446,A0200,2,,HIGH,Bi-directional money flow detected
4325,Circular Transfer,A0225,A0056,2,,HIGH,Bi-directional money flow detected
4326,Circular Transfer,A0152,A0417,2,,HIGH,Bi-directional money flow detected
4327,Circular Transfer,A0314,A0500,2,,HIGH,Bi-directional money flow detected
4328,Circular Transfer,A0055,A0221,2,,HIGH,Bi-directional money flow detected
4329,Circular Transfer,A0432,A0150,2,,HIGH,Bi-directional money flow detected
4330,Circular Transfer,A0319,A0115,2,,HIGH,Bi-directional money flow detected
4331,Circular Transfer,A0480,A0168,2,,HIGH,Bi-directional money flow detected
4332,Circular Transfer,A0106,A0276,2,,HIGH,Bi-directional money flow detected
4333,Circular Transfer,A0242,A0481,2,,HIGH,Bi-directional money flow detected
4334,Circular Transfer,A0070,A0030,2,,HIGH,Bi-directional money flow detected
4335,Circular Transfer,A0227,A0265,2,,HIGH,Bi-directional money flow detected
4336,Circular Transfer,A0362,A0384,2,,HIGH,Bi-directional money flow detected
4337,Circular Transfer,A0242,A0326,2,,HIGH,Bi-directional money flow detected
4338,Circular Transfer,A0375,A0454,2,,HIGH,Bi-directional money flow detected
4339,Circular Transfer,A0065,A0222,2,,HIGH,Bi-directional money flow detected
4340,Circular Transfer,A0220,A0050,2,,HIGH,Bi-directional money flow detected
4341,Circular Transfer,A0110,A0341,2,,HIGH,Bi-directional money flow detected
4342,Circular Transfer,A0409,A0123,2,,HIGH,Bi-directional money flow detected
4343,Circular Transfer,A0267,A0439,2,,HIGH,Bi-directional money flow detected
4344,Circular Transfer,A0260,A0482,2,,HIGH,Bi-directional money flow detected
4345,Circular Transfer,A0331,A0185,2,,HIGH,Bi-directional money flow detected
4346,Circular Transfer,A0169,A0082,2,,HIGH,Bi-directional money flow detected
4347,Circular Transfer,A0488,A0326,2,,HIGH,Bi-directional money flow detected
4348,Circular Transfer,A0306,A0113,2,,HIGH,Bi-directional money flow detected
4349,Circular Transfer,A0409,A0327,2,,HIGH,Bi-directional money flow detected
4350,Circular Transfer,A0129,A0417,2,,HIGH,Bi-directional money flow detected
4351,Circular Transfer,A0145,A0337,2,,HIGH,Bi-directional money flow detected
4352,Circular Transfer,A0268,A0414,2,,HIGH,Bi-directional money flow detected
4353,Circular Transfer,A0494,A0495,2,,HIGH,Bi-directional money flow detected
4354,Circular Transfer,A0341,A0182,2,,HIGH,Bi-directional money flow detected
4355,Circular Transfer,A0108,A0028,2,,HIGH,Bi-directional money flow detected
4356,Circular Transfer,A0061,A0091,2,,HIGH,Bi-directional money flow detected
4357,Circular Transfer,A0379,A0256,2,,HIGH,Bi-directional money flow detected
4358,Circular Transfer,A0021,A0122,2,,HIGH,Bi-directional money flow detected
4359,Circular Transfer,A0415,A0451,2,,HIGH,Bi-directional money flow detected
4360,Circular Transfer,A0003,A0169,2,,HIGH,Bi-directional money flow detected
4361,Circular Transfer,A0002,A0179,2,,HIGH,Bi-directional money flow detected
4362,Circular Transfer,A0098,A0359,2,,HIGH,Bi-directional money flow detected
4363,Circular Transfer,A0271,A0144,2,,HIGH,Bi-directional money flow detected
4364,Circular Transfer,A0467,A0086,2,,HIGH,Bi-directional money flow detected
4365,Circular Transfer,A0387,A0494,2,,HIGH,Bi-directional money flow detected
4366,Circular Transfer,A0402,A0268,2,,HIGH,Bi-directional money flow detected
4367,Circular Transfer,A0120,A0171,2,,HIGH,Bi-directional money flow detected
4368,Circular Transfer,A0395,A0326,2,,HIGH,Bi-directional money flow detected
4369,Circular Transfer,A0397,A0235,2,,HIGH,Bi-directional money flow detected
4370,Circular Transfer,A0187,A0459,2,,HIGH,Bi-directional money flow detected
4371,Circular Transfer,A0456,A0221,2,,HIGH,Bi-directional money flow detected
4372,Circular Transfer,A0098,A0020,2,,HIGH,Bi-directional money flow detected
4373,Circular Transfer,A0376,A0027,2,,HIGH,Bi-directional money flow detected
4374,Circular Transfer,A0200,A0202,2,,HIGH,Bi-directional money flow detected
4375,Circular Transfer,A0203,A0084,2,,HIGH,Bi-directional money flow detected
4376,Circular Transfer,A0116,A0380,2,,HIGH,Bi-directional money flow detected
4377,Circular Transfer,A0213,A0331,2,,HIGH,Bi-directional money flow detected
4378,Circular Transfer,A0165,A0481,2,,HIGH,Bi-directional money flow detected
4379,Circular Transfer,A0108,A0071,2,,HIGH,Bi-directional money flow detected
4380,Circular Transfer,A0158,A0150,2,,HIGH,Bi-directional money flow detected
4381,Circular Transfer,A0439,A0399,2,,HIGH,Bi-directional money flow detected
4382,Circular Transfer,A0340,A0029,2,,HIGH,Bi-directional money flow detected
4383,Circular Transfer,A0077,A0079,2,,HIGH,Bi-directional money flow detected
4384,Circular Transfer,A0165,A0326,2,,HIGH,Bi-directional money flow detected
4385,Circular Transfer,A0279,A0383,2,,HIGH,Bi-directional money flow detected
4386,Circular Transfer,A0092,A0124,2,,HIGH,Bi-directional money flow detected
4387,Circular Transfer,A0319,A0252,2,,HIGH,Bi-directional money flow detected
4388,Circular Transfer,A0323,A0461,2,,HIGH,Bi-directional money flow detected
4389,Circular Transfer,A0313,A0329,2,,HIGH,Bi-directional money flow detected
4390,Circular Transfer,A0019,A0306,2,,HIGH,Bi-directional money flow detected
4391,Circular Transfer,A0095,A0492,2,,HIGH,Bi-directional money flow detected
4392,Circular Transfer,A0297,A0382,2,,HIGH,Bi-directional money flow detected
4393,Circular Transfer,A0352,A0297,2,,HIGH,Bi-directional money flow detected
4394,Circular Transfer,A0272,A0466,2,,HIGH,Bi-directional money flow detected
4395,Circular Transfer,A0048,A0500,2,,HIGH,Bi-directional money flow detected
4396,Circular Transfer,A0042,A0335,2,,HIGH,Bi-directional money flow detected
4397,Circular Transfer,A0069,A0285,2,,HIGH,Bi-directional money flow detected
4398,Circular Transfer,A0332,A0193,2,,HIGH,Bi-directional money flow detected
4399,Circular Transfer,A0236,A0112,2,,HIGH,Bi-directional money flow detected
4400,Circular Transfer,A0124,A0405,2,,HIGH,Bi-directional money flow detected
4401,Circular Transfer,A0472,A0005,2,,HIGH,Bi-directional money flow detected
4402,Circular Transfer,A0330,A0134,2,,HIGH,Bi-directional money flow detected
4403,Circular Transfer,A0277,A0416,2,,HIGH,Bi-directional money flow detected
4404,Circular Transfer,A0014,A0063,2,,HIGH,Bi-directional money flow detected
4405,Circular Transfer,A0411,A0005,2,,HIGH,Bi-directional money flow detected
4406,Circular Transfer,A0311,A0412,2,,HIGH,Bi-directional money flow detected
4407,Circular Transfer,A0017,A0490,2,,HIGH,Bi-directional money flow detected
4408,Circular Transfer,A0046,A0475,2,,HIGH,Bi-directional money flow detected
4409,Circular Transfer,A0136,A0190,2,,HIGH,Bi-directional money flow detected
4410,Circular Transfer,A0302,A0234,2,,HIGH,Bi-directional money flow detected
4411,Circular Transfer,A0359,A0464,2,,HIGH,Bi-directional money flow detected
4412,Circular Transfer,A0326,A0020,2,,HIGH,Bi-directional money flow detected
4413,Circular Transfer,A0035,A0157,2,,HIGH,Bi-directional money flow detected
4414,Circular Transfer,A0209,A0199,2,,HIGH,Bi-directional money flow detected
4415,Circular Transfer,A0419,A0219,2,,HIGH,Bi-directional money flow detected
4416,Circular Transfer,A0458,A0406,2,,HIGH,Bi-directional money flow detected
4417,Circular Transfer,A0497,A0346,2,,HIGH,Bi-directional money flow detected
4418,Circular Transfer,A0097,A0181,2,,HIGH,Bi-directional money flow detected
4419,Circular Transfer,A0415,A0326,2,,HIGH,Bi-directional money flow detected
4420,Circular Transfer,A0425,A0293,2,,HIGH,Bi-directional money flow detected
4421,Circular Transfer,A0426,A0333,2,,HIGH,Bi-directional money flow detected
4422,Circular Transfer,A0268,A0270,2,,HIGH,Bi-directional money flow detected
4423,Circular Transfer,A0166,A0268,2,,HIGH,Bi-directional money flow detected
4424,Circular Transfer,A0394,A0465,2,,HIGH,Bi-directional money flow detected
4425,Circular Transfer,A0231,A0099,2,,HIGH,Bi-directional money flow detected
4426,Circular Transfer,A0134,A0096,2,,HIGH,Bi-directional money flow detected
4427,Circular Transfer,A0389,A0447,2,,HIGH,Bi-directional money flow detected
4428,Circular Transfer,A0240,A0330,2,,HIGH,Bi-directional money flow detected
4429,Circular Transfer,A0043,A0139,2,,HIGH,Bi-directional money flow detected
4430,Circular Transfer,A0142,A0031,2,,HIGH,Bi-directional money flow detected
4431,Circular Transfer,A0240,A0257,2,,HIGH,Bi-directional money flow detected
4432,Circular Transfer,A0011,A0402,2,,HIGH,Bi-directional money flow detected
4433,Circular Transfer,A0431,A0181,2,,HIGH,Bi-directional money flow detected
4434,Circular Transfer,A0435,A0207,2,,HIGH,Bi-directional money flow detected
4435,Circular Transfer,A0141,A0432,2,,HIGH,Bi-directional money flow detected
4436,Circular Transfer,A0079,A0373,2,,HIGH,Bi-directional money flow detected
4437,Circular Transfer,A0397,A0094,2,,HIGH,Bi-directional money flow detected
4438,Circular Transfer,A0130,A0171,2,,HIGH,Bi-directional money flow detected
4439,Circular Transfer,A0303,A0383,2,,HIGH,Bi-directional money flow detected
4440,Circular Transfer,A0389,A0276,2,,HIGH,Bi-directional money flow detected
4441,Circular Transfer,A0434,A0486,2,,HIGH,Bi-directional money flow detected
4442,Circular Transfer,A0255,A0484,2,,HIGH,Bi-directional money flow detected
4443,Circular Transfer,A0225,A0075,2,,HIGH,Bi-directional money flow detected
4444,Circular Transfer,A0157,A0079,2,,HIGH,Bi-directional money flow detected
4445,Circular Transfer,A0081,A0270,2,,HIGH,Bi-directional money flow detected
4446,Circular Transfer,A0079,A0338,2,,HIGH,Bi-directional money flow detected
4447,Circular Transfer,A0337,A0023,2,,HIGH,Bi-directional money flow detected
4448,Circular Transfer,A0451,A0492,2,,HIGH,Bi-directional money flow detected
4449,Circular Transfer,A0117,A0373,2,,HIGH,Bi-directional money flow detected
4450,Circular Transfer,A0141,A0319,2,,HIGH,Bi-directional money flow detected
4451,Circular Transfer,A0152,A0027,2,,HIGH,Bi-directional money flow detected
4452,Circular Transfer,A0202,A0457,2,,HIGH,Bi-directional money flow detected
4453,Circular Transfer,A0317,A0074,2,,HIGH,Bi-directional money flow detected
4454,Circular Transfer,A0429,A0181,2,,HIGH,Bi-directional money flow detected
4455,Circular Transfer,A0292,A0327,2,,HIGH,Bi-directional money flow detected
4456,Circular Transfer,A0192,A0179,2,,HIGH,Bi-directional money flow detected
4457,Circular Transfer,A0163,A0168,2,,HIGH,Bi-directional money flow detected
4458,Circular Transfer,A0472,A0463,2,,HIGH,Bi-directional money flow detected
4459,Circular Transfer,A0099,A0464,2,,HIGH,Bi-directional money flow detected
4460,Circular Transfer,A0374,A0269,2,,HIGH,Bi-directional money flow detected
4461,Circular Transfer,A0014,A0277,2,,HIGH,Bi-directional money flow detected
4462,Circular Transfer,A0312,A0364,2,,HIGH,Bi-directional money flow detected
4463,Circular Transfer,A0381,A0373,2,,HIGH,Bi-directional money flow detected
4464,Circular Transfer,A0292,A0420,2,,HIGH,Bi-directional money flow detected
4465,Circular Transfer,A0233,A0350,2,,HIGH,Bi-directional money flow detected
4466,Circular Transfer,A0201,A0475,2,,HIGH,Bi-directional money flow detected
4467,Circular Transfer,A0293,A0269,2,,HIGH,Bi-directional money flow detected
4468,Circular Transfer,A0452,A0377,2,,HIGH,Bi-directional money flow detected
4469,Circular Transfer,A0070,A0001,2,,HIGH,Bi-directional money flow detected
4470,Circular Transfer,A0066,A0444,2,,HIGH,Bi-directional money flow detected
4471,Circular Transfer,A0364,A0120,2,,HIGH,Bi-directional money flow detected
4472,Circular Transfer,A0415,A0482,2,,HIGH,Bi-directional money flow detected
4473,Circular Transfer,A0412,A0134,2,,HIGH,Bi-directional money flow detected
4474,Circular Transfer,A0450,A0352,2,,HIGH,Bi-directional money flow detected
4475,Circular Transfer,A0358,A0330,2,,HIGH,Bi-directional money flow detected
4476,Circular Transfer,A0271,A0109,2,,HIGH,Bi-directional money flow detected
4477,Circular Transfer,A0083,A0113,2,,HIGH,Bi-directional money flow detected
4478,Circular Transfer,A0241,A0394,2,,HIGH,Bi-directional money flow detected
4479,Circular Transfer,A0132,A0298,2,,HIGH,Bi-directional money flow detected
4480,Circular Transfer,A0265,A0210,2,,HIGH,Bi-directional money flow detected
4481,Circular Transfer,A0095,A0291,2,,HIGH,Bi-directional money flow detected
4482,Circular Transfer,A0058,A0391,2,,HIGH,Bi-directional money flow detected
4483,Circular Transfer,A0124,A0246,2,,HIGH,Bi-directional money flow detected
4484,Circular Transfer,A0066,A0187,2,,HIGH,Bi-directional money flow detected
4485,Circular Transfer,A0388,A0470,2,,HIGH,Bi-directional money flow detected
4486,Circular Transfer,A0282,A0378,2,,HIGH,Bi-directional money flow detected
4487,Circular Transfer,A0411,A0241,2,,HIGH,Bi-directional money flow detected
4488,Circular Transfer,A0251,A0269,2,,HIGH,Bi-directional money flow detected
4489,Circular Transfer,A0270,A0445,2,,HIGH,Bi-directional money flow detected
4490,Circular Transfer,A0386,A0306,2,,HIGH,Bi-directional money flow detected
4491,Circular Transfer,A0133,A0249,2,,HIGH,Bi-directional money flow detected
4492,Circular Transfer,A0339,A0384,2,,HIGH,Bi-directional money flow detected
4493,Circular Transfer,A0176,A0244,2,,HIGH,Bi-directional money flow detected
4494,Circular Transfer,A0269,A0094,2,,HIGH,Bi-directional money flow detected
4495,Circular Transfer,A0076,A0249,2,,HIGH,Bi-directional money flow detected
4496,Circular Transfer,A0312,A0141,2,,HIGH,Bi-directional money flow detected
4497,Circular Transfer,A0009,A0407,2,,HIGH,Bi-directional money flow detected
4498,Circular Transfer,A0050,A0454,2,,HIGH,Bi-directional money flow detected
4499,Circular Transfer,A0245,A0203,2,,HIGH,Bi-directional money flow detected
4500,Circular Transfer,A0031,A0088,2,,HIGH,Bi-directional money flow detected
4501,Circular Transfer,A0481,A0188,2,,HIGH,Bi-directional money flow detected
4502,Circular Transfer,A0464,A0197,2,,HIGH,Bi-directional money flow detected
4503,Circular Transfer,A0470,A0304,2,,HIGH,Bi-directional money flow detected
4504,Circular Transfer,A0139,A0395,2,,HIGH,Bi-directional money flow detected
4505,Circular Transfer,A0021,A0252,2,,HIGH,Bi-directional money flow detected
4506,Circular Transfer,A0480,A0242,2,,HIGH,Bi-directional money flow detected
4507,Circular Transfer,A0180,A0028,2,,HIGH,Bi-directional money flow detected
4508,Circular Transfer,A0226,A0122,2,,HIGH,Bi-directional money flow detected
4509,Circular Transfer,A0119,A0409,2,,HIGH,Bi-directional money flow detected
4510,Circular Transfer,A0192,A0067,2,,HIGH,Bi-directional money flow detected
4511,Circular Transfer,A0448,A0302,2,,HIGH,Bi-directional money flow detected
4512,Circular Transfer,A0162,A0384,2,,HIGH,Bi-directional money flow detected
4513,Circular Transfer,A0353,A0373,2,,HIGH,Bi-directional money flow detected
4514,Circular Transfer,A0289,A0019,2,,HIGH,Bi-directional money flow detected
4515,Circular Transfer,A0102,A0405,2,,HIGH,Bi-directional money flow detected
4516,Circular Transfer,A0038,A0169,2,,HIGH,Bi-directional money flow detected
4517,Circular Transfer,A0390,A0464,2,,HIGH,Bi-directional money flow detected
4518,Circular Transfer,A0255,A0021,2,,HIGH,Bi-directional money flow detected
4519,Circular Transfer,A0200,A0394,2,,HIGH,Bi-directional money flow detected
4520,Circular Transfer,A0449,A0333,2,,HIGH,Bi-directional money flow detected
4521,Circular Transfer,A0192,A0326,2,,HIGH,Bi-directional money flow detected
4522,Circular Transfer,A0082,A0138,2,,HIGH,Bi-directional money flow detected
4523,Circular Transfer,A0079,A0410,2,,HIGH,Bi-directional money flow detected
4524,Circular Transfer,A0259,A0351,2,,HIGH,Bi-directional money flow detected
4525,Circular Transfer,A0233,A0119,2,,HIGH,Bi-directional money flow detected
4526,Circular Transfer,A0194,A0263,2,,HIGH,Bi-directional money flow detected
4527,Circular Transfer,A0228,A0057,2,,HIGH,Bi-directional money flow detected
4528,Circular Transfer,A0182,A0238,2,,HIGH,Bi-directional money flow detected
4529,Circular Transfer,A0222,A0232,2,,HIGH,Bi-directional money flow detected
4530,Circular Transfer,A0346,A0245,2,,HIGH,Bi-directional money flow detected
4531,Circular Transfer,A0317,A0031,2,,HIGH,Bi-directional money flow detected
4532,Circular Transfer,A0263,A0075,2,,HIGH,Bi-directional money flow detected
4533,Circular Transfer,A0499,A0205,2,,HIGH,Bi-directional money flow detected
4534,Circular Transfer,A0495,A0160,2,,HIGH,Bi-directional money flow detected
4535,Circular Transfer,A0142,A0060,2,,HIGH,Bi-directional money flow detected
4536,Circular Transfer,A0102,A0084,2,,HIGH,Bi-directional money flow detected
4537,Circular Transfer,A0288,A0402,2,,HIGH,Bi-directional money flow detected
4538,Circular Transfer,A0209,A0011,2,,HIGH,Bi-directional money flow detected
4539,Circular Transfer,A0255,A0188,2,,HIGH,Bi-directional money flow detected
4540,Circular Transfer,A0030,A0111,2,,HIGH,Bi-directional money flow detected
4541,Circular Transfer,A0425,A0269,2,,HIGH,Bi-directional money flow detected
4542,Circular Transfer,A0489,A0478,2,,HIGH,Bi-directional money flow detected
4543,Circular Transfer,A0001,A0130,2,,HIGH,Bi-directional money flow detected
4544,Circular Transfer,A0354,A0482,2,,HIGH,Bi-directional money flow detected
4545,Circular Transfer,A0108,A0085,2,,HIGH,Bi-directional money flow detected
4546,Circular Transfer,A0416,A0399,2,,HIGH,Bi-directional money flow detected
4547,Circular Transfer,A0309,A0113,2,,HIGH,Bi-directional money flow detected
4548,Circular Transfer,A0274,A0173,2,,HIGH,Bi-directional money flow detected
4549,Circular Transfer,A0016,A0435,2,,HIGH,Bi-directional money flow detected
4550,Circular Transfer,A0191,A0470,2,,HIGH,Bi-directional money flow detected
4551,Circular Transfer,A0370,A0462,2,,HIGH,Bi-directional money flow detected
4552,Circular Transfer,A0023,A0157,2,,HIGH,Bi-directional money flow detected
4553,Circular Transfer,A0042,A0468,2,,HIGH,Bi-directional money flow detected
4554,Circular Transfer,A0400,A0311,2,,HIGH,Bi-directional money flow detected
4555,Circular Transfer,A0278,A0404,2,,HIGH,Bi-directional money flow detected
4556,Circular Transfer,A0050,A0328,2,,HIGH,Bi-directional money flow detected
4557,Circular Transfer,A0342,A0030,2,,HIGH,Bi-directional money flow detected
4558,Circular Transfer,A0367,A0070,2,,HIGH,Bi-directional money flow detected
4559,Circular Transfer,A0347,A0215,2,,HIGH,Bi-directional money flow detected
4560,Circular Transfer,A0358,A0037,2,,HIGH,Bi-directional money flow detected
4561,Circular Transfer,A0026,A0326,2,,HIGH,Bi-directional money flow detected
4562,Circular Transfer,A0168,A0100,2,,HIGH,Bi-directional money flow detected
4563,Circular Transfer,A0480,A0165,2,,HIGH,Bi-directional money flow detected
4564,Circular Transfer,A0165,A0058,2,,HIGH,Bi-directional money flow detected
4565,Circular Transfer,A0482,A0358,2,,HIGH,Bi-directional money flow detected
4566,Circular Transfer,A0050,A0067,2,,HIGH,Bi-directional money flow detected
4567,Circular Transfer,A0308,A0014,2,,HIGH,Bi-directional money flow detected
4568,Circular Transfer,A0070,A0453,2,,HIGH,Bi-directional money flow detected
4569,Circular Transfer,A0340,A0302,2,,HIGH,Bi-directional money flow detected
4570,Circular Transfer,A0045,A0059,2,,HIGH,Bi-directional money flow detected
4571,Circular Transfer,A0130,A0450,2,,HIGH,Bi-directional money flow detected
4572,Circular Transfer,A0404,A0207,2,,HIGH,Bi-directional money flow detected
4573,Circular Transfer,A0233,A0006,2,,HIGH,Bi-directional money flow detected
4574,Circular Transfer,A0351,A0481,2,,HIGH,Bi-directional money flow detected
4575,Circular Transfer,A0480,A0187,2,,HIGH,Bi-directional money flow detected
4576,Circular Transfer,A0391,A0319,2,,HIGH,Bi-directional money flow detected
4577,Circular Transfer,A0424,A0395,2,,HIGH,Bi-directional money flow detected
4578,Circular Transfer,A0026,A0053,2,,HIGH,Bi-directional money flow detected
4579,Circular Transfer,A0022,A0137,2,,HIGH,Bi-directional money flow detected
4580,Circular Transfer,A0467,A0043,2,,HIGH,Bi-directional money flow detected
4581,Circular Transfer,A0185,A0359,2,,HIGH,Bi-directional money flow detected
4582,Circular Transfer,A0024,A0123,2,,HIGH,Bi-directional money flow detected
4583,Circular Transfer,A0293,A0260,2,,HIGH,Bi-directional money flow detected
4584,Circular Transfer,A0117,A0244,2,,HIGH,Bi-directional money flow detected
4585,Circular Transfer,A0100,A0225,2,,HIGH,Bi-directional money flow detected
4586,Circular Transfer,A0341,A0414,2,,HIGH,Bi-directional money flow detected
4587,Circular Transfer,A0115,A0279,2,,HIGH,Bi-directional money flow detected
4588,Circular Transfer,A0148,A0034,2,,HIGH,Bi-directional money flow detected
4589,Circular Transfer,A0287,A0365,2,,HIGH,Bi-directional money flow detected
4590,Circular Transfer,A0329,A0157,2,,HIGH,Bi-directional money flow detected
4591,Circular Transfer,A0286,A0481,2,,HIGH,Bi-directional money flow detected
4592,Circular Transfer,A0424,A0187,2,,HIGH,Bi-directional money flow detected
4593,Circular Transfer,A0148,A0130,2,,HIGH,Bi-directional money flow detected
4594,Circular Transfer,A0492,A0070,2,,HIGH,Bi-directional money flow detected
4595,Circular Transfer,A0167,A0376,2,,HIGH,Bi-directional money flow detected
4596,Circular Transfer,A0406,A0364,2,,HIGH,Bi-directional money flow detected
4597,Circular Transfer,A0067,A0205,2,,HIGH,Bi-directional money flow detected
4598,Circular Transfer,A0089,A0447,2,,HIGH,Bi-directional money flow detected
4599,Circular Transfer,A0257,A0227,2,,HIGH,Bi-directional money flow detected
4600,Circular Transfer,A0279,A0185,2,,HIGH,Bi-directional money flow detected
4601,Circular Transfer,A0453,A0311,2,,HIGH,Bi-directional money flow detected
4602,Circular Transfer,A0266,A0448,2,,HIGH,Bi-directional money flow detected
4603,Circular Transfer,A0454,A0345,2,,HIGH,Bi-directional money flow detected
4604,Circular Transfer,A0075,A0269,2,,HIGH,Bi-directional money flow detected
4605,Circular Transfer,A0099,A0265,2,,HIGH,Bi-directional money flow detected
4606,Circular Transfer,A0092,A0063,2,,HIGH,Bi-directional money flow detected
4607,Circular Transfer,A0022,A0328,2,,HIGH,Bi-directional money flow detected
4608,Circular Transfer,A0192,A0098,2,,HIGH,Bi-directional money flow detected
4609,Circular Transfer,A0321,A0215,2,,HIGH,Bi-directional money flow detected
4610,Circular Transfer,A0404,A0040,2,,HIGH,Bi-directional money flow detected
4611,Circular Transfer,A0264,A0036,2,,HIGH,Bi-directional money flow detected
4612,Circular Transfer,A0191,A0197,2,,HIGH,Bi-directional money flow detected
4613,Circular Transfer,A0050,A0196,2,,HIGH,Bi-directional money flow detected
4614,Circular Transfer,A0465,A0274,2,,HIGH,Bi-directional money flow detected
4615,Circular Transfer,A0062,A0192,2,,HIGH,Bi-directional money flow detected
4616,Circular Transfer,A0332,A0288,2,,HIGH,Bi-directional money flow detected
4617,Circular Transfer,A0084,A0086,2,,HIGH,Bi-directional money flow detected
4618,Circular Transfer,A0072,A0400,2,,HIGH,Bi-directional money flow detected
4619,Circular Transfer,A0023,A0059,2,,HIGH,Bi-directional money flow detected
4620,Circular Transfer,A0189,A0403,2,,HIGH,Bi-directional money flow detected
4621,Circular Transfer,A0037,A0452,2,,HIGH,Bi-directional money flow detected
4622,Circular Transfer,A0245,A0135,2,,HIGH,Bi-directional money flow detected
4623,Circular Transfer,A0142,A0207,2,,HIGH,Bi-directional money flow detected
4624,Circular Transfer,A0220,A0179,2,,HIGH,Bi-directional money flow detected
4625,Circular Transfer,A0332,A0130,2,,HIGH,Bi-directional money flow detected
4626,Circular Transfer,A0285,A0221,2,,HIGH,Bi-directional money flow detected
4627,Circular Transfer,A0108,A0023,2,,HIGH,Bi-directional money flow detected
4628,Circular Transfer,A0461,A0496,2,,HIGH,Bi-directional money flow detected
4629,Circular Transfer,A0025,A0222,2,,HIGH,Bi-directional money flow detected
4630,Circular Transfer,A0472,A0070,2,,HIGH,Bi-directional money flow detected
4631,Circular Transfer,A0336,A0211,2,,HIGH,Bi-directional money flow detected
4632,Circular Transfer,A0453,A0375,2,,HIGH,Bi-directional money flow detected
4633,Circular Transfer,A0392,A0006,2,,HIGH,Bi-directional money flow detected
4634,Circular Transfer,A0019,A0240,2,,HIGH,Bi-directional money flow detected
4635,Circular Transfer,A0474,A0162,2,,HIGH,Bi-directional money flow detected
4636,Circular Transfer,A0478,A0268,2,,HIGH,Bi-directional money flow detected
4637,Circular Transfer,A0463,A0124,2,,HIGH,Bi-directional money flow detected
4638,Circular Transfer,A0364,A0351,2,,HIGH,Bi-directional money flow detected
4639,Circular Transfer,A0445,A0133,2,,HIGH,Bi-directional money flow detected
4640,Circular Transfer,A0317,A0086,2,,HIGH,Bi-directional money flow detected
4641,Circular Transfer,A0262,A0175,2,,HIGH,Bi-directional money flow detected
4642,Circular Transfer,A0068,A0341,2,,HIGH,Bi-directional money flow detected
4643,Circular Transfer,A0188,A0045,2,,HIGH,Bi-directional money flow detected
4644,Circular Transfer,A0152,A0245,2,,HIGH,Bi-directional money flow detected
4645,Circular Transfer,A0491,A0410,2,,HIGH,Bi-directional money flow detected
4646,Circular Transfer,A0097,A0065,2,,HIGH,Bi-directional money flow detected
4647,Circular Transfer,A0191,A0270,2,,HIGH,Bi-directional money flow detected
4648,Circular Transfer,A0085,A0155,2,,HIGH,Bi-directional money flow detected
4649,Circular Transfer,A0140,A0164,2,,HIGH,Bi-directional money flow detected
4650,Circular Transfer,A0136,A0277,2,,HIGH,Bi-directional money flow detected
4651,Circular Transfer,A0408,A0411,2,,HIGH,Bi-directional money flow detected
4652,Circular Transfer,A0178,A0209,2,,HIGH,Bi-directional money flow detected
4653,Circular Transfer,A0068,A0323,2,,HIGH,Bi-directional money flow detected
4654,Circular Transfer,A0278,A0317,2,,HIGH,Bi-directional money flow detected
4655,Circular Transfer,A0201,A0271,2,,HIGH,Bi-directional money flow detected
4656,Circular Transfer,A0371,A0292,2,,HIGH,Bi-directional money flow detected
4657,Circular Transfer,A0215,A0490,2,,HIGH,Bi-directional money flow detected
4658,Circular Transfer,A0174,A0070,2,,HIGH,Bi-directional money flow detected
4659,Circular Transfer,A0335,A0144,2,,HIGH,Bi-directional money flow detected
4660,Circular Transfer,A0051,A0186,2,,HIGH,Bi-directional money flow detected
4661,Circular Transfer,A0089,A0090,2,,HIGH,Bi-directional money flow detected
4662,Circular Transfer,A0484,A0023,2,,HIGH,Bi-directional money flow detected
4663,Circular Transfer,A0130,A0256,2,,HIGH,Bi-directional money flow detected
4664,Circular Transfer,A0127,A0330,2,,HIGH,Bi-directional money flow detected
4665,Circular Transfer,A0133,A0076,2,,HIGH,Bi-directional money flow detected
4666,Circular Transfer,A0124,A0375,2,,HIGH,Bi-directional money flow detected
4667,Circular Transfer,A0454,A0396,2,,HIGH,Bi-directional money flow detected
4668,Circular Transfer,A0268,A0388,2,,HIGH,Bi-directional money flow detected
4669,Circular Transfer,A0146,A0485,2,,HIGH,Bi-directional money flow detected
4670,Circular Transfer,A0101,A0458,2,,HIGH,Bi-directional money flow detected
4671,Circular Transfer,A0212,A0119,2,,HIGH,Bi-directional money flow detected
4672,Circular Transfer,A0192,A0058,2,,HIGH,Bi-directional money flow detected
4673,Circular Transfer,A0497,A0134,2,,HIGH,Bi-directional money flow detected
4674,Circular Transfer,A0269,A0423,2,,HIGH,Bi-directional money flow detected
4675,Circular Transfer,A0257,A0269,2,,HIGH,Bi-directional money flow detected
4676,Circular Transfer,A0409,A0408,2,,HIGH,Bi-directional money flow detected
4677,Circular Transfer,A0318,A0266,2,,HIGH,Bi-directional money flow detected
4678,Circular Transfer,A0305,A0142,2,,HIGH,Bi-directional money flow detected
4679,Circular Transfer,A0407,A0013,2,,HIGH,Bi-directional money flow detected
4680,Circular Transfer,A0013,A0494,2,,HIGH,Bi-directional money flow detected
4681,Circular Transfer,A0265,A0452,2,,HIGH,Bi-directional money flow detected
4682,Circular Transfer,A0486,A0328,2,,HIGH,Bi-directional money flow detected
4683,Circular Transfer,A0318,A0106,2,,HIGH,Bi-directional money flow detected
4684,Circular Transfer,A0374,A0082,2,,HIGH,Bi-directional money flow detected
4685,Circular Transfer,A0188,A0058,2,,HIGH,Bi-directional money flow detected
4686,Circular Transfer,A0184,A0331,2,,HIGH,Bi-directional money flow detected
4687,Circular Transfer,A0498,A0217,2,,HIGH,Bi-directional money flow detected
4688,Circular Transfer,A0218,A0134,2,,HIGH,Bi-directional money flow detected
4689,Circular Transfer,A0288,A0425,2,,HIGH,Bi-directional money flow detected
4690,Circular Transfer,A0418,A0443,2,,HIGH,Bi-directional money flow detected
4691,Circular Transfer,A0213,A0394,2,,HIGH,Bi-directional money flow detected
4692,Circular Transfer,A0364,A0303,2,,HIGH,Bi-directional money flow detected
4693,Circular Transfer,A0269,A0159,2,,HIGH,Bi-directional money flow detected
4694,Circular Transfer,A0375,A0067,2,,HIGH,Bi-directional money flow detected
4695,Circular Transfer,A0443,A0427,2,,HIGH,Bi-directional money flow detected
4696,Circular Transfer,A0121,A0296,2,,HIGH,Bi-directional money flow detected
4697,Circular Transfer,A0209,A0314,2,,HIGH,Bi-directional money flow detected
4698,Circular Transfer,A0010,A0414,2,,HIGH,Bi-directional money flow detected
4699,Circular Transfer,A0450,A0359,2,,HIGH,Bi-directional money flow detected
4700,Circular Transfer,A0037,A0099,2,,HIGH,Bi-directional money flow detected
4701,Circular Transfer,A0059,A0471,2,,HIGH,Bi-directional money flow detected
4702,Circular Transfer,A0363,A0116,2,,HIGH,Bi-directional money flow detected
4703,Circular Transfer,A0352,A0027,2,,HIGH,Bi-directional money flow detected
4704,Circular Transfer,A0094,A0260,2,,HIGH,Bi-directional money flow detected
4705,Circular Transfer,A0066,A0477,2,,HIGH,Bi-directional money flow detected
4706,Circular Transfer,A0383,A0500,2,,HIGH,Bi-directional money flow detected
4707,Circular Transfer,A0039,A0054,2,,HIGH,Bi-directional money flow detected
4708,Circular Transfer,A0351,A0453,2,,HIGH,Bi-directional money flow detected
4709,Circular Transfer,A0480,A0351,2,,HIGH,Bi-directional money flow detected
4710,Circular Transfer,A0440,A0153,2,,HIGH,Bi-directional money flow detected
4711,Circular Transfer,A0191,A0172,2,,HIGH,Bi-directional money flow detected
4712,Circular Transfer,A0030,A0426,2,,HIGH,Bi-directional money flow detected
4713,Circular Transfer,A0190,A0002,2,,HIGH,Bi-directional money flow detected
4714,Circular Transfer,A0179,A0276,2,,HIGH,Bi-directional money flow detected
4715,Circular Transfer,A0249,A0361,2,,HIGH,Bi-directional money flow detected
4716,Circular Transfer,A0431,A0329,2,,HIGH,Bi-directional money flow detected
4717,Circular Transfer,A0355,A0250,2,,HIGH,Bi-directional money flow detected
4718,Circular Transfer,A0221,A0253,2,,HIGH,Bi-directional money flow detected
4719,Circular Transfer,A0178,A0335,2,,HIGH,Bi-directional money flow detected
4720,Circular Transfer,A0387,A0470,2,,HIGH,Bi-directional money flow detected
4721,Circular Transfer,A0305,A0467,2,,HIGH,Bi-directional money flow detected
4722,Circular Transfer,A0187,A0357,2,,HIGH,Bi-directional money flow detected
4723,Circular Transfer,A0044,A0141,2,,HIGH,Bi-directional money flow detected
4724,Circular Transfer,A0318,A0066,2,,HIGH,Bi-directional money flow detected
4725,Circular Transfer,A0245,A0437,2,,HIGH,Bi-directional money flow detected
4726,Circular Transfer,A0048,A0271,2,,HIGH,Bi-directional money flow detected
4727,Circular Transfer,A0070,A0115,2,,HIGH,Bi-directional money flow detected
4728,Circular Transfer,A0116,A0468,2,,HIGH,Bi-directional money flow detected
4729,Circular Transfer,A0015,A0482,2,,HIGH,Bi-directional money flow detected
4730,Circular Transfer,A0192,A0030,2,,HIGH,Bi-directional money flow detected
4731,Circular Transfer,A0362,A0037,2,,HIGH,Bi-directional money flow detected
4732,Circular Transfer,A0133,A0410,2,,HIGH,Bi-directional money flow detected
4733,Circular Transfer,A0257,A0455,2,,HIGH,Bi-directional money flow detected
4734,Circular Transfer,A0092,A0173,2,,HIGH,Bi-directional money flow detected
4735,Circular Transfer,A0290,A0450,2,,HIGH,Bi-directional money flow detected
4736,Circular Transfer,A0097,A0392,2,,HIGH,Bi-directional money flow detected
4737,Circular Transfer,A0275,A0266,2,,HIGH,Bi-directional money flow detected
4738,Circular Transfer,A0168,A0122,2,,HIGH,Bi-directional money flow detected
4739,Circular Transfer,A0286,A0058,2,,HIGH,Bi-directional money flow detected
4740,Circular Transfer,A0156,A0238,2,,HIGH,Bi-directional money flow detected
4741,Circular Transfer,A0320,A0129,2,,HIGH,Bi-directional money flow detected
4742,Circular Transfer,A0436,A0481,2,,HIGH,Bi-directional money flow detected
4743,Circular Transfer,A0019,A0084,2,,HIGH,Bi-directional money flow detected
4744,Circular Transfer,A0236,A0276,2,,HIGH,Bi-directional money flow detected
4745,Circular Transfer,A0484,A0329,2,,HIGH,Bi-directional money flow detected
4746,Circular Transfer,A0339,A0500,2,,HIGH,Bi-directional money flow detected
4747,Circular Transfer,A0201,A0140,2,,HIGH,Bi-directional money flow detected
4748,Circular Transfer,A0173,A0245,2,,HIGH,Bi-directional money flow detected
4749,Circular Transfer,A0116,A0368,2,,HIGH,Bi-directional money flow detected
4750,Circular Transfer,A0466,A0081,2,,HIGH,Bi-directional money flow detected
4751,Circular Transfer,A0310,A0194,2,,HIGH,Bi-directional money flow detected
4752,Circular Transfer,A0382,A0347,2,,HIGH,Bi-directional money flow detected
4753,Circular Transfer,A0473,A0439,2,,HIGH,Bi-directional money flow detected
4754,Circular Transfer,A0043,A0152,2,,HIGH,Bi-directional money flow detected
4755,Circular Transfer,A0219,A0237,2,,HIGH,Bi-directional money flow detected
4756,Circular Transfer,A0014,A0097,2,,HIGH,Bi-directional money flow detected
4757,Circular Transfer,A0078,A0178,2,,HIGH,Bi-directional money flow detected
4758,Circular Transfer,A0095,A0346,2,,HIGH,Bi-directional money flow detected
4759,Circular Transfer,A0042,A0163,2,,HIGH,Bi-directional money flow detected
4760,Circular Transfer,A0085,A0229,2,,HIGH,Bi-directional money flow detected
4761,Circular Transfer,A0267,A0167,2,,HIGH,Bi-directional money flow detected
4762,Circular Transfer,A0154,A0418,2,,HIGH,Bi-directional money flow detected
4763,Circular Transfer,A0474,A0308,2,,HIGH,Bi-directional money flow detected
4764,Circular Transfer,A0168,A0481,2,,HIGH,Bi-directional money flow detected
4765,Circular Transfer,A0340,A0185,2,,HIGH,Bi-directional money flow detected
4766,Circular Transfer,A0108,A0341,2,,HIGH,Bi-directional money flow detected
4767,Circular Transfer,A0058,A0198,2,,HIGH,Bi-directional money flow detected
4768,Circular Transfer,A0267,A0464,2,,HIGH,Bi-directional money flow detected
4769,Circular Transfer,A0097,A0445,2,,HIGH,Bi-directional money flow detected
4770,Circular Transfer,A0171,A0473,2,,HIGH,Bi-directional money flow detected
4771,Circular Transfer,A0118,A0170,2,,HIGH,Bi-directional money flow detected
4772,Circular Transfer,A0028,A0306,2,,HIGH,Bi-directional money flow detected
4773,Circular Transfer,A0334,A0470,2,,HIGH,Bi-directional money flow detected
4774,Circular Transfer,A0134,A0271,2,,HIGH,Bi-directional money flow detected
4775,Circular Transfer,A0411,A0008,2,,HIGH,Bi-directional money flow detected
4776,Circular Transfer,A0065,A0404,2,,HIGH,Bi-directional money flow detected
4777,Circular Transfer,A0374,A0401,2,,HIGH,Bi-directional money flow detected
4778,Circular Transfer,A0082,A0136,2,,HIGH,Bi-directional money flow detected
4779,Circular Transfer,A0293,A0268,2,,HIGH,Bi-directional money flow detected
4780,Circular Transfer,A0055,A0409,2,,HIGH,Bi-directional money flow detected
4781,Circular Transfer,A0319,A0277,2,,HIGH,Bi-directional money flow detected
4782,Circular Transfer,A0354,A0110,2,,HIGH,Bi-directional money flow detected
4783,Circular Transfer,A0184,A0220,2,,HIGH,Bi-directional money flow detected
4784,Circular Transfer,A0278,A0467,2,,HIGH,Bi-directional money flow detected
4785,Circular Transfer,A0484,A0197,2,,HIGH,Bi-directional money flow detected
4786,Circular Transfer,A0188,A0071,2,,HIGH,Bi-directional money flow detected
4787,Circular Transfer,A0341,A0229,2,,HIGH,Bi-directional money flow detected
4788,Circular Transfer,A0261,A0431,2,,HIGH,Bi-directional money flow detected
4789,Circular Transfer,A0247,A0062,2,,HIGH,Bi-directional money flow detected
4790,Circular Transfer,A0170,A0012,2,,HIGH,Bi-directional money flow detected
4791,Circular Transfer,A0344,A0475,2,,HIGH,Bi-directional money flow detected
4792,Circular Transfer,A0249,A0373,2,,HIGH,Bi-directional money flow detected
4793,Circular Transfer,A0042,A0490,2,,HIGH,Bi-directional money flow detected
4794,Circular Transfer,A0207,A0228,2,,HIGH,Bi-directional money flow detected
4795,Circular Transfer,A0378,A0464,2,,HIGH,Bi-directional money flow detected
4796,Circular Transfer,A0079,A0143,2,,HIGH,Bi-directional money flow detected
4797,Circular Transfer,A0106,A0192,2,,HIGH,Bi-directional money flow detected
4798,Circular Transfer,A0227,A0070,2,,HIGH,Bi-directional money flow detected
4799,Circular Transfer,A0225,A0489,2,,HIGH,Bi-directional money flow detected
4800,Circular Transfer,A0042,A0238,2,,HIGH,Bi-directional money flow detected
4801,Circular Transfer,A0023,A0458,2,,HIGH,Bi-directional money flow detected
4802,Circular Transfer,A0214,A0032,2,,HIGH,Bi-directional money flow detected
4803,Circular Transfer,A0050,A0326,2,,HIGH,Bi-directional money flow detected
4804,Circular Transfer,A0104,A0300,2,,HIGH,Bi-directional money flow detected
4805,Circular Transfer,A0192,A0089,2,,HIGH,Bi-directional money flow detected
4806,Circular Transfer,A0160,A0266,2,,HIGH,Bi-directional money flow detected
4807,Circular Transfer,A0484,A0429,2,,HIGH,Bi-directional money flow detected
4808,Circular Transfer,A0085,A0240,2,,HIGH,Bi-directional money flow detected
4809,Circular Transfer,A0415,A0085,2,,HIGH,Bi-directional money flow detected
4810,Circular Transfer,A0247,A0410,2,,HIGH,Bi-directional money flow detected
4811,Circular Transfer,A0378,A0425,2,,HIGH,Bi-directional money flow detected
4812,Circular Transfer,A0283,A0396,2,,HIGH,Bi-directional money flow detected
4813,Circular Transfer,A0245,A0105,2,,HIGH,Bi-directional money flow detected
4814,Circular Transfer,A0273,A0010,2,,HIGH,Bi-directional money flow detected
4815,Circular Transfer,A0231,A0267,2,,HIGH,Bi-directional money flow detected
4816,Circular Transfer,A0180,A0287,2,,HIGH,Bi-directional money flow detected
4817,Circular Transfer,A0167,A0166,2,,HIGH,Bi-directional money flow detected
4818,Circular Transfer,A0115,A0130,2,,HIGH,Bi-directional money flow detected
4819,Circular Transfer,A0098,A0448,2,,HIGH,Bi-directional money flow detected
4820,Circular Transfer,A0477,A0001,2,,HIGH,Bi-directional money flow detected
4821,Circular Transfer,A0428,A0319,2,,HIGH,Bi-directional money flow detected
4822,Circular Transfer,A0214,A0477,2,,HIGH,Bi-directional money flow detected
4823,Circular Transfer,A0047,A0409,2,,HIGH,Bi-directional money flow detected
4824,Circular Transfer,A0123,A0210,2,,HIGH,Bi-directional money flow detected
4825,Circular Transfer,A0422,A0191,2,,HIGH,Bi-directional money flow detected
4826,Circular Transfer,A0369,A0287,2,,HIGH,Bi-directional money flow detected
4827,Circular Transfer,A0045,A0208,2,,HIGH,Bi-directional money flow detected
4828,Circular Transfer,A0375,A0019,2,,HIGH,Bi-directional money flow detected
4829,Circular Transfer,A0040,A0472,2,,HIGH,Bi-directional money flow detected
4830,Circular Transfer,A0257,A0018,2,,HIGH,Bi-directional money flow detected
4831,Circular Transfer,A0257,A0129,2,,HIGH,Bi-directional money flow detected
4832,Circular Transfer,A0309,A0055,2,,HIGH,Bi-directional money flow detected
4833,Circular Transfer,A0196,A0272,2,,HIGH,Bi-directional money flow detected
4834,Circular Transfer,A0303,A0154,2,,HIGH,Bi-directional money flow detected
4835,Circular Transfer,A0041,A0388,2,,HIGH,Bi-directional money flow detected
4836,Circular Transfer,A0126,A0192,2,,HIGH,Bi-directional money flow detected
4837,Circular Transfer,A0013,A0035,2,,HIGH,Bi-directional money flow detected
4838,Circular Transfer,A0156,A0367,2,,HIGH,Bi-directional money flow detected
4839,Circular Transfer,A0130,A0236,2,,HIGH,Bi-directional money flow detected
4840,Circular Transfer,A0416,A0484,2,,HIGH,Bi-directional money flow detected
4841,Circular Transfer,A0384,A0269,2,,HIGH,Bi-directional money flow detected
4842,Circular Transfer,A0245,A0119,2,,HIGH,Bi-directional money flow detected
4843,Circular Transfer,A0184,A0314,2,,HIGH,Bi-directional money flow detected
4844,Circular Transfer,A0115,A0486,2,,HIGH,Bi-directional money flow detected
4845,Circular Transfer,A0107,A0416,2,,HIGH,Bi-directional money flow detected
4846,Circular Transfer,A0454,A0448,2,,HIGH,Bi-directional money flow detected
4847,Circular Transfer,A0057,A0459,2,,HIGH,Bi-directional money flow detected
4848,Circular Transfer,A0022,A0481,2,,HIGH,Bi-directional money flow detected
4849,Circular Transfer,A0227,A0123,2,,HIGH,Bi-directional money flow detected
4850,Circular Transfer,A0011,A0185,2,,HIGH,Bi-directional money flow detected
4851,Circular Transfer,A0058,A0090,2,,HIGH,Bi-directional money flow detected
4852,Circular Transfer,A0251,A0145,2,,HIGH,Bi-directional money flow detected
4853,Circular Transfer,A0319,A0476,2,,HIGH,Bi-directional money flow detected
4854,Circular Transfer,A0448,A0332,2,,HIGH,Bi-directional money flow detected
4855,Circular Transfer,A0181,A0188,2,,HIGH,Bi-directional money flow detected
4856,Circular Transfer,A0367,A0275,2,,HIGH,Bi-directional money flow detected
4857,Circular Transfer,A0278,A0447,2,,HIGH,Bi-directional money flow detected
4858,Circular Transfer,A0179,A0288,2,,HIGH,Bi-directional money flow detected
4859,Circular Transfer,A0203,A0161,2,,HIGH,Bi-directional money flow detected
4860,Circular Transfer,A0317,A0275,2,,HIGH,Bi-directional money flow detected
4861,Circular Transfer,A0125,A0326,2,,HIGH,Bi-directional money flow detected
4862,Circular Transfer,A0094,A0180,2,,HIGH,Bi-directional money flow detected
4863,Circular Transfer,A0439,A0107,2,,HIGH,Bi-directional money flow detected
4864,Circular Transfer,A0205,A0451,2,,HIGH,Bi-directional money flow detected
4865,Circular Transfer,A0451,A0292,2,,HIGH,Bi-directional money flow detected
4866,Circular Transfer,A0305,A0309,2,,HIGH,Bi-directional money flow detected
4867,Circular Transfer,A0235,A0294,2,,HIGH,Bi-directional money flow detected
4868,Circular Transfer,A0468,A0490,2,,HIGH,Bi-directional money flow detected
4869,Circular Transfer,A0295,A0137,2,,HIGH,Bi-directional money flow detected
4870,Circular Transfer,A0298,A0487,2,,HIGH,Bi-directional money flow detected
4871,Circular Transfer,A0050,A0106,2,,HIGH,Bi-directional money flow detected
4872,Circular Transfer,A0135,A0198,2,,HIGH,Bi-directional money flow detected
4873,Circular Transfer,A0494,A0291,2,,HIGH,Bi-directional money flow detected
4874,Circular Transfer,A0402,A0378,2,,HIGH,Bi-directional money flow detected
4875,Circular Transfer,A0279,A0278,2,,HIGH,Bi-directional money flow detected
4876,Circular Transfer,A0308,A0073,2,,HIGH,Bi-directional money flow detected
4877,Circular Transfer,A0044,A0492,2,,HIGH,Bi-directional money flow detected
4878,Circular Transfer,A0363,A0184,2,,HIGH,Bi-directional money flow detected
4879,Circular Transfer,A0479,A0495,2,,HIGH,Bi-directional money flow detected
4880,Circular Transfer,A0434,A0160,2,,HIGH,Bi-directional money flow detected
4881,Circular Transfer,A0181,A0426,2,,HIGH,Bi-directional money flow detected
4882,Circular Transfer,A0279,A0058,2,,HIGH,Bi-directional money flow detected
4883,Circular Transfer,A0281,A0484,2,,HIGH,Bi-directional money flow detected
4884,Circular Transfer,A0105,A0415,2,,HIGH,Bi-directional money flow detected
4885,Circular Transfer,A0463,A0452,2,,HIGH,Bi-directional money flow detected
4886,Circular Transfer,A0262,A0373,2,,HIGH,Bi-directional money flow detected
4887,Circular Transfer,A0183,A0191,2,,HIGH,Bi-directional money flow detected
4888,Circular Transfer,A0269,A0316,2,,HIGH,Bi-directional money flow detected
4889,Circular Transfer,A0460,A0099,2,,HIGH,Bi-directional money flow detected
4890,Circular Transfer,A0279,A0019,2,,HIGH,Bi-directional money flow detected
4891,Circular Transfer,A0019,A0239,2,,HIGH,Bi-directional money flow detected
4892,Circular Transfer,A0170,A0475,2,,HIGH,Bi-directional money flow detected
4893,Circular Transfer,A0175,A0296,2,,HIGH,Bi-directional money flow detected
4894,Circular Transfer,A0276,A0045,2,,HIGH,Bi-directional money flow detected
4895,Circular Transfer,A0373,A0178,2,,HIGH,Bi-directional money flow detected
4896,Circular Transfer,A0457,A0195,2,,HIGH,Bi-directional money flow detected
4897,Circular Transfer,A0349,A0205,2,,HIGH,Bi-directional money flow detected
4898,Circular Transfer,A0211,A0035,2,,HIGH,Bi-directional money flow detected
4899,Circular Transfer,A0135,A0375,2,,HIGH,Bi-directional money flow detected
4900,Circular Transfer,A0315,A0291,2,,HIGH,Bi-directional money flow detected
4901,Circular Transfer,A0192,A0128,2,,HIGH,Bi-directional money flow detected
4902,Circular Transfer,A0373,A0088,2,,HIGH,Bi-directional money flow detected
4903,Circular Transfer,A0142,A0491,2,,HIGH,Bi-directional money flow detected
4904,Circular Transfer,A0488,A0323,2,,HIGH,Bi-directional money flow detected
4905,Circular Transfer,A0208,A0318,2,,HIGH,Bi-directional money flow detected
4906,Circular Transfer,A0409,A0040,2,,HIGH,Bi-directional money flow detected
4907,Circular Transfer,A0263,A0450,2,,HIGH,Bi-directional money flow detected
4908,Circular Transfer,A0437,A0449,2,,HIGH,Bi-directional money flow detected
4909,Circular Transfer,A0464,A0269,2,,HIGH,Bi-directional money flow detected
4910,Circular Transfer,A0044,A0291,2,,HIGH,Bi-directional money flow detected
4911,Circular Transfer,A0455,A0463,2,,HIGH,Bi-directional money flow detected
4912,Circular Transfer,A0094,A0226,2,,HIGH,Bi-directional money flow detected
4913,Circular Transfer,A0156,A0398,2,,HIGH,Bi-directional money flow detected
4914,Circular Transfer,A0130,A0482,2,,HIGH,Bi-directional money flow detected
4915,Circular Transfer,A0455,A0342,2,,HIGH,Bi-directional money flow detected
4916,Circular Transfer,A0140,A0251,2,,HIGH,Bi-directional money flow detected
4917,Circular Transfer,A0462,A0424,2,,HIGH,Bi-directional money flow detected
4918,Circular Transfer,A0063,A0002,2,,HIGH,Bi-directional money flow detected
4919,Circular Transfer,A0470,A0435,2,,HIGH,Bi-directional money flow detected
4920,Circular Transfer,A0490,A0022,2,,HIGH,Bi-directional money flow detected
4921,Circular Transfer,A0140,A0300,2,,HIGH,Bi-directional money flow detected
4922,Circular Transfer,A0319,A0094,2,,HIGH,Bi-directional money flow detected
4923,Circular Transfer,A0067,A0161,2,,HIGH,Bi-directional money flow detected
4924,Circular Transfer,A0409,A0079,2,,HIGH,Bi-directional money flow detected
4925,Circular Transfer,A0389,A0151,2,,HIGH,Bi-directional money flow detected
4926,Circular Transfer,A0193,A0101,2,,HIGH,Bi-directional money flow detected
4927,Circular Transfer,A0409,A0156,2,,HIGH,Bi-directional money flow detected
4928,Circular Transfer,A0404,A0117,2,,HIGH,Bi-directional money flow detected
4929,Circular Transfer,A0347,A0178,2,,HIGH,Bi-directional money flow detected
4930,Circular Transfer,A0097,A0211,2,,HIGH,Bi-directional money flow detected
4931,Circular Transfer,A0407,A0015,2,,HIGH,Bi-directional money flow detected
4932,Circular Transfer,A0409,A0462,2,,HIGH,Bi-directional money flow detected
4933,Circular Transfer,A0249,A0238,2,,HIGH,Bi-directional money flow detected
4934,Circular Transfer,A0335,A0204,2,,HIGH,Bi-directional money flow detected
4935,Circular Transfer,A0203,A0130,2,,HIGH,Bi-directional money flow detected
4936,Circular Transfer,A0340,A0045,2,,HIGH,Bi-directional money flow detected
4937,Circular Transfer,A0184,A0253,2,,HIGH,Bi-directional money flow detected
4938,Circular Transfer,A0290,A0412,2,,HIGH,Bi-directional money flow detected
4939,Circular Transfer,A0480,A0468,2,,HIGH,Bi-directional money flow detected
4940,Circular Transfer,A0443,A0080,2,,HIGH,Bi-directional money flow detected
4941,Circular Transfer,A0497,A0003,2,,HIGH,Bi-directional money flow detected
4942,Circular Transfer,A0161,A0485,2,,HIGH,Bi-directional money flow detected
4943,Circular Transfer,A0385,A0142,2,,HIGH,Bi-directional money flow detected
4944,Circular Transfer,A0357,A0072,2,,HIGH,Bi-directional money flow detected
4945,Circular Transfer,A0324,A0302,2,,HIGH,Bi-directional money flow detected
4946,Circular Transfer,A0348,A0120,2,,HIGH,Bi-directional money flow detected
4947,Circular Transfer,A0023,A0309,2,,HIGH,Bi-directional money flow detected
4948,Circular Transfer,A0319,A0183,2,,HIGH,Bi-directional money flow detected
4949,Circular Transfer,A0425,A0464,2,,HIGH,Bi-directional money flow detected
4950,Circular Transfer,A0107,A0027,2,,HIGH,Bi-directional money flow detected
4951,Circular Transfer,A0465,A0058,2,,HIGH,Bi-directional money flow detected
4952,Circular Transfer,A0408,A0099,2,,HIGH,Bi-directional money flow detected
4953,Circular Transfer,A0421,A0071,2,,HIGH,Bi-directional money flow detected
4954,Circular Transfer,A0119,A0426,2,,HIGH,Bi-directional money flow detected
4955,Circular Transfer,A0269,A0212,2,,HIGH,Bi-directional money flow detected
4956,Circular Transfer,A0315,A0240,2,,HIGH,Bi-directional money flow detected
4957,Circular Transfer,A0354,A0323,2,,HIGH,Bi-directional money flow detected
4958,Circular Transfer,A0305,A0421,2,,HIGH,Bi-directional money flow detected
4959,Circular Transfer,A0424,A0078,2,,HIGH,Bi-directional money flow detected
4960,Circular Transfer,A0448,A0283,2,,HIGH,Bi-directional money flow detected
4961,Circular Transfer,A0269,A0319,2,,HIGH,Bi-directional money flow detected
4962,Circular Transfer,A0122,A0011,2,,HIGH,Bi-directional money flow detected
4963,Circular Transfer,A0075,A0104,2,,HIGH,Bi-directional money flow detected
4964,Circular Transfer,A0093,A0286,2,,HIGH,Bi-directional money flow detected
4965,Circular Transfer,A0292,A0079,2,,HIGH,Bi-directional money flow detected
4966,Circular Transfer,A0197,A0015,2,,HIGH,Bi-directional money flow detected
4967,Circular Transfer,A0041,A0423,2,,HIGH,Bi-directional money flow detected
4968,Circular Transfer,A0438,A0236,2,,HIGH,Bi-directional money flow detected
4969,Circular Transfer,A0073,A0104,2,,HIGH,Bi-directional money flow detected
4970,Circular Transfer,A0078,A0492,2,,HIGH,Bi-directional money flow detected
4971,Circular Transfer,A0258,A0447,2,,HIGH,Bi-directional money flow detected
4972,Circular Transfer,A0269,A0440,2,,HIGH,Bi-directional money flow detected
4973,Circular Transfer,A0312,A0391,2,,HIGH,Bi-directional money flow detected
4974,Circular Transfer,A0405,A0065,2,,HIGH,Bi-directional money flow detected
4975,Circular Transfer,A0316,A0431,2,,HIGH,Bi-directional money flow detected
4976,Circular Transfer,A0500,A0475,2,,HIGH,Bi-directional money flow detected
4977,Circular Transfer,A0113,A0234,2,,HIGH,Bi-directional money flow detected
4978,Circular Transfer,A0127,A0343,2,,HIGH,Bi-directional money flow detected
4979,Circular Transfer,A0177,A0023,2,,HIGH,Bi-directional money flow detected
4980,Circular Transfer,A0331,A0119,2,,HIGH,Bi-directional money flow detected
4981,Circular Transfer,A0045,A0162,2,,HIGH,Bi-directional money flow detected
4982,Circular Transfer,A0154,A0295,2,,HIGH,Bi-directional money flow detected
4983,Circular Transfer,A0024,A0078,2,,HIGH,Bi-directional money flow detected
4984,Circular Transfer,A0205,A0101,2,,HIGH,Bi-directional money flow detected
4985,Circular Transfer,A0406,A0227,2,,HIGH,Bi-directional money flow detected
4986,Circular Transfer,A0349,A0020,2,,HIGH,Bi-directional money flow detected
4987,Circular Transfer,A0424,A0249,2,,HIGH,Bi-directional money flow detected
4988,Circular Transfer,A0211,A0445,2,,HIGH,Bi-directional money flow detected
4989,Circular Transfer,A0413,A0183,2,,HIGH,Bi-directional money flow detected
4990,Circular Transfer,A0429,A0309,2,,HIGH,Bi-directional money flow detected
4991,Circular Transfer,A0426,A0470,2,,HIGH,Bi-directional money flow detected
4992,Circular Transfer,A0400,A0282,2,,HIGH,Bi-directional money flow detected
4993,Circular Transfer,A0025,A0377,2,,HIGH,Bi-directional money flow detected
4994,Circular Transfer,A0375,A0350,2,,HIGH,Bi-directional money flow detected
4995,Circular Transfer,A0203,A0199,2,,HIGH,Bi-directional money flow detected
4996,Circular Transfer,A0180,A0049,2,,HIGH,Bi-directional money flow detected
4997,Circular Transfer,A0255,A0351,2,,HIGH,Bi-directional money flow detected
4998,Circular Transfer,A0252,A0127,2,,HIGH,Bi-directional money flow detected
4999,Circular Transfer,A0039,A0380,2,,HIGH,Bi-directional money flow detected
5000,Circular Transfer,A0036,A0014,2,,HIGH,Bi-directional money flow detected
5001,Circular Transfer,A0379,A0110,2,,HIGH,Bi-directional money flow detected
5002,Circular Transfer,A0307,A0263,2,,HIGH,Bi-directional money flow detected
5003,Circular Transfer,A0294,A0387,2,,HIGH,Bi-directional money flow detected
5004,Circular Transfer,A0198,A0085,2,,HIGH,Bi-directional money flow detected
5005,Circular Transfer,A0192,A0336,2,,HIGH,Bi-directional money flow detected
5006,Circular Transfer,A0061,A0340,2,,HIGH,Bi-directional money flow detected
5007,Circular Transfer,A0138,A0145,2,,HIGH,Bi-directional money flow detected
5008,Circular Transfer,A0158,A0063,2,,HIGH,Bi-directional money flow detected
5009,Circular Transfer,A0262,A0024,2,,HIGH,Bi-directional money flow detected
5010,Circular Transfer,A0373,A0424,2,,HIGH,Bi-directional money flow detected
5011,Circular Transfer,A0295,A0236,2,,HIGH,Bi-directional money flow detected
